Month,Region,Channel,Category,Product,UnitsSold,UnitPrice,Revenue,Cost,Profit,StockoutFlag
2024-01,Lagos,Supermarket,Beverages,Cola 50cl,52,269.73169683940733,14026.05,9680.32,4345.73,0
2024-01,Lagos,Open Market/Kiosk,Beverages,Cola 50cl,55,186.68090197068676,10267.45,7102.8,3164.65,0
2024-01,Lagos,Convenience Store,Beverages,Cola 50cl,30,307.0351922786027,9211.06,6366.06,2845.0,0
2024-01,Lagos,Online,Beverages,Cola 50cl,21,238.03049874792026,4998.64,3193.22,1805.42,0
2024-01,Lagos,Supermarket,Beverages,Malt Drink 33cl,45,186.9708911051054,8413.69,5802.8,2610.89,1
2024-01,Lagos,Open Market/Kiosk,Beverages,Malt Drink 33cl,29,215.06606615265287,6236.92,4004.98,2231.94,0
2024-01,Lagos,Convenience Store,Beverages,Malt Drink 33cl,21,347.3773873201035,7294.93,5150.43,2144.5,0
2024-01,Lagos,Online,Beverages,Malt Drink 33cl,23,173.17381190502596,3983.0,2575.6,1407.4,0
2024-01,Lagos,Supermarket,Beverages,Bottled Water 75cl,66,244.44298503238986,16133.24,11545.67,4587.57,0
2024-01,Lagos,Open Market/Kiosk,Beverages,Bottled Water 75cl,41,171.57828539866088,7034.71,5178.5,1856.21,0
2024-01,Lagos,Convenience Store,Beverages,Bottled Water 75cl,27,165.3959819657586,4465.69,3103.7,1361.99,0
2024-01,Lagos,Online,Beverages,Bottled Water 75cl,31,257.86844838313016,7993.92,5069.67,2924.25,0
2024-01,Lagos,Supermarket,Snacks,Biscuit Pack,35,382.87291117375577,13400.55,8771.26,4629.29,1
2024-01,Lagos,Open Market/Kiosk,Snacks,Biscuit Pack,83,185.4521483132403,15392.53,9354.38,6038.15,0
2024-01,Lagos,Convenience Store,Snacks,Biscuit Pack,34,395.6951362331802,13453.63,8551.74,4901.89,0
2024-01,Lagos,Online,Snacks,Biscuit Pack,22,127.0869310163225,2795.91,1694.65,1101.26,0
2024-01,Lagos,Supermarket,Snacks,Chips 45g,53,293.55183712283497,15558.25,11521.03,4037.22,0
2024-01,Lagos,Open Market/Kiosk,Snacks,Chips 45g,65,177.38248831454666,11529.86,7833.94,3695.92,0
2024-01,Lagos,Convenience Store,Snacks,Chips 45g,32,201.7089373146102,6454.69,4731.69,1723.0,0
2024-01,Lagos,Online,Snacks,Chips 45g,18,281.928717897877,5074.72,3048.68,2026.04,0
2024-01,Lagos,Supermarket,Snacks,Chocolate Bar,54,313.65376640426075,16937.3,11812.83,5124.47,0
2024-01,Lagos,Open Market/Kiosk,Snacks,Chocolate Bar,47,179.56071030451764,8439.35,6192.85,2246.5,0
2024-01,Lagos,Convenience Store,Snacks,Chocolate Bar,43,158.57289633941335,6818.63,4751.36,2067.27,0
2024-01,Lagos,Online,Snacks,Chocolate Bar,20,228.4552444951943,4569.1,2943.26,1625.84,0
2024-01,Lagos,Supermarket,Personal Care,Soap Bar,46,926.4268170074757,42615.63,29500.72,13114.91,1
2024-01,Lagos,Open Market/Kiosk,Personal Care,Soap Bar,54,932.2356755883983,50340.73,36316.01,14024.72,0
2024-01,Lagos,Convenience Store,Personal Care,Soap Bar,41,1016.2134024924909,41664.75,27346.14,14318.61,0
2024-01,Lagos,Online,Personal Care,Soap Bar,22,831.7499345121097,18298.5,13236.95,5061.55,0
2024-01,Lagos,Supermarket,Personal Care,Toothpaste 100g,43,376.8127184943912,16202.95,11035.75,5167.2,0
2024-01,Lagos,Open Market/Kiosk,Personal Care,Toothpaste 100g,67,370.61074320803937,24830.92,18012.28,6818.64,0
2024-01,Lagos,Convenience Store,Personal Care,Toothpaste 100g,26,943.1363304300561,24521.54,18225.14,6296.4,0
2024-01,Lagos,Online,Personal Care,Toothpaste 100g,21,982.0614994179322,20623.29,12516.28,8107.01,0
2024-01,Lagos,Supermarket,Personal Care,Shampoo 200ml,57,726.1245937025092,41389.1,27307.52,14081.58,0
2024-01,Lagos,Open Market/Kiosk,Personal Care,Shampoo 200ml,56,1070.84085706949,59967.09,36615.02,23352.07,0
2024-01,Lagos,Convenience Store,Personal Care,Shampoo 200ml,44,791.0551103843414,34806.42,25902.19,8904.23,0
2024-01,Lagos,Online,Personal Care,Shampoo 200ml,13,914.7060960747211,11891.18,8641.69,3249.49,0
2024-01,Lagos,Supermarket,Household,Detergent 1kg,43,1208.5781481842744,51968.86,33379.87,18588.99,0
2024-01,Lagos,Open Market/Kiosk,Household,Detergent 1kg,48,1225.958174570647,58845.99,36217.86,22628.13,0
2024-01,Lagos,Convenience Store,Household,Detergent 1kg,31,1395.92017406119,43273.53,28036.79,15236.74,1
2024-01,Lagos,Online,Household,Detergent 1kg,32,1139.7703016847422,36472.65,26214.24,10258.41,0
2024-01,Lagos,Supermarket,Household,Bleach 500ml,25,786.0065138072866,19650.16,12211.57,7438.59,0
2024-01,Lagos,Open Market/Kiosk,Household,Bleach 500ml,45,1176.866449872146,52958.99,32449.33,20509.66,1
2024-01,Lagos,Convenience Store,Household,Bleach 500ml,39,813.8855440840073,31741.54,22745.1,8996.44,0
2024-01,Lagos,Online,Household,Bleach 500ml,16,461.93360325002106,7390.94,4564.86,2826.08,0
2024-01,Lagos,Supermarket,Household,Air Freshener,69,645.9554223713978,44570.92,26823.81,17747.11,1
2024-01,Lagos,Open Market/Kiosk,Household,Air Freshener,50,899.9951712445505,44999.76,30943.96,14055.8,0
2024-01,Lagos,Convenience Store,Household,Air Freshener,26,705.119301279246,18333.1,12275.01,6058.09,0
2024-01,Lagos,Online,Household,Air Freshener,29,740.4803779149605,21473.93,15089.94,6383.99,0
2024-01,Lagos,Supermarket,Dairy,Milk 1L,71,267.1385334232138,18966.84,12451.15,6515.69,0
2024-01,Lagos,Open Market/Kiosk,Dairy,Milk 1L,77,427.7145967549591,32934.02,20038.91,12895.11,0
2024-01,Lagos,Convenience Store,Dairy,Milk 1L,41,686.605444863807,28150.82,19500.61,8650.21,0
2024-01,Lagos,Online,Dairy,Milk 1L,17,614.609681498001,10448.36,7642.95,2805.41,0
2024-01,Lagos,Supermarket,Dairy,Yogurt 200ml,43,259.45403268412326,11156.52,7280.61,3875.91,0
2024-01,Lagos,Open Market/Kiosk,Dairy,Yogurt 200ml,67,654.3563551481177,43841.88,31976.27,11865.61,1
2024-01,Lagos,Convenience Store,Dairy,Yogurt 200ml,34,406.09465220582547,13807.22,8441.45,5365.77,0
2024-01,Lagos,Online,Dairy,Yogurt 200ml,13,558.0750661708671,7254.98,5079.46,2175.52,0
2024-01,Lagos,Supermarket,Dairy,Butter 250g,32,549.5061992212718,17584.2,11094.75,6489.45,0
2024-01,Lagos,Open Market/Kiosk,Dairy,Butter 250g,41,848.5670603456786,34791.25,21193.5,13597.75,0
2024-01,Lagos,Convenience Store,Dairy,Butter 250g,33,489.7938657203521,16163.2,10819.33,5343.87,0
2024-01,Lagos,Online,Dairy,Butter 250g,16,495.2347060180047,7923.76,4778.11,3145.65,0
2024-01,Abuja,Supermarket,Beverages,Cola 50cl,25,328.105456147979,8202.64,5028.53,3174.11,0
2024-01,Abuja,Open Market/Kiosk,Beverages,Cola 50cl,46,175.51606055911276,8073.74,5275.5,2798.24,1
2024-01,Abuja,Convenience Store,Beverages,Cola 50cl,23,180.57182783686642,4153.15,2599.9,1553.25,0
2024-01,Abuja,Online,Beverages,Cola 50cl,12,346.4757233817213,4157.71,3004.2,1153.51,0
2024-01,Abuja,Supermarket,Beverages,Malt Drink 33cl,40,261.35257860278597,10454.1,6780.03,3674.07,0
2024-01,Abuja,Open Market/Kiosk,Beverages,Malt Drink 33cl,36,272.1240084883265,9796.46,6660.5,3135.96,0
2024-01,Abuja,Convenience Store,Beverages,Malt Drink 33cl,19,347.99204647798905,6611.85,4721.09,1890.76,0
2024-01,Abuja,Online,Beverages,Malt Drink 33cl,15,335.9058288495652,5038.59,3732.34,1306.25,0
2024-01,Abuja,Supermarket,Beverages,Bottled Water 75cl,28,318.3657553516544,8914.24,5568.19,3346.05,0
2024-01,Abuja,Open Market/Kiosk,Beverages,Bottled Water 75cl,46,325.44010816262164,14970.24,10021.11,4949.13,0
2024-01,Abuja,Convenience Store,Beverages,Bottled Water 75cl,27,329.9149146549137,8907.7,5500.81,3406.89,1
2024-01,Abuja,Online,Beverages,Bottled Water 75cl,15,308.8050378540592,4632.08,2884.63,1747.45,0
2024-01,Abuja,Supermarket,Snacks,Biscuit Pack,24,328.73760572220715,7889.7,4864.75,3024.95,0
2024-01,Abuja,Open Market/Kiosk,Snacks,Biscuit Pack,42,168.77541856979246,7088.57,4991.01,2097.56,0
2024-01,Abuja,Convenience Store,Snacks,Biscuit Pack,20,275.0175384298361,5500.35,3426.73,2073.62,0
2024-01,Abuja,Online,Snacks,Biscuit Pack,12,379.6354847450837,4555.63,3216.67,1338.96,0
2024-01,Abuja,Supermarket,Snacks,Chips 45g,39,380.3101044307044,14832.09,11090.34,3741.75,0
2024-01,Abuja,Open Market/Kiosk,Snacks,Chips 45g,61,116.4284916466094,7102.14,4616.57,2485.57,0
2024-01,Abuja,Convenience Store,Snacks,Chips 45g,27,321.2503744329245,8673.76,5387.52,3286.24,0
2024-01,Abuja,Online,Snacks,Chips 45g,22,274.1765050834131,6031.88,3780.21,2251.67,1
2024-01,Abuja,Supermarket,Snacks,Chocolate Bar,23,250.65850309937278,5765.15,3640.61,2124.54,0
2024-01,Abuja,Open Market/Kiosk,Snacks,Chocolate Bar,28,269.45233997878495,7544.67,5120.25,2424.42,0
2024-01,Abuja,Convenience Store,Snacks,Chocolate Bar,21,358.53568630405516,7529.25,5244.88,2284.37,0
2024-01,Abuja,Online,Snacks,Chocolate Bar,14,169.32243897642144,2370.51,1706.74,663.77,0
2024-01,Abuja,Supermarket,Personal Care,Soap Bar,32,1070.126821295657,34244.06,23978.13,10265.93,0
2024-01,Abuja,Open Market/Kiosk,Personal Care,Soap Bar,29,323.87898348643773,9392.49,6229.23,3163.26,0
2024-01,Abuja,Convenience Store,Personal Care,Soap Bar,29,541.2572767405886,15696.46,10717.65,4978.81,0
2024-01,Abuja,Online,Personal Care,Soap Bar,25,1019.8697303525837,25496.74,16325.6,9171.14,0
2024-01,Abuja,Supermarket,Personal Care,Toothpaste 100g,33,773.1211640724173,25513.0,15378.18,10134.82,0
2024-01,Abuja,Open Market/Kiosk,Personal Care,Toothpaste 100g,31,1046.7676233364814,32449.8,20136.17,12313.63,0
2024-01,Abuja,Convenience Store,Personal Care,Toothpaste 100g,37,1122.9707513324638,41549.92,28164.1,13385.82,0
2024-01,Abuja,Online,Personal Care,Toothpaste 100g,10,650.3660526377789,6503.66,4603.66,1900.0,0
2024-01,Abuja,Supermarket,Personal Care,Shampoo 200ml,45,493.44634073168106,22205.09,15305.12,6899.97,0
2024-01,Abuja,Open Market/Kiosk,Personal Care,Shampoo 200ml,42,367.62400356222787,15440.21,10858.49,4581.72,0
2024-01,Abuja,Convenience Store,Personal Care,Shampoo 200ml,29,831.2076001821783,24105.02,17779.79,6325.23,0
2024-01,Abuja,Online,Personal Care,Shampoo 200ml,20,959.0023977686051,19180.05,13499.71,5680.34,0
2024-01,Abuja,Supermarket,Household,Detergent 1kg,28,1176.1326897672573,32931.72,20651.03,12280.69,0
2024-01,Abuja,Open Market/Kiosk,Household,Detergent 1kg,67,1438.6931380247772,96392.44,70299.62,26092.82,0
2024-01,Abuja,Convenience Store,Household,Detergent 1kg,19,484.64852179213005,9208.32,5994.44,3213.88,0
2024-01,Abuja,Online,Household,Detergent 1kg,12,1374.5755230598058,16494.91,10473.34,6021.57,0
2024-01,Abuja,Supermarket,Household,Bleach 500ml,59,1497.7275215866712,88365.92,63188.55,25177.37,0
2024-01,Abuja,Open Market/Kiosk,Household,Bleach 500ml,57,863.4927025047772,49219.08,31294.31,17924.77,0
2024-01,Abuja,Convenience Store,Household,Bleach 500ml,23,1486.4946287096348,34189.38,22484.61,11704.77,0
2024-01,Abuja,Online,Household,Bleach 500ml,19,1074.7525281317785,20420.3,15288.17,5132.13,0
2024-01,Abuja,Supermarket,Household,Air Freshener,56,642.5348299771929,35981.95,25796.82,10185.13,0
2024-01,Abuja,Open Market/Kiosk,Household,Air Freshener,49,646.1993763048854,31663.77,21814.47,9849.3,0
2024-01,Abuja,Convenience Store,Household,Air Freshener,31,1120.7661787029238,34743.75,21299.59,13444.16,0
2024-01,Abuja,Online,Household,Air Freshener,19,1151.5846400255555,21880.11,15921.74,5958.37,0
2024-01,Abuja,Supermarket,Dairy,Milk 1L,47,821.1094911308527,38592.15,27771.45,10820.7,0
2024-01,Abuja,Open Market/Kiosk,Dairy,Milk 1L,56,269.01073397246347,15064.6,10904.85,4159.75,0
2024-01,Abuja,Convenience Store,Dairy,Milk 1L,21,436.5747865636933,9168.07,6349.25,2818.82,1
2024-01,Abuja,Online,Dairy,Milk 1L,20,601.8232761394717,12036.47,8960.54,3075.93,0
2024-01,Abuja,Supermarket,Dairy,Yogurt 200ml,32,710.3118576194331,22729.98,13867.62,8862.36,0
2024-01,Abuja,Open Market/Kiosk,Dairy,Yogurt 200ml,31,334.5560560849108,10371.24,7402.36,2968.88,0
2024-01,Abuja,Convenience Store,Dairy,Yogurt 200ml,32,543.4015658142891,17388.85,10860.09,6528.76,0
2024-01,Abuja,Online,Dairy,Yogurt 200ml,14,348.18762965758515,4874.63,3240.9,1633.73,1
2024-01,Abuja,Supermarket,Dairy,Butter 250g,36,399.470493829206,14380.94,9088.26,5292.68,0
2024-01,Abuja,Open Market/Kiosk,Dairy,Butter 250g,62,754.7879543146321,46796.85,33489.62,13307.23,0
2024-01,Abuja,Convenience Store,Dairy,Butter 250g,25,562.9895284831575,14074.74,8692.51,5382.23,0
2024-01,Abuja,Online,Dairy,Butter 250g,16,768.4134154141723,12294.61,7949.13,4345.48,0
2024-01,Port Harcourt,Supermarket,Beverages,Cola 50cl,36,208.33251574186065,7499.97,5040.55,2459.42,0
2024-01,Port Harcourt,Open Market/Kiosk,Beverages,Cola 50cl,36,290.49299410882077,10457.75,6412.48,4045.27,0
2024-01,Port Harcourt,Convenience Store,Beverages,Cola 50cl,12,176.54315080861207,2118.52,1324.33,794.19,0
2024-01,Port Harcourt,Online,Beverages,Cola 50cl,12,337.24244924873796,4046.91,2861.62,1185.29,0
2024-01,Port Harcourt,Supermarket,Beverages,Malt Drink 33cl,24,328.9633312121055,7895.12,5360.47,2534.65,0
2024-01,Port Harcourt,Open Market/Kiosk,Beverages,Malt Drink 33cl,26,181.90893602263768,4729.63,2966.98,1762.65,0
2024-01,Port Harcourt,Convenience Store,Beverages,Malt Drink 33cl,29,293.84035565445276,8521.37,5367.88,3153.49,0
2024-01,Port Harcourt,Online,Beverages,Malt Drink 33cl,9,242.52459134786326,2182.72,1422.89,759.83,0
2024-01,Port Harcourt,Supermarket,Beverages,Bottled Water 75cl,43,295.05153208302727,12687.22,8139.16,4548.06,0
2024-01,Port Harcourt,Open Market/Kiosk,Beverages,Bottled Water 75cl,59,276.31204401850414,16302.41,10220.84,6081.57,0
2024-01,Port Harcourt,Convenience Store,Beverages,Bottled Water 75cl,48,248.45557128960695,11925.87,7798.15,4127.72,0
2024-01,Port Harcourt,Online,Beverages,Bottled Water 75cl,16,201.6266865402255,3226.03,2404.92,821.11,0
2024-01,Port Harcourt,Supermarket,Snacks,Biscuit Pack,25,201.10095292938587,5027.52,3481.92,1545.6,0
2024-01,Port Harcourt,Open Market/Kiosk,Snacks,Biscuit Pack,24,299.1413582865415,7179.39,4938.01,2241.38,0
2024-01,Port Harcourt,Convenience Store,Snacks,Biscuit Pack,18,259.35085840030956,4668.32,3117.64,1550.68,1
2024-01,Port Harcourt,Online,Snacks,Biscuit Pack,10,395.9890368876541,3959.89,2755.56,1204.33,0
2024-01,Port Harcourt,Supermarket,Snacks,Chips 45g,35,141.89537642689388,4966.34,3130.17,1836.17,0
2024-01,Port Harcourt,Open Market/Kiosk,Snacks,Chips 45g,71,360.4426763132516,25591.43,18980.96,6610.47,0
2024-01,Port Harcourt,Convenience Store,Snacks,Chips 45g,32,109.11611790905106,3491.72,2207.99,1283.73,0
2024-01,Port Harcourt,Online,Snacks,Chips 45g,11,399.8241177312,4398.07,3213.29,1184.78,0
2024-01,Port Harcourt,Supermarket,Snacks,Chocolate Bar,45,198.1099484689716,8914.95,6415.84,2499.11,0
2024-01,Port Harcourt,Open Market/Kiosk,Snacks,Chocolate Bar,51,197.37574897008108,10066.16,6626.39,3439.77,0
2024-01,Port Harcourt,Convenience Store,Snacks,Chocolate Bar,18,281.03457801441334,5058.62,3323.35,1735.27,0
2024-01,Port Harcourt,Online,Snacks,Chocolate Bar,11,214.05868563575712,2354.65,1627.5,727.15,0
2024-01,Port Harcourt,Supermarket,Personal Care,Soap Bar,54,306.8065874803279,16567.56,10545.62,6021.94,1
2024-01,Port Harcourt,Open Market/Kiosk,Personal Care,Soap Bar,38,576.560968433658,21909.32,14168.67,7740.65,0
2024-01,Port Harcourt,Convenience Store,Personal Care,Soap Bar,27,913.0060685684846,24651.16,17412.52,7238.64,0
2024-01,Port Harcourt,Online,Personal Care,Soap Bar,21,795.2038879406356,16699.28,12402.73,4296.55,0
2024-01,Port Harcourt,Supermarket,Personal Care,Toothpaste 100g,33,1110.02081105821,36630.69,26267.09,10363.6,0
2024-01,Port Harcourt,Open Market/Kiosk,Personal Care,Toothpaste 100g,55,706.5909108635062,38862.5,27613.01,11249.49,0
2024-01,Port Harcourt,Convenience Store,Personal Care,Toothpaste 100g,16,792.027671442663,12672.44,8733.48,3938.96,0
2024-01,Port Harcourt,Online,Personal Care,Toothpaste 100g,17,1192.1303943319695,20266.22,14361.67,5904.55,0
2024-01,Port Harcourt,Supermarket,Personal Care,Shampoo 200ml,24,591.0344059039687,14184.83,8658.61,5526.22,0
2024-01,Port Harcourt,Open Market/Kiosk,Personal Care,Shampoo 200ml,24,885.7896321424747,21258.95,13817.26,7441.69,0
2024-01,Port Harcourt,Convenience Store,Personal Care,Shampoo 200ml,26,1161.862756054842,30208.43,19035.54,11172.89,0
2024-01,Port Harcourt,Online,Personal Care,Shampoo 200ml,14,1015.9049647107563,14222.67,9385.5,4837.17,0
2024-01,Port Harcourt,Supermarket,Household,Detergent 1kg,37,540.4848319987583,19997.94,14344.61,5653.33,0
2024-01,Port Harcourt,Open Market/Kiosk,Household,Detergent 1kg,28,836.6796687817118,23427.03,16166.74,7260.29,0
2024-01,Port Harcourt,Convenience Store,Household,Detergent 1kg,44,528.0030376740237,23232.13,15265.68,7966.45,0
2024-01,Port Harcourt,Online,Household,Detergent 1kg,14,780.7096991915641,10929.94,7608.83,3321.11,0
2024-01,Port Harcourt,Supermarket,Household,Bleach 500ml,49,838.5293305495444,41087.94,26917.95,14169.99,0
2024-01,Port Harcourt,Open Market/Kiosk,Household,Bleach 500ml,55,1104.9089461592268,60769.99,42109.85,18660.14,0
2024-01,Port Harcourt,Convenience Store,Household,Bleach 500ml,24,463.55861709600333,11125.41,8316.82,2808.59,0
2024-01,Port Harcourt,Online,Household,Bleach 500ml,11,960.3643409647686,10564.01,7628.22,2935.79,0
2024-01,Port Harcourt,Supermarket,Household,Air Freshener,32,894.7631137034548,28632.42,18758.93,9873.49,0
2024-01,Port Harcourt,Open Market/Kiosk,Household,Air Freshener,58,421.11150450536235,24424.47,17440.13,6984.34,0
2024-01,Port Harcourt,Convenience Store,Household,Air Freshener,19,1455.5343087531367,27655.15,17048.31,10606.84,0
2024-01,Port Harcourt,Online,Household,Air Freshener,12,1211.0927851265797,14533.11,9539.29,4993.82,0
2024-01,Port Harcourt,Supermarket,Dairy,Milk 1L,43,534.4420306360048,22981.01,14666.49,8314.52,0
2024-01,Port Harcourt,Open Market/Kiosk,Dairy,Milk 1L,45,586.9652142643827,26413.43,16443.03,9970.4,0
2024-01,Port Harcourt,Convenience Store,Dairy,Milk 1L,19,257.8705089026768,4899.54,3642.69,1256.85,0
2024-01,Port Harcourt,Online,Dairy,Milk 1L,13,313.95717231370827,4081.44,2853.11,1228.33,0
2024-01,Port Harcourt,Supermarket,Dairy,Yogurt 200ml,24,498.2607657743823,11958.26,7543.91,4414.35,0
2024-01,Port Harcourt,Open Market/Kiosk,Dairy,Yogurt 200ml,49,440.3343238556271,21576.38,16117.46,5458.92,0
2024-01,Port Harcourt,Convenience Store,Dairy,Yogurt 200ml,32,396.0001476985037,12672.0,8310.62,4361.38,0
2024-01,Port Harcourt,Online,Dairy,Yogurt 200ml,20,669.7770282258839,13395.54,8611.81,4783.73,0
2024-01,Port Harcourt,Supermarket,Dairy,Butter 250g,54,723.5189401550485,39070.02,27992.38,11077.64,0
2024-01,Port Harcourt,Open Market/Kiosk,Dairy,Butter 250g,45,721.886941490442,32484.91,23475.8,9009.11,0
2024-01,Port Harcourt,Convenience Store,Dairy,Butter 250g,30,617.2642953583604,18517.93,13024.27,5493.66,0
2024-01,Port Harcourt,Online,Dairy,Butter 250g,13,894.6764683770863,11630.79,7151.5,4479.29,0
2024-01,Kano,Supermarket,Beverages,Cola 50cl,37,296.61425920593496,10974.73,7497.21,3477.52,0
2024-01,Kano,Open Market/Kiosk,Beverages,Cola 50cl,48,190.4961120330475,9143.81,5905.44,3238.37,0
2024-01,Kano,Convenience Store,Beverages,Cola 50cl,27,268.6088668373568,7252.44,5025.49,2226.95,0
2024-01,Kano,Online,Beverages,Cola 50cl,17,246.19457797722475,4185.31,2863.17,1322.14,0
2024-01,Kano,Supermarket,Beverages,Malt Drink 33cl,29,315.0098820360124,9135.29,6556.71,2578.58,0
2024-01,Kano,Open Market/Kiosk,Beverages,Malt Drink 33cl,40,179.49050534125678,7179.62,4952.03,2227.59,0
2024-01,Kano,Convenience Store,Beverages,Malt Drink 33cl,25,307.1303236160464,7678.26,5265.6,2412.66,0
2024-01,Kano,Online,Beverages,Malt Drink 33cl,10,155.23934170641297,1552.39,1000.99,551.4,1
2024-01,Kano,Supermarket,Beverages,Bottled Water 75cl,32,318.3867133583617,10188.37,6317.01,3871.36,0
2024-01,Kano,Open Market/Kiosk,Beverages,Bottled Water 75cl,39,295.90164573047934,11540.16,8224.74,3315.42,0
2024-01,Kano,Convenience Store,Beverages,Bottled Water 75cl,23,206.43741493864002,4748.06,3042.52,1705.54,0
2024-01,Kano,Online,Beverages,Bottled Water 75cl,10,247.51423873467687,2475.14,1682.76,792.38,0
2024-01,Kano,Supermarket,Snacks,Biscuit Pack,20,389.0183302640651,7780.37,5156.98,2623.39,0
2024-01,Kano,Open Market/Kiosk,Snacks,Biscuit Pack,25,239.17974600650086,5979.49,3690.03,2289.46,0
2024-01,Kano,Convenience Store,Snacks,Biscuit Pack,23,257.0172734123099,5911.4,3606.84,2304.56,0
2024-01,Kano,Online,Snacks,Biscuit Pack,14,149.73236204898274,2096.25,1403.11,693.14,0
2024-01,Kano,Supermarket,Snacks,Chips 45g,24,341.92108516985184,8206.11,5171.53,3034.58,0
2024-01,Kano,Open Market/Kiosk,Snacks,Chips 45g,34,161.46438224521376,5489.79,3490.52,1999.27,0
2024-01,Kano,Convenience Store,Snacks,Chips 45g,22,131.64210998698917,2896.13,2074.62,821.51,1
2024-01,Kano,Online,Snacks,Chips 45g,10,273.27800976434725,2732.78,2014.78,718.0,0
2024-01,Kano,Supermarket,Snacks,Chocolate Bar,29,357.15377709962587,10357.46,6433.09,3924.37,0
2024-01,Kano,Open Market/Kiosk,Snacks,Chocolate Bar,33,232.0970255105047,7659.2,5518.76,2140.44,0
2024-01,Kano,Convenience Store,Snacks,Chocolate Bar,29,148.6700217347438,4311.43,3052.07,1259.36,0
2024-01,Kano,Online,Snacks,Chocolate Bar,8,345.7190541584968,2765.75,1854.92,910.83,0
2024-01,Kano,Supermarket,Personal Care,Soap Bar,30,456.3854338221694,13691.56,8421.62,5269.94,0
2024-01,Kano,Open Market/Kiosk,Personal Care,Soap Bar,28,858.8357107305881,24047.4,16128.42,7918.98,1
2024-01,Kano,Convenience Store,Personal Care,Soap Bar,26,362.67703334616516,9429.6,5979.09,3450.51,0
2024-01,Kano,Online,Personal Care,Soap Bar,14,491.3799387339865,6879.32,4801.59,2077.73,1
2024-01,Kano,Supermarket,Personal Care,Toothpaste 100g,44,1116.4755276352469,49124.92,30292.8,18832.12,0
2024-01,Kano,Open Market/Kiosk,Personal Care,Toothpaste 100g,36,399.6485339936841,14387.35,10229.2,4158.15,0
2024-01,Kano,Convenience Store,Personal Care,Toothpaste 100g,17,1024.4160991572949,17415.07,12347.3,5067.77,0
2024-01,Kano,Online,Personal Care,Toothpaste 100g,20,786.6286289804193,15732.57,9468.81,6263.76,0
2024-01,Kano,Supermarket,Personal Care,Shampoo 200ml,24,343.3285523805181,8239.89,5769.33,2470.56,0
2024-01,Kano,Open Market/Kiosk,Personal Care,Shampoo 200ml,34,331.203240053835,11260.91,8201.93,3058.98,0
2024-01,Kano,Convenience Store,Personal Care,Shampoo 200ml,18,1046.35811938508,18834.45,12762.54,6071.91,0
2024-01,Kano,Online,Personal Care,Shampoo 200ml,15,699.0420129412689,10485.63,7222.03,3263.6,0
2024-01,Kano,Supermarket,Household,Detergent 1kg,20,1445.584157844824,28911.68,20571.79,8339.89,0
2024-01,Kano,Open Market/Kiosk,Household,Detergent 1kg,33,554.0265073086495,18282.87,13634.08,4648.79,0
2024-01,Kano,Convenience Store,Household,Detergent 1kg,24,406.0563790764629,9745.35,6167.45,3577.9,0
2024-01,Kano,Online,Household,Detergent 1kg,12,1424.929091376098,17099.15,10482.87,6616.28,0
2024-01,Kano,Supermarket,Household,Bleach 500ml,24,1492.0985228989773,35810.36,22961.95,12848.41,0
2024-01,Kano,Open Market/Kiosk,Household,Bleach 500ml,44,1306.1694226434242,57471.45,41562.19,15909.26,0
2024-01,Kano,Convenience Store,Household,Bleach 500ml,20,525.9364018724956,10518.73,7031.09,3487.64,0
2024-01,Kano,Online,Household,Bleach 500ml,12,1435.8982827808175,17230.78,12092.57,5138.21,0
2024-01,Kano,Supermarket,Household,Air Freshener,35,1196.3703610127031,41872.96,30792.03,11080.93,0
2024-01,Kano,Open Market/Kiosk,Household,Air Freshener,26,1034.9198754080057,26907.92,16641.22,10266.7,0
2024-01,Kano,Convenience Store,Household,Air Freshener,22,1140.2632846338756,25085.79,16204.09,8881.7,0
2024-01,Kano,Online,Household,Air Freshener,16,750.7535001532527,12012.06,7876.02,4136.04,0
2024-01,Kano,Supermarket,Dairy,Milk 1L,32,474.82034947960733,15194.25,9468.59,5725.66,0
2024-01,Kano,Open Market/Kiosk,Dairy,Milk 1L,36,643.7565121442487,23175.23,15172.57,8002.66,0
2024-01,Kano,Convenience Store,Dairy,Milk 1L,24,275.34740817369254,6608.34,3995.69,2612.65,0
2024-01,Kano,Online,Dairy,Milk 1L,13,871.3472388209575,11327.51,7329.98,3997.53,0
2024-01,Kano,Supermarket,Dairy,Yogurt 200ml,42,471.2516177654287,19792.57,13482.92,6309.65,0
2024-01,Kano,Open Market/Kiosk,Dairy,Yogurt 200ml,43,376.50549385816674,16189.74,9853.84,6335.9,0
2024-01,Kano,Convenience Store,Dairy,Yogurt 200ml,24,511.1562204253108,12267.75,9189.49,3078.26,0
2024-01,Kano,Online,Dairy,Yogurt 200ml,16,602.965979572481,9647.46,6118.06,3529.4,1
2024-01,Kano,Supermarket,Dairy,Butter 250g,39,766.2369306571135,29883.24,19166.07,10717.17,0
2024-01,Kano,Open Market/Kiosk,Dairy,Butter 250g,48,493.96444014774124,23710.29,15242.58,8467.71,0
2024-01,Kano,Convenience Store,Dairy,Butter 250g,26,514.929735572981,13388.17,9694.75,3693.42,0
2024-01,Kano,Online,Dairy,Butter 250g,14,824.2520959409394,11539.53,7699.73,3839.8,0
2024-01,Ibadan,Supermarket,Beverages,Cola 50cl,22,245.36869366356342,5398.11,3481.29,1916.82,0
2024-01,Ibadan,Open Market/Kiosk,Beverages,Cola 50cl,33,341.48960380761923,11269.16,7259.51,4009.65,0
2024-01,Ibadan,Convenience Store,Beverages,Cola 50cl,27,178.57005746016773,4821.39,3504.61,1316.78,0
2024-01,Ibadan,Online,Beverages,Cola 50cl,7,231.50860620648615,1620.56,1168.81,451.75,1
2024-01,Ibadan,Supermarket,Beverages,Malt Drink 33cl,21,250.12485361408358,5252.62,3468.99,1783.63,0
2024-01,Ibadan,Open Market/Kiosk,Beverages,Malt Drink 33cl,35,335.84561072637075,11754.6,7451.29,4303.31,0
2024-01,Ibadan,Convenience Store,Beverages,Malt Drink 33cl,15,327.73181605307974,4915.98,3002.52,1913.46,0
2024-01,Ibadan,Online,Beverages,Malt Drink 33cl,13,310.791701510504,4040.29,2588.66,1451.63,0
2024-01,Ibadan,Supermarket,Beverages,Bottled Water 75cl,28,160.86640696458076,4504.26,2734.21,1770.05,0
2024-01,Ibadan,Open Market/Kiosk,Beverages,Bottled Water 75cl,46,150.76398453171663,6935.14,4535.82,2399.32,0
2024-01,Ibadan,Convenience Store,Beverages,Bottled Water 75cl,30,328.3744289621469,9851.23,6042.68,3808.55,0
2024-01,Ibadan,Online,Beverages,Bottled Water 75cl,14,290.77141832686624,4070.8,3032.37,1038.43,0
2024-01,Ibadan,Supermarket,Snacks,Biscuit Pack,35,334.5471590034807,11709.15,8705.99,3003.16,0
2024-01,Ibadan,Open Market/Kiosk,Snacks,Biscuit Pack,27,210.94397679615298,5695.49,4119.7,1575.79,0
2024-01,Ibadan,Convenience Store,Snacks,Biscuit Pack,17,164.72220375293625,2800.28,1737.55,1062.73,0
2024-01,Ibadan,Online,Snacks,Biscuit Pack,16,313.96206498478534,5023.39,3291.16,1732.23,0
2024-01,Ibadan,Supermarket,Snacks,Chips 45g,18,104.40801659648615,1879.34,1162.66,716.68,0
2024-01,Ibadan,Open Market/Kiosk,Snacks,Chips 45g,35,102.97714633835069,3604.2,2528.82,1075.38,0
2024-01,Ibadan,Convenience Store,Snacks,Chips 45g,24,137.66506442879603,3303.96,2041.95,1262.01,0
2024-01,Ibadan,Online,Snacks,Chips 45g,13,100.40608771464045,1305.28,949.02,356.26,0
2024-01,Ibadan,Supermarket,Snacks,Chocolate Bar,43,219.40158788635085,9434.27,6009.54,3424.73,0
2024-01,Ibadan,Open Market/Kiosk,Snacks,Chocolate Bar,29,382.81729572823366,11101.7,8264.27,2837.43,0
2024-01,Ibadan,Convenience Store,Snacks,Chocolate Bar,16,286.72409246979896,4587.59,3310.72,1276.87,0
2024-01,Ibadan,Online,Snacks,Chocolate Bar,10,375.2457529395971,3752.46,2649.83,1102.63,0
2024-01,Ibadan,Supermarket,Personal Care,Soap Bar,25,1162.1407089510935,29053.52,19613.76,9439.76,0
2024-01,Ibadan,Open Market/Kiosk,Personal Care,Soap Bar,28,689.5344019885224,19306.96,12874.48,6432.48,0
2024-01,Ibadan,Convenience Store,Personal Care,Soap Bar,32,1195.337364569356,38250.8,26218.28,12032.52,0
2024-01,Ibadan,Online,Personal Care,Soap Bar,9,471.0968848053549,4239.87,3144.1,1095.77,1
2024-01,Ibadan,Supermarket,Personal Care,Toothpaste 100g,33,876.5536651939987,28926.27,19807.63,9118.64,0
2024-01,Ibadan,Open Market/Kiosk,Personal Care,Toothpaste 100g,24,505.8091016432479,12139.42,7869.39,4270.03,0
2024-01,Ibadan,Convenience Store,Personal Care,Toothpaste 100g,22,896.1906105309613,19716.19,13006.29,6709.9,0
2024-01,Ibadan,Online,Personal Care,Toothpaste 100g,14,1155.8357350522936,16181.7,11620.6,4561.1,0
2024-01,Ibadan,Supermarket,Personal Care,Shampoo 200ml,33,1126.4151780078932,37171.7,23534.44,13637.26,0
2024-01,Ibadan,Open Market/Kiosk,Personal Care,Shampoo 200ml,23,823.4600636902742,18939.58,12831.66,6107.92,0
2024-01,Ibadan,Convenience Store,Personal Care,Shampoo 200ml,23,677.5031945615822,15582.57,10512.48,5070.09,0
2024-01,Ibadan,Online,Personal Care,Shampoo 200ml,12,364.04245665608954,4368.51,2953.28,1415.23,0
2024-01,Ibadan,Supermarket,Household,Detergent 1kg,31,993.0040080096096,30783.12,20433.35,10349.77,0
2024-01,Ibadan,Open Market/Kiosk,Household,Detergent 1kg,18,1470.3859792695662,26466.95,17087.85,9379.1,0
2024-01,Ibadan,Convenience Store,Household,Detergent 1kg,20,1216.0859596545865,24321.72,16134.89,8186.83,0
2024-01,Ibadan,Online,Household,Detergent 1kg,14,1287.3628716642131,18023.08,12852.93,5170.15,0
2024-01,Ibadan,Supermarket,Household,Bleach 500ml,23,1258.6948891681127,28949.98,21505.01,7444.97,0
2024-01,Ibadan,Open Market/Kiosk,Household,Bleach 500ml,27,965.2399106274445,26061.48,17080.49,8980.99,1
2024-01,Ibadan,Convenience Store,Household,Bleach 500ml,28,1201.8791678213981,33652.62,21575.06,12077.56,0
2024-01,Ibadan,Online,Household,Bleach 500ml,9,1199.7624377769291,10797.86,8012.7,2785.16,0
2024-01,Ibadan,Supermarket,Household,Air Freshener,32,1322.8970604898118,42332.71,29868.05,12464.66,1
2024-01,Ibadan,Open Market/Kiosk,Household,Air Freshener,37,456.8355938237572,16902.92,11963.35,4939.57,0
2024-01,Ibadan,Convenience Store,Household,Air Freshener,18,573.0005289976868,10314.01,6637.14,3676.87,0
2024-01,Ibadan,Online,Household,Air Freshener,12,1396.6957665293867,16760.35,11750.73,5009.62,0
2024-01,Ibadan,Supermarket,Dairy,Milk 1L,26,512.9428006230153,13336.51,8138.64,5197.87,0
2024-01,Ibadan,Open Market/Kiosk,Dairy,Milk 1L,34,667.1273582440629,22682.33,15894.0,6788.33,0
2024-01,Ibadan,Convenience Store,Dairy,Milk 1L,20,887.2396816124203,17744.79,10826.55,6918.24,0
2024-01,Ibadan,Online,Dairy,Milk 1L,11,421.77957105311555,4639.58,2926.65,1712.93,0
2024-01,Ibadan,Supermarket,Dairy,Yogurt 200ml,28,868.4250935496178,24315.9,15673.87,8642.03,0
2024-01,Ibadan,Open Market/Kiosk,Dairy,Yogurt 200ml,40,689.4170872341558,27576.68,19468.98,8107.7,0
2024-01,Ibadan,Convenience Store,Dairy,Yogurt 200ml,20,864.0785682090018,17281.57,12278.21,5003.36,0
2024-01,Ibadan,Online,Dairy,Yogurt 200ml,12,414.5160004667457,4974.19,3320.46,1653.73,1
2024-01,Ibadan,Supermarket,Dairy,Butter 250g,22,531.8288152111993,11700.23,7182.7,4517.53,0
2024-01,Ibadan,Open Market/Kiosk,Dairy,Butter 250g,38,648.6395951767963,24648.3,17146.67,7501.63,0
2024-01,Ibadan,Convenience Store,Dairy,Butter 250g,19,389.36421394555697,7397.92,4739.26,2658.66,0
2024-01,Ibadan,Online,Dairy,Butter 250g,10,795.0196919979661,7950.2,5730.21,2219.99,0
2024-02,Lagos,Supermarket,Beverages,Cola 50cl,52,273.3567215705082,14214.55,9320.01,4894.54,1
2024-02,Lagos,Open Market/Kiosk,Beverages,Cola 50cl,50,223.68978398331578,11184.49,7768.04,3416.45,0
2024-02,Lagos,Convenience Store,Beverages,Cola 50cl,37,279.86446491537635,10354.99,6902.51,3452.48,0
2024-02,Lagos,Online,Beverages,Cola 50cl,14,248.21914587663304,3475.07,2426.56,1048.51,0
2024-02,Lagos,Supermarket,Beverages,Malt Drink 33cl,28,187.1293409802486,5239.62,3230.57,2009.05,0
2024-02,Lagos,Open Market/Kiosk,Beverages,Malt Drink 33cl,51,257.1107629759345,13112.65,8472.99,4639.66,0
2024-02,Lagos,Convenience Store,Beverages,Malt Drink 33cl,45,251.12683068439176,11300.71,7718.45,3582.26,0
2024-02,Lagos,Online,Beverages,Malt Drink 33cl,20,317.5816749703607,6351.63,3963.77,2387.86,0
2024-02,Lagos,Supermarket,Beverages,Bottled Water 75cl,33,173.51026003004398,5725.84,3877.77,1848.07,0
2024-02,Lagos,Open Market/Kiosk,Beverages,Bottled Water 75cl,32,328.1711069966293,10501.48,7118.78,3382.7,0
2024-02,Lagos,Convenience Store,Beverages,Bottled Water 75cl,28,196.84067418526683,5511.54,3650.66,1860.88,0
2024-02,Lagos,Online,Beverages,Bottled Water 75cl,25,184.33878154108993,4608.47,3133.19,1475.28,0
2024-02,Lagos,Supermarket,Snacks,Biscuit Pack,46,307.62209410731066,14150.62,8924.05,5226.57,0
2024-02,Lagos,Open Market/Kiosk,Snacks,Biscuit Pack,65,242.27650629308607,15747.97,10047.06,5700.91,0
2024-02,Lagos,Convenience Store,Snacks,Biscuit Pack,47,352.997850336365,16590.9,11077.65,5513.25,0
2024-02,Lagos,Online,Snacks,Biscuit Pack,19,370.5322085638686,7040.11,4635.28,2404.83,0
2024-02,Lagos,Supermarket,Snacks,Chips 45g,78,212.6406785399501,16585.97,11342.46,5243.51,0
2024-02,Lagos,Open Market/Kiosk,Snacks,Chips 45g,45,210.87225982803193,9489.25,6702.4,2786.85,0
2024-02,Lagos,Convenience Store,Snacks,Chips 45g,29,341.34839272954673,9899.1,7077.63,2821.47,0
2024-02,Lagos,Online,Snacks,Chips 45g,29,142.0973554580545,4120.82,2577.5,1543.32,0
2024-02,Lagos,Supermarket,Snacks,Chocolate Bar,64,366.738377182003,23471.26,15751.29,7719.97,0
2024-02,Lagos,Open Market/Kiosk,Snacks,Chocolate Bar,45,164.47379111091874,7401.32,4649.42,2751.9,0
2024-02,Lagos,Convenience Store,Snacks,Chocolate Bar,45,338.87243516241057,15249.26,11297.57,3951.69,0
2024-02,Lagos,Online,Snacks,Chocolate Bar,16,165.61468389937818,2649.83,1913.82,736.01,0
2024-02,Lagos,Supermarket,Personal Care,Soap Bar,41,689.1116037630126,28253.58,17094.87,11158.71,0
2024-02,Lagos,Open Market/Kiosk,Personal Care,Soap Bar,35,1108.1272682618992,38784.45,28512.16,10272.29,1
2024-02,Lagos,Convenience Store,Personal Care,Soap Bar,35,385.42614313950276,13489.92,9607.89,3882.03,0
2024-02,Lagos,Online,Personal Care,Soap Bar,17,624.3841444273376,10614.53,6866.72,3747.81,0
2024-02,Lagos,Supermarket,Personal Care,Toothpaste 100g,48,335.0442150188991,16082.12,11008.36,5073.76,0
2024-02,Lagos,Open Market/Kiosk,Personal Care,Toothpaste 100g,73,698.0644249060217,50958.7,32324.7,18634.0,0
2024-02,Lagos,Convenience Store,Personal Care,Toothpaste 100g,26,884.5580367367025,22998.51,15845.37,7153.14,0
2024-02,Lagos,Online,Personal Care,Toothpaste 100g,23,450.6213290131029,10364.29,7302.37,3061.92,0
2024-02,Lagos,Supermarket,Personal Care,Shampoo 200ml,46,934.625231013507,42992.76,31195.76,11797.0,0
2024-02,Lagos,Open Market/Kiosk,Personal Care,Shampoo 200ml,72,782.3415709669064,56328.59,35095.73,21232.86,0
2024-02,Lagos,Convenience Store,Personal Care,Shampoo 200ml,32,346.7904167799367,11097.29,6799.14,4298.15,0
2024-02,Lagos,Online,Personal Care,Shampoo 200ml,29,963.6834771936095,27946.82,20948.54,6998.28,0
2024-02,Lagos,Supermarket,Household,Detergent 1kg,78,768.8069550861253,59966.94,44753.42,15213.52,0
2024-02,Lagos,Open Market/Kiosk,Household,Detergent 1kg,30,695.4183841990068,20862.55,13041.67,7820.88,0
2024-02,Lagos,Convenience Store,Household,Detergent 1kg,27,682.1093671184426,18416.95,12912.11,5504.84,0
2024-02,Lagos,Online,Household,Detergent 1kg,14,491.0105191800089,6874.15,4436.32,2437.83,0
2024-02,Lagos,Supermarket,Household,Bleach 500ml,59,701.0044596468488,41359.26,25325.96,16033.3,0
2024-02,Lagos,Open Market/Kiosk,Household,Bleach 500ml,37,1031.7163325992321,38173.5,27353.5,10820.0,0
2024-02,Lagos,Convenience Store,Household,Bleach 500ml,38,614.6831689405154,23357.96,16613.26,6744.7,0
2024-02,Lagos,Online,Household,Bleach 500ml,20,899.3889023196689,17987.78,11132.64,6855.14,0
2024-02,Lagos,Supermarket,Household,Air Freshener,69,652.8093983773803,45043.85,29540.93,15502.92,0
2024-02,Lagos,Open Market/Kiosk,Household,Air Freshener,37,1308.2820467167337,48406.44,35775.68,12630.76,1
2024-02,Lagos,Convenience Store,Household,Air Freshener,33,1012.4634020210067,33411.29,24035.71,9375.58,0
2024-02,Lagos,Online,Household,Air Freshener,19,400.7187298374295,7613.66,5473.38,2140.28,0
2024-02,Lagos,Supermarket,Dairy,Milk 1L,54,276.0384273829514,14906.08,9595.33,5310.75,0
2024-02,Lagos,Open Market/Kiosk,Dairy,Milk 1L,64,899.712507112785,57581.6,41194.87,16386.73,0
2024-02,Lagos,Convenience Store,Dairy,Milk 1L,29,841.8937161893741,24414.92,16516.16,7898.76,0
2024-02,Lagos,Online,Dairy,Milk 1L,14,541.8751991545819,7586.25,4821.99,2764.26,0
2024-02,Lagos,Supermarket,Dairy,Yogurt 200ml,57,504.86082498797225,28777.07,20506.98,8270.09,0
2024-02,Lagos,Open Market/Kiosk,Dairy,Yogurt 200ml,72,262.45106560831437,18896.48,13681.6,5214.88,0
2024-02,Lagos,Convenience Store,Dairy,Yogurt 200ml,36,422.572664828897,15212.62,10522.87,4689.75,0
2024-02,Lagos,Online,Dairy,Yogurt 200ml,25,876.1842082899246,21904.61,13176.56,8728.05,0
2024-02,Lagos,Supermarket,Dairy,Butter 250g,69,419.68154205265125,28958.03,18866.39,10091.64,0
2024-02,Lagos,Open Market/Kiosk,Dairy,Butter 250g,69,636.8883421824686,43945.3,27359.06,16586.24,1
2024-02,Lagos,Convenience Store,Dairy,Butter 250g,29,625.6292232511573,18143.25,13347.15,4796.1,0
2024-02,Lagos,Online,Dairy,Butter 250g,17,824.981477349249,14024.69,10298.81,3725.88,0
2024-02,Abuja,Supermarket,Beverages,Cola 50cl,31,188.12196661488997,5831.78,3603.94,2227.84,0
2024-02,Abuja,Open Market/Kiosk,Beverages,Cola 50cl,46,209.98841395540452,9659.47,6587.8,3071.67,0
2024-02,Abuja,Convenience Store,Beverages,Cola 50cl,29,336.3109828618962,9753.02,6436.29,3316.73,0
2024-02,Abuja,Online,Beverages,Cola 50cl,22,242.79633963337747,5341.52,3681.52,1660.0,0
2024-02,Abuja,Supermarket,Beverages,Malt Drink 33cl,32,263.5948594632161,8435.04,5389.57,3045.47,1
2024-02,Abuja,Open Market/Kiosk,Beverages,Malt Drink 33cl,33,160.55305157192052,5298.25,3379.91,1918.34,0
2024-02,Abuja,Convenience Store,Beverages,Malt Drink 33cl,31,245.47007962448026,7609.57,4804.37,2805.2,0
2024-02,Abuja,Online,Beverages,Malt Drink 33cl,21,194.2477392892128,4079.2,2728.45,1350.75,0
2024-02,Abuja,Supermarket,Beverages,Bottled Water 75cl,66,286.7732903670686,18927.04,11813.93,7113.11,0
2024-02,Abuja,Open Market/Kiosk,Beverages,Bottled Water 75cl,49,173.27169703289917,8490.31,5545.87,2944.44,0
2024-02,Abuja,Convenience Store,Beverages,Bottled Water 75cl,32,272.3662040206443,8715.72,5769.6,2946.12,0
2024-02,Abuja,Online,Beverages,Bottled Water 75cl,18,186.3557734434724,3354.4,2097.27,1257.13,0
2024-02,Abuja,Supermarket,Snacks,Biscuit Pack,41,387.4354026758301,15884.85,11714.49,4170.36,0
2024-02,Abuja,Open Market/Kiosk,Snacks,Biscuit Pack,57,303.2314213684883,17284.19,10750.17,6534.02,0
2024-02,Abuja,Convenience Store,Snacks,Biscuit Pack,28,374.51821975516674,10486.51,7100.57,3385.94,0
2024-02,Abuja,Online,Snacks,Biscuit Pack,13,101.9137130219772,1324.88,939.68,385.2,0
2024-02,Abuja,Supermarket,Snacks,Chips 45g,54,334.9893948868143,18089.43,12491.28,5598.15,0
2024-02,Abuja,Open Market/Kiosk,Snacks,Chips 45g,64,286.8260209719523,18356.87,12162.88,6193.99,0
2024-02,Abuja,Convenience Store,Snacks,Chips 45g,26,125.23829867781485,3256.2,2276.92,979.28,0
2024-02,Abuja,Online,Snacks,Chips 45g,10,392.40717881456544,3924.07,2899.77,1024.3,0
2024-02,Abuja,Supermarket,Snacks,Chocolate Bar,26,108.59572827329636,2823.49,1823.88,999.61,0
2024-02,Abuja,Open Market/Kiosk,Snacks,Chocolate Bar,62,182.5717543111025,11319.45,7427.92,3891.53,0
2024-02,Abuja,Convenience Store,Snacks,Chocolate Bar,21,167.29556765605787,3513.21,2158.18,1355.03,0
2024-02,Abuja,Online,Snacks,Chocolate Bar,12,325.7405012759483,3908.89,2541.4,1367.49,0
2024-02,Abuja,Supermarket,Personal Care,Soap Bar,41,438.5099142243963,17978.91,11761.11,6217.8,0
2024-02,Abuja,Open Market/Kiosk,Personal Care,Soap Bar,36,474.0918086608343,17067.31,12508.85,4558.46,0
2024-02,Abuja,Convenience Store,Personal Care,Soap Bar,24,1043.458216093457,25043.0,16517.08,8525.92,0
2024-02,Abuja,Online,Personal Care,Soap Bar,22,1193.3236159389871,26253.12,19600.37,6652.75,0
2024-02,Abuja,Supermarket,Personal Care,Toothpaste 100g,52,857.4509724298517,44587.45,28961.45,15626.0,0
2024-02,Abuja,Open Market/Kiosk,Personal Care,Toothpaste 100g,71,800.5716233670105,56840.59,41081.94,15758.65,0
2024-02,Abuja,Convenience Store,Personal Care,Toothpaste 100g,29,392.558332941729,11384.19,7981.18,3403.01,0
2024-02,Abuja,Online,Personal Care,Toothpaste 100g,17,817.8232558161887,13903.0,9944.64,3958.36,0
2024-02,Abuja,Supermarket,Personal Care,Shampoo 200ml,46,353.94897077517743,16281.65,11843.55,4438.1,0
2024-02,Abuja,Open Market/Kiosk,Personal Care,Shampoo 200ml,51,718.8032405455374,36658.97,23417.34,13241.63,0
2024-02,Abuja,Convenience Store,Personal Care,Shampoo 200ml,31,897.4420273674526,27820.7,20408.09,7412.61,0
2024-02,Abuja,Online,Personal Care,Shampoo 200ml,13,606.8627142920025,7889.22,4903.09,2986.13,0
2024-02,Abuja,Supermarket,Household,Detergent 1kg,39,1147.5965006346578,44756.26,28839.75,15916.51,0
2024-02,Abuja,Open Market/Kiosk,Household,Detergent 1kg,45,1201.6558598957122,54074.51,37839.09,16235.42,0
2024-02,Abuja,Convenience Store,Household,Detergent 1kg,20,513.7775263465317,10275.55,7288.87,2986.68,0
2024-02,Abuja,Online,Household,Detergent 1kg,15,994.3293474376496,14914.94,11091.42,3823.52,0
2024-02,Abuja,Supermarket,Household,Bleach 500ml,41,664.3290357954033,27237.49,17629.13,9608.36,0
2024-02,Abuja,Open Market/Kiosk,Household,Bleach 500ml,56,759.6351267703428,42539.57,28093.37,14446.2,0
2024-02,Abuja,Convenience Store,Household,Bleach 500ml,24,1162.76434086194,27906.34,19897.8,8008.54,0
2024-02,Abuja,Online,Household,Bleach 500ml,19,887.3370769713813,16859.4,12265.11,4594.29,0
2024-02,Abuja,Supermarket,Household,Air Freshener,31,516.0317702071393,15996.98,10904.37,5092.61,0
2024-02,Abuja,Open Market/Kiosk,Household,Air Freshener,36,738.547995822464,26587.73,19533.75,7053.98,0
2024-02,Abuja,Convenience Store,Household,Air Freshener,27,1171.912101264983,31641.63,20687.08,10954.55,0
2024-02,Abuja,Online,Household,Air Freshener,13,1231.8791705646777,16014.43,10599.02,5415.41,1
2024-02,Abuja,Supermarket,Dairy,Milk 1L,35,578.855575307713,20259.95,12648.05,7611.9,0
2024-02,Abuja,Open Market/Kiosk,Dairy,Milk 1L,33,537.3217236052303,17731.62,12363.11,5368.51,0
2024-02,Abuja,Convenience Store,Dairy,Milk 1L,24,504.63259286548083,12111.18,7562.21,4548.97,0
2024-02,Abuja,Online,Dairy,Milk 1L,15,771.9577229921083,11579.37,7886.04,3693.33,0
2024-02,Abuja,Supermarket,Dairy,Yogurt 200ml,38,637.1918857049942,24213.29,14820.77,9392.52,1
2024-02,Abuja,Open Market/Kiosk,Dairy,Yogurt 200ml,64,759.255214032024,48592.33,31174.91,17417.42,1
2024-02,Abuja,Convenience Store,Dairy,Yogurt 200ml,28,585.584144478488,16396.36,11265.89,5130.47,1
2024-02,Abuja,Online,Dairy,Yogurt 200ml,23,779.3514065246949,17925.08,11508.8,6416.28,0
2024-02,Abuja,Supermarket,Dairy,Butter 250g,35,390.61630546003755,13671.57,9110.55,4561.02,0
2024-02,Abuja,Open Market/Kiosk,Dairy,Butter 250g,58,660.4482151789634,38306.0,27490.72,10815.28,0
2024-02,Abuja,Convenience Store,Dairy,Butter 250g,27,370.1449586655662,9993.91,6085.67,3908.24,0
2024-02,Abuja,Online,Dairy,Butter 250g,17,369.8983831889242,6288.27,3963.77,2324.5,0
2024-02,Port Harcourt,Supermarket,Beverages,Cola 50cl,23,246.65885699326503,5673.15,3456.69,2216.46,0
2024-02,Port Harcourt,Open Market/Kiosk,Beverages,Cola 50cl,54,261.57473513201467,14125.04,8867.58,5257.46,0
2024-02,Port Harcourt,Convenience Store,Beverages,Cola 50cl,36,318.43307533007624,11463.59,7090.15,4373.44,0
2024-02,Port Harcourt,Online,Beverages,Cola 50cl,18,286.862849785069,5163.53,3157.57,2005.96,0
2024-02,Port Harcourt,Supermarket,Beverages,Malt Drink 33cl,37,247.9288152064065,9173.37,5639.45,3533.92,1
2024-02,Port Harcourt,Open Market/Kiosk,Beverages,Malt Drink 33cl,40,228.62942589880305,9145.18,6416.55,2728.63,0
2024-02,Port Harcourt,Convenience Store,Beverages,Malt Drink 33cl,19,206.1201626475832,3916.28,2863.37,1052.91,0
2024-02,Port Harcourt,Online,Beverages,Malt Drink 33cl,13,345.6441337053117,4493.37,2979.11,1514.26,0
2024-02,Port Harcourt,Supermarket,Beverages,Bottled Water 75cl,49,177.99747534435258,8721.88,6536.87,2185.01,0
2024-02,Port Harcourt,Open Market/Kiosk,Beverages,Bottled Water 75cl,36,181.7473526748619,6542.9,4130.19,2412.71,0
2024-02,Port Harcourt,Convenience Store,Beverages,Bottled Water 75cl,27,221.56224986711862,5982.18,4085.95,1896.23,0
2024-02,Port Harcourt,Online,Beverages,Bottled Water 75cl,9,220.96637110863253,1988.7,1362.48,626.22,0
2024-02,Port Harcourt,Supermarket,Snacks,Biscuit Pack,40,178.39990536561513,7136.0,4590.07,2545.93,0
2024-02,Port Harcourt,Open Market/Kiosk,Snacks,Biscuit Pack,49,275.44834339173724,13496.97,8283.27,5213.7,0
2024-02,Port Harcourt,Convenience Store,Snacks,Biscuit Pack,27,158.8882906933201,4289.98,3147.12,1142.86,0
2024-02,Port Harcourt,Online,Snacks,Biscuit Pack,22,271.6368891166619,5976.01,3806.89,2169.12,0
2024-02,Port Harcourt,Supermarket,Snacks,Chips 45g,35,124.47247768340978,4356.54,2753.77,1602.77,0
2024-02,Port Harcourt,Open Market/Kiosk,Snacks,Chips 45g,28,300.6629593122056,8418.56,5245.33,3173.23,0
2024-02,Port Harcourt,Convenience Store,Snacks,Chips 45g,28,379.52212099495245,10626.62,7778.29,2848.33,0
2024-02,Port Harcourt,Online,Snacks,Chips 45g,12,141.43758794207417,1697.25,1079.21,618.04,0
2024-02,Port Harcourt,Supermarket,Snacks,Chocolate Bar,39,392.96830699687126,15325.76,10992.92,4332.84,0
2024-02,Port Harcourt,Open Market/Kiosk,Snacks,Chocolate Bar,44,272.5181720376444,11990.8,7963.33,4027.47,0
2024-02,Port Harcourt,Convenience Store,Snacks,Chocolate Bar,27,159.58948415856074,4308.92,3070.93,1237.99,0
2024-02,Port Harcourt,Online,Snacks,Chocolate Bar,25,201.7721983521509,5044.3,3214.64,1829.66,0
2024-02,Port Harcourt,Supermarket,Personal Care,Soap Bar,39,921.290562210656,35930.33,23345.46,12584.87,0
2024-02,Port Harcourt,Open Market/Kiosk,Personal Care,Soap Bar,36,1075.2762414859658,38709.94,25135.27,13574.67,0
2024-02,Port Harcourt,Convenience Store,Personal Care,Soap Bar,44,967.7799565625872,42582.32,31125.82,11456.5,0
2024-02,Port Harcourt,Online,Personal Care,Soap Bar,15,794.0186684760645,11910.28,8059.29,3850.99,0
2024-02,Port Harcourt,Supermarket,Personal Care,Toothpaste 100g,42,1054.968475713662,44308.68,28997.7,15310.98,0
2024-02,Port Harcourt,Open Market/Kiosk,Personal Care,Toothpaste 100g,45,1165.2749576778447,52437.37,33590.53,18846.84,0
2024-02,Port Harcourt,Convenience Store,Personal Care,Toothpaste 100g,41,309.64376792582306,12695.39,8320.18,4375.21,0
2024-02,Port Harcourt,Online,Personal Care,Toothpaste 100g,14,756.9820543697119,10597.75,6756.02,3841.73,0
2024-02,Port Harcourt,Supermarket,Personal Care,Shampoo 200ml,37,476.1413760896842,17617.23,11677.5,5939.73,0
2024-02,Port Harcourt,Open Market/Kiosk,Personal Care,Shampoo 200ml,37,1196.1610068461907,44257.96,28845.24,15412.72,0
2024-02,Port Harcourt,Convenience Store,Personal Care,Shampoo 200ml,18,1059.491470107836,19070.85,11786.83,7284.02,0
2024-02,Port Harcourt,Online,Personal Care,Shampoo 200ml,16,859.1975617401365,13747.16,8321.69,5425.47,1
2024-02,Port Harcourt,Supermarket,Household,Detergent 1kg,25,775.3688947334927,19384.22,13594.89,5789.33,0
2024-02,Port Harcourt,Open Market/Kiosk,Household,Detergent 1kg,36,931.5552834629787,33535.99,23917.38,9618.61,0
2024-02,Port Harcourt,Convenience Store,Household,Detergent 1kg,35,658.2298638974685,23038.05,14988.55,8049.5,0
2024-02,Port Harcourt,Online,Household,Detergent 1kg,10,859.1342605620628,8591.34,6283.58,2307.76,0
2024-02,Port Harcourt,Supermarket,Household,Bleach 500ml,27,727.8728212870046,19652.57,12275.84,7376.73,0
2024-02,Port Harcourt,Open Market/Kiosk,Household,Bleach 500ml,25,1303.3751700156747,32584.38,19931.16,12653.22,1
2024-02,Port Harcourt,Convenience Store,Household,Bleach 500ml,18,1246.3868373637124,22434.96,16520.66,5914.3,0
2024-02,Port Harcourt,Online,Household,Bleach 500ml,17,999.010857120143,16983.18,11950.84,5032.34,0
2024-02,Port Harcourt,Supermarket,Household,Air Freshener,39,1001.7498801771355,39068.25,25652.39,13415.86,0
2024-02,Port Harcourt,Open Market/Kiosk,Household,Air Freshener,31,597.0044332609997,18507.14,13735.39,4771.75,0
2024-02,Port Harcourt,Convenience Store,Household,Air Freshener,38,1090.4357648746895,41436.56,25769.53,15667.03,1
2024-02,Port Harcourt,Online,Household,Air Freshener,12,791.5535508177045,9498.64,6549.03,2949.61,0
2024-02,Port Harcourt,Supermarket,Dairy,Milk 1L,28,702.4519100185755,19668.65,12870.68,6797.97,0
2024-02,Port Harcourt,Open Market/Kiosk,Dairy,Milk 1L,42,694.5155811908708,29169.65,17612.7,11556.95,0
2024-02,Port Harcourt,Convenience Store,Dairy,Milk 1L,25,443.68520307229846,11092.13,6804.62,4287.51,0
2024-02,Port Harcourt,Online,Dairy,Milk 1L,16,605.3402221832525,9685.44,7096.25,2589.19,0
2024-02,Port Harcourt,Supermarket,Dairy,Yogurt 200ml,29,470.2352635748248,13636.82,10129.56,3507.26,0
2024-02,Port Harcourt,Open Market/Kiosk,Dairy,Yogurt 200ml,33,847.4852201849213,27967.01,18557.94,9409.07,0
2024-02,Port Harcourt,Convenience Store,Dairy,Yogurt 200ml,37,777.6743669280761,28773.95,18739.82,10034.13,0
2024-02,Port Harcourt,Online,Dairy,Yogurt 200ml,23,799.2757717828176,18383.34,12119.36,6263.98,0
2024-02,Port Harcourt,Supermarket,Dairy,Butter 250g,33,737.090133819222,24323.97,16585.41,7738.56,0
2024-02,Port Harcourt,Open Market/Kiosk,Dairy,Butter 250g,37,527.6182794842231,19521.88,13104.36,6417.52,0
2024-02,Port Harcourt,Convenience Store,Dairy,Butter 250g,22,275.52228357162915,6061.49,4525.46,1536.03,0
2024-02,Port Harcourt,Online,Dairy,Butter 250g,18,750.3353048571066,13506.04,10079.71,3426.33,0
2024-02,Kano,Supermarket,Beverages,Cola 50cl,21,329.4794636643172,6919.07,4559.98,2359.09,0
2024-02,Kano,Open Market/Kiosk,Beverages,Cola 50cl,54,167.6268861953383,9051.85,5655.82,3396.03,0
2024-02,Kano,Convenience Store,Beverages,Cola 50cl,19,192.3491724104839,3654.63,2558.38,1096.25,0
2024-02,Kano,Online,Beverages,Cola 50cl,15,160.5653372729444,2408.48,1649.0,759.48,0
2024-02,Kano,Supermarket,Beverages,Malt Drink 33cl,26,343.963772926757,8943.06,5623.43,3319.63,0
2024-02,Kano,Open Market/Kiosk,Beverages,Malt Drink 33cl,38,255.73132079785512,9717.79,6101.48,3616.31,0
2024-02,Kano,Convenience Store,Beverages,Malt Drink 33cl,21,205.35082639026172,4312.37,2912.38,1399.99,0
2024-02,Kano,Online,Beverages,Malt Drink 33cl,15,217.2646788540667,3258.97,2192.48,1066.49,0
2024-02,Kano,Supermarket,Beverages,Bottled Water 75cl,32,235.82989839166436,7546.56,4748.63,2797.93,0
2024-02,Kano,Open Market/Kiosk,Beverages,Bottled Water 75cl,44,173.84208856811466,7649.05,4641.23,3007.82,0
2024-02,Kano,Convenience Store,Beverages,Bottled Water 75cl,25,157.98450651275024,3949.61,2556.7,1392.91,0
2024-02,Kano,Online,Beverages,Bottled Water 75cl,15,343.25485954963716,5148.82,3309.56,1839.26,0
2024-02,Kano,Supermarket,Snacks,Biscuit Pack,34,195.41188350835597,6644.0,4896.1,1747.9,0
2024-02,Kano,Open Market/Kiosk,Snacks,Biscuit Pack,34,267.76543953053744,9104.02,6778.42,2325.6,0
2024-02,Kano,Convenience Store,Snacks,Biscuit Pack,26,272.6995758992259,7090.19,4686.35,2403.84,0
2024-02,Kano,Online,Snacks,Biscuit Pack,13,372.64794931505867,4844.42,3040.39,1804.03,0
2024-02,Kano,Supermarket,Snacks,Chips 45g,32,197.85107623847605,6331.23,3997.31,2333.92,0
2024-02,Kano,Open Market/Kiosk,Snacks,Chips 45g,29,106.30274709590822,3082.78,2259.02,823.76,0
2024-02,Kano,Convenience Store,Snacks,Chips 45g,21,140.10869631983087,2942.28,2063.99,878.29,0
2024-02,Kano,Online,Snacks,Chips 45g,17,329.59488985761584,5603.11,3982.59,1620.52,0
2024-02,Kano,Supermarket,Snacks,Chocolate Bar,25,292.83322404397836,7320.83,5273.02,2047.81,0
2024-02,Kano,Open Market/Kiosk,Snacks,Chocolate Bar,57,197.86615209427947,11278.37,7519.13,3759.24,0
2024-02,Kano,Convenience Store,Snacks,Chocolate Bar,17,150.40601565780358,2556.9,1757.86,799.04,0
2024-02,Kano,Online,Snacks,Chocolate Bar,12,310.329276209281,3723.95,2620.76,1103.19,0
2024-02,Kano,Supermarket,Personal Care,Soap Bar,22,1118.9371423437467,24616.62,17715.86,6900.76,0
2024-02,Kano,Open Market/Kiosk,Personal Care,Soap Bar,33,374.90075958726504,12371.73,7550.63,4821.1,0
2024-02,Kano,Convenience Store,Personal Care,Soap Bar,17,349.14927289212216,5935.54,3820.3,2115.24,0
2024-02,Kano,Online,Personal Care,Soap Bar,13,1002.0432783360391,13026.56,8140.66,4885.9,0
2024-02,Kano,Supermarket,Personal Care,Toothpaste 100g,54,1102.0260826141584,59509.41,44486.66,15022.75,0
2024-02,Kano,Open Market/Kiosk,Personal Care,Toothpaste 100g,23,319.66204078758165,7352.23,4927.16,2425.07,0
2024-02,Kano,Convenience Store,Personal Care,Toothpaste 100g,25,1103.9740444093104,27599.35,18534.27,9065.08,0
2024-02,Kano,Online,Personal Care,Toothpaste 100g,15,1165.8526490472163,17487.79,11223.74,6264.05,1
2024-02,Kano,Supermarket,Personal Care,Shampoo 200ml,21,1198.9136422340891,25177.19,15418.15,9759.04,0
2024-02,Kano,Open Market/Kiosk,Personal Care,Shampoo 200ml,30,572.8978054598255,17186.93,11175.49,6011.44,0
2024-02,Kano,Convenience Store,Personal Care,Shampoo 200ml,33,445.3029174296289,14695.0,8848.29,5846.71,0
2024-02,Kano,Online,Personal Care,Shampoo 200ml,15,784.3980916816276,11765.97,7358.14,4407.83,1
2024-02,Kano,Supermarket,Household,Detergent 1kg,39,966.6837312252477,37700.67,26077.6,11623.07,0
2024-02,Kano,Open Market/Kiosk,Household,Detergent 1kg,39,932.5903353797482,36371.02,24967.74,11403.28,0
2024-02,Kano,Convenience Store,Household,Detergent 1kg,22,1113.1272800286815,24488.8,16329.81,8158.99,1
2024-02,Kano,Online,Household,Detergent 1kg,11,1189.8155959397018,13087.97,8034.28,5053.69,0
2024-02,Kano,Supermarket,Household,Bleach 500ml,24,782.8571510250525,18788.57,13997.36,4791.21,0
2024-02,Kano,Open Market/Kiosk,Household,Bleach 500ml,37,454.2239420408581,16806.29,10974.86,5831.43,0
2024-02,Kano,Convenience Store,Household,Bleach 500ml,18,889.1840545441694,16005.31,11963.99,4041.32,0
2024-02,Kano,Online,Household,Bleach 500ml,16,1055.7569145048865,16892.11,10669.82,6222.29,0
2024-02,Kano,Supermarket,Household,Air Freshener,23,782.6045821763505,17999.91,12270.9,5729.01,0
2024-02,Kano,Open Market/Kiosk,Household,Air Freshener,27,803.3467676732796,21690.36,16191.17,5499.19,1
2024-02,Kano,Convenience Store,Household,Air Freshener,19,1255.5007010745724,23854.51,17335.78,6518.73,0
2024-02,Kano,Online,Household,Air Freshener,11,762.3171962322833,8385.49,5995.1,2390.39,0
2024-02,Kano,Supermarket,Dairy,Milk 1L,35,680.5066438007285,23817.73,16468.82,7348.91,0
2024-02,Kano,Open Market/Kiosk,Dairy,Milk 1L,30,827.8503970295328,24835.51,17022.15,7813.36,0
2024-02,Kano,Convenience Store,Dairy,Milk 1L,19,459.8263657411027,8736.7,5580.27,3156.43,0
2024-02,Kano,Online,Dairy,Milk 1L,13,668.5401720940471,8691.02,6302.28,2388.74,0
2024-02,Kano,Supermarket,Dairy,Yogurt 200ml,34,440.22581348381505,14967.68,10205.18,4762.5,0
2024-02,Kano,Open Market/Kiosk,Dairy,Yogurt 200ml,31,553.7196474048767,17165.31,10573.95,6591.36,0
2024-02,Kano,Convenience Store,Dairy,Yogurt 200ml,18,500.2877362173251,9005.18,6676.87,2328.31,0
2024-02,Kano,Online,Dairy,Yogurt 200ml,13,898.4869711220284,11680.33,7469.95,4210.38,0
2024-02,Kano,Supermarket,Dairy,Butter 250g,45,292.4298924182015,13159.35,9517.84,3641.51,0
2024-02,Kano,Open Market/Kiosk,Dairy,Butter 250g,43,485.49076850013313,20876.1,15113.43,5762.67,0
2024-02,Kano,Convenience Store,Dairy,Butter 250g,21,591.4568718929688,12420.59,7575.42,4845.17,1
2024-02,Kano,Online,Dairy,Butter 250g,11,455.1845127566429,5007.03,3098.29,1908.74,0
2024-02,Ibadan,Supermarket,Beverages,Cola 50cl,21,284.1530050886072,5967.21,4365.42,1601.79,0
2024-02,Ibadan,Open Market/Kiosk,Beverages,Cola 50cl,27,332.2241002783915,8970.05,5971.42,2998.63,0
2024-02,Ibadan,Convenience Store,Beverages,Cola 50cl,25,266.4870153776592,6662.18,4584.71,2077.47,0
2024-02,Ibadan,Online,Beverages,Cola 50cl,12,219.92287976154444,2639.07,1831.11,807.96,0
2024-02,Ibadan,Supermarket,Beverages,Malt Drink 33cl,27,220.49620938867022,5953.4,4431.77,1521.63,0
2024-02,Ibadan,Open Market/Kiosk,Beverages,Malt Drink 33cl,34,265.7512952719999,9035.54,5497.51,3538.03,0
2024-02,Ibadan,Convenience Store,Beverages,Malt Drink 33cl,27,212.83241276739443,5746.48,4061.8,1684.68,0
2024-02,Ibadan,Online,Beverages,Malt Drink 33cl,14,192.34287442959416,2692.8,1674.9,1017.9,0
2024-02,Ibadan,Supermarket,Beverages,Bottled Water 75cl,28,268.73692398174666,7524.63,5625.51,1899.12,0
2024-02,Ibadan,Open Market/Kiosk,Beverages,Bottled Water 75cl,32,200.46454885274903,6414.87,4480.69,1934.18,0
2024-02,Ibadan,Convenience Store,Beverages,Bottled Water 75cl,23,210.3173739747103,4837.3,2978.32,1858.98,0
2024-02,Ibadan,Online,Beverages,Bottled Water 75cl,12,278.6857899034661,3344.23,2418.62,925.61,0
2024-02,Ibadan,Supermarket,Snacks,Biscuit Pack,35,288.6202045179979,10101.71,7411.08,2690.63,0
2024-02,Ibadan,Open Market/Kiosk,Snacks,Biscuit Pack,30,395.6802201858401,11870.41,7312.82,4557.59,0
2024-02,Ibadan,Convenience Store,Snacks,Biscuit Pack,29,231.32951649643854,6708.56,4971.8,1736.76,0
2024-02,Ibadan,Online,Snacks,Biscuit Pack,14,180.39918006531337,2525.59,1612.77,912.82,0
2024-02,Ibadan,Supermarket,Snacks,Chips 45g,37,295.68433384553384,10940.32,6591.95,4348.37,0
2024-02,Ibadan,Open Market/Kiosk,Snacks,Chips 45g,40,179.55122235500667,7182.05,4850.98,2331.07,0
2024-02,Ibadan,Convenience Store,Snacks,Chips 45g,27,181.51527966945392,4900.91,3192.13,1708.78,1
2024-02,Ibadan,Online,Snacks,Chips 45g,11,346.2547027789386,3808.8,2354.05,1454.75,0
2024-02,Ibadan,Supermarket,Snacks,Chocolate Bar,46,312.57506373034755,14378.45,10001.58,4376.87,0
2024-02,Ibadan,Open Market/Kiosk,Snacks,Chocolate Bar,41,344.81702713429706,14137.5,10362.64,3774.86,0
2024-02,Ibadan,Convenience Store,Snacks,Chocolate Bar,21,128.06782207370065,2689.42,1698.98,990.44,0
2024-02,Ibadan,Online,Snacks,Chocolate Bar,9,355.47442000517117,3199.27,1988.61,1210.66,0
2024-02,Ibadan,Supermarket,Personal Care,Soap Bar,20,698.4243317706923,13968.49,10084.85,3883.64,0
2024-02,Ibadan,Open Market/Kiosk,Personal Care,Soap Bar,31,532.470386214833,16506.58,11013.4,5493.18,0
2024-02,Ibadan,Convenience Store,Personal Care,Soap Bar,16,737.2970455706518,11796.75,8495.11,3301.64,0
2024-02,Ibadan,Online,Personal Care,Soap Bar,14,521.2367283203172,7297.31,5420.73,1876.58,0
2024-02,Ibadan,Supermarket,Personal Care,Toothpaste 100g,24,860.6586397650435,20655.81,13076.59,7579.22,0
2024-02,Ibadan,Open Market/Kiosk,Personal Care,Toothpaste 100g,36,375.7917100593885,13528.5,8696.26,4832.24,0
2024-02,Ibadan,Convenience Store,Personal Care,Toothpaste 100g,15,906.0777560202894,13591.17,8315.0,5276.17,0
2024-02,Ibadan,Online,Personal Care,Toothpaste 100g,14,553.1561071977308,7744.19,4669.34,3074.85,0
2024-02,Ibadan,Supermarket,Personal Care,Shampoo 200ml,38,1042.895906173766,39630.04,28474.68,11155.36,0
2024-02,Ibadan,Open Market/Kiosk,Personal Care,Shampoo 200ml,35,1152.4376424057193,40335.32,27128.79,13206.53,0
2024-02,Ibadan,Convenience Store,Personal Care,Shampoo 200ml,33,480.82020571697024,15867.07,10208.44,5658.63,1
2024-02,Ibadan,Online,Personal Care,Shampoo 200ml,8,315.27221638391984,2522.18,1567.43,954.75,0
2024-02,Ibadan,Supermarket,Household,Detergent 1kg,33,905.519275256074,29882.14,18252.97,11629.17,0
2024-02,Ibadan,Open Market/Kiosk,Household,Detergent 1kg,34,1359.6340196902966,46227.56,28826.61,17400.95,1
2024-02,Ibadan,Convenience Store,Household,Detergent 1kg,23,1476.8420914401281,33967.37,22698.48,11268.89,0
2024-02,Ibadan,Online,Household,Detergent 1kg,10,1341.7689841941265,13417.69,8233.2,5184.49,0
2024-02,Ibadan,Supermarket,Household,Bleach 500ml,40,1267.8053592624537,50712.21,35289.63,15422.58,0
2024-02,Ibadan,Open Market/Kiosk,Household,Bleach 500ml,35,516.3761723000789,18073.17,13052.33,5020.84,1
2024-02,Ibadan,Convenience Store,Household,Bleach 500ml,21,919.0927616209754,19300.95,14032.13,5268.82,0
2024-02,Ibadan,Online,Household,Bleach 500ml,12,935.1310423056651,11221.57,6912.75,4308.82,0
2024-02,Ibadan,Supermarket,Household,Air Freshener,32,755.459739007359,24174.71,16505.45,7669.26,0
2024-02,Ibadan,Open Market/Kiosk,Household,Air Freshener,31,1235.4721635886385,38299.64,27054.65,11244.99,0
2024-02,Ibadan,Convenience Store,Household,Air Freshener,18,457.5070135956356,8235.13,5185.9,3049.23,0
2024-02,Ibadan,Online,Household,Air Freshener,10,942.3331376746826,9423.33,5931.02,3492.31,1
2024-02,Ibadan,Supermarket,Dairy,Milk 1L,32,686.8386767301281,21978.84,13358.82,8620.02,0
2024-02,Ibadan,Open Market/Kiosk,Dairy,Milk 1L,27,300.36435726106373,8109.84,4887.84,3222.0,0
2024-02,Ibadan,Convenience Store,Dairy,Milk 1L,21,819.3564644210333,17206.49,12345.21,4861.28,0
2024-02,Ibadan,Online,Dairy,Milk 1L,14,290.8898594117156,4072.46,2557.92,1514.54,0
2024-02,Ibadan,Supermarket,Dairy,Yogurt 200ml,25,491.99961407248105,12299.99,7849.85,4450.14,0
2024-02,Ibadan,Open Market/Kiosk,Dairy,Yogurt 200ml,16,592.554955977997,9480.88,6487.19,2993.69,0
2024-02,Ibadan,Convenience Store,Dairy,Yogurt 200ml,18,771.753313468414,13891.56,9976.99,3914.57,0
2024-02,Ibadan,Online,Dairy,Yogurt 200ml,11,351.30349875843825,3864.34,2459.72,1404.62,0
2024-02,Ibadan,Supermarket,Dairy,Butter 250g,27,866.1067687148795,23384.88,14937.88,8447.0,0
2024-02,Ibadan,Open Market/Kiosk,Dairy,Butter 250g,32,772.0608325612752,24705.95,15392.1,9313.85,0
2024-02,Ibadan,Convenience Store,Dairy,Butter 250g,23,658.3342881104786,15141.69,9360.68,5781.01,1
2024-02,Ibadan,Online,Dairy,Butter 250g,16,798.0441622693345,12768.71,8895.09,3873.62,0
2024-03,Lagos,Supermarket,Beverages,Cola 50cl,71,298.10190424366374,21165.24,14985.34,6179.9,0
2024-03,Lagos,Open Market/Kiosk,Beverages,Cola 50cl,55,153.61621844113708,8448.89,6129.19,2319.7,0
2024-03,Lagos,Convenience Store,Beverages,Cola 50cl,24,344.95201626723906,8278.85,5343.67,2935.18,0
2024-03,Lagos,Online,Beverages,Cola 50cl,16,259.88236641219294,4158.12,3021.09,1137.03,0
2024-03,Lagos,Supermarket,Beverages,Malt Drink 33cl,73,292.7214732526943,21368.67,15919.42,5449.25,0
2024-03,Lagos,Open Market/Kiosk,Beverages,Malt Drink 33cl,64,213.94416986797086,13692.43,9703.6,3988.83,0
2024-03,Lagos,Convenience Store,Beverages,Malt Drink 33cl,44,305.5818813497074,13445.6,9128.11,4317.49,0
2024-03,Lagos,Online,Beverages,Malt Drink 33cl,24,203.88788926073101,4893.31,3411.41,1481.9,0
2024-03,Lagos,Supermarket,Beverages,Bottled Water 75cl,58,221.88476536616344,12869.32,8622.48,4246.84,0
2024-03,Lagos,Open Market/Kiosk,Beverages,Bottled Water 75cl,55,298.9501463259844,16442.26,10475.68,5966.58,0
2024-03,Lagos,Convenience Store,Beverages,Bottled Water 75cl,40,164.61701820523004,6584.68,3958.08,2626.6,0
2024-03,Lagos,Online,Beverages,Bottled Water 75cl,31,284.721966399339,8826.38,5898.84,2927.54,0
2024-03,Lagos,Supermarket,Snacks,Biscuit Pack,49,299.2036684202807,14660.98,9256.98,5404.0,0
2024-03,Lagos,Open Market/Kiosk,Snacks,Biscuit Pack,90,280.1604304619244,25214.44,16867.0,8347.44,0
2024-03,Lagos,Convenience Store,Snacks,Biscuit Pack,34,126.44267301723764,4299.05,3218.25,1080.8,0
2024-03,Lagos,Online,Snacks,Biscuit Pack,23,305.262722556546,7021.04,4275.56,2745.48,0
2024-03,Lagos,Supermarket,Snacks,Chips 45g,49,114.3344094044216,5602.39,3528.8,2073.59,0
2024-03,Lagos,Open Market/Kiosk,Snacks,Chips 45g,69,396.51117001647134,27359.27,18205.15,9154.12,0
2024-03,Lagos,Convenience Store,Snacks,Chips 45g,39,364.4906047526232,14215.13,9707.59,4507.54,0
2024-03,Lagos,Online,Snacks,Chips 45g,16,316.8517611700637,5069.63,3778.51,1291.12,0
2024-03,Lagos,Supermarket,Snacks,Chocolate Bar,42,229.10295210672174,9622.32,6661.67,2960.65,0
2024-03,Lagos,Open Market/Kiosk,Snacks,Chocolate Bar,31,384.63714930757544,11923.75,8116.71,3807.04,0
2024-03,Lagos,Convenience Store,Snacks,Chocolate Bar,56,294.25593867104897,16478.33,11165.22,5313.11,0
2024-03,Lagos,Online,Snacks,Chocolate Bar,25,286.7726193498345,7169.32,5323.76,1845.56,0
2024-03,Lagos,Supermarket,Personal Care,Soap Bar,55,495.92981897150923,27276.14,17887.02,9389.12,0
2024-03,Lagos,Open Market/Kiosk,Personal Care,Soap Bar,44,308.97231126106664,13594.78,9730.07,3864.71,0
2024-03,Lagos,Convenience Store,Personal Care,Soap Bar,34,1019.173931194759,34651.91,25184.99,9466.92,0
2024-03,Lagos,Online,Personal Care,Soap Bar,24,1198.7047259270657,28768.91,18838.03,9930.88,0
2024-03,Lagos,Supermarket,Personal Care,Toothpaste 100g,69,525.3228566137699,36247.28,24249.11,11998.17,0
2024-03,Lagos,Open Market/Kiosk,Personal Care,Toothpaste 100g,67,377.50449945573644,25292.8,15723.66,9569.14,0
2024-03,Lagos,Convenience Store,Personal Care,Toothpaste 100g,37,941.7128626755667,34843.38,24851.69,9991.69,1
2024-03,Lagos,Online,Personal Care,Toothpaste 100g,17,620.5745491152416,10549.77,6941.43,3608.34,0
2024-03,Lagos,Supermarket,Personal Care,Shampoo 200ml,41,936.1232365894547,38381.05,25161.61,13219.44,0
2024-03,Lagos,Open Market/Kiosk,Personal Care,Shampoo 200ml,78,344.2335513106593,26850.22,17938.47,8911.75,0
2024-03,Lagos,Convenience Store,Personal Care,Shampoo 200ml,42,526.7983994796646,22125.53,15045.85,7079.68,0
2024-03,Lagos,Online,Personal Care,Shampoo 200ml,23,783.1732318523566,18012.98,13157.24,4855.74,0
2024-03,Lagos,Supermarket,Household,Detergent 1kg,35,951.8690826070673,33315.42,20555.1,12760.32,0
2024-03,Lagos,Open Market/Kiosk,Household,Detergent 1kg,75,1011.4578956188552,75859.34,50203.91,25655.43,0
2024-03,Lagos,Convenience Store,Household,Detergent 1kg,46,493.9427327199612,22721.37,16210.64,6510.73,0
2024-03,Lagos,Online,Household,Detergent 1kg,21,1154.2840457071488,24239.96,14866.76,9373.2,0
2024-03,Lagos,Supermarket,Household,Bleach 500ml,41,548.4763346788063,22487.53,15422.91,7064.62,0
2024-03,Lagos,Open Market/Kiosk,Household,Bleach 500ml,71,567.1782007214563,40269.65,26249.53,14020.12,0
2024-03,Lagos,Convenience Store,Household,Bleach 500ml,26,1010.8254078609995,26281.46,18352.75,7928.71,0
2024-03,Lagos,Online,Household,Bleach 500ml,33,997.8328714413159,32928.48,23659.76,9268.72,0
2024-03,Lagos,Supermarket,Household,Air Freshener,60,1289.744392936922,77384.66,53061.26,24323.4,0
2024-03,Lagos,Open Market/Kiosk,Household,Air Freshener,58,1127.612825856017,65401.54,40207.69,25193.85,0
2024-03,Lagos,Convenience Store,Household,Air Freshener,53,653.8080492277592,34651.83,24805.17,9846.66,0
2024-03,Lagos,Online,Household,Air Freshener,30,1457.6980951692206,43730.94,29253.59,14477.35,0
2024-03,Lagos,Supermarket,Dairy,Milk 1L,56,859.990966266765,48159.49,30131.61,18027.88,0
2024-03,Lagos,Open Market/Kiosk,Dairy,Milk 1L,64,515.1312539071238,32968.4,21202.32,11766.08,0
2024-03,Lagos,Convenience Store,Dairy,Milk 1L,24,436.45031967067996,10474.81,6725.54,3749.27,0
2024-03,Lagos,Online,Dairy,Milk 1L,23,463.3658080302691,10657.41,6574.83,4082.58,0
2024-03,Lagos,Supermarket,Dairy,Yogurt 200ml,54,285.5842384687368,15421.55,10074.16,5347.39,0
2024-03,Lagos,Open Market/Kiosk,Dairy,Yogurt 200ml,72,607.854445402997,43765.52,31681.13,12084.39,0
2024-03,Lagos,Convenience Store,Dairy,Yogurt 200ml,36,592.4311579327687,21327.52,12979.18,8348.34,0
2024-03,Lagos,Online,Dairy,Yogurt 200ml,20,455.7047096399741,9114.09,6526.59,2587.5,0
2024-03,Lagos,Supermarket,Dairy,Butter 250g,45,588.2103570244008,26469.47,19753.81,6715.66,1
2024-03,Lagos,Open Market/Kiosk,Dairy,Butter 250g,44,307.8563276824057,13545.68,9166.75,4378.93,0
2024-03,Lagos,Convenience Store,Dairy,Butter 250g,45,358.517616372405,16133.29,9973.17,6160.12,0
2024-03,Lagos,Online,Dairy,Butter 250g,29,855.4687514973019,24808.59,18265.61,6542.98,0
2024-03,Abuja,Supermarket,Beverages,Cola 50cl,58,276.77789236648835,16053.12,10913.78,5139.34,0
2024-03,Abuja,Open Market/Kiosk,Beverages,Cola 50cl,51,341.59587064977813,17421.39,12689.54,4731.85,0
2024-03,Abuja,Convenience Store,Beverages,Cola 50cl,30,203.117519661472,6093.53,4518.23,1575.3,1
2024-03,Abuja,Online,Beverages,Cola 50cl,13,251.9970158626994,3275.96,2207.21,1068.75,0
2024-03,Abuja,Supermarket,Beverages,Malt Drink 33cl,46,234.35484838722516,10780.32,6892.68,3887.64,0
2024-03,Abuja,Open Market/Kiosk,Beverages,Malt Drink 33cl,54,246.6132490386605,13317.12,8573.3,4743.82,0
2024-03,Abuja,Convenience Store,Beverages,Malt Drink 33cl,32,232.38930972245274,7436.46,5148.51,2287.95,0
2024-03,Abuja,Online,Beverages,Malt Drink 33cl,21,277.62798050325387,5830.19,4326.84,1503.35,0
2024-03,Abuja,Supermarket,Beverages,Bottled Water 75cl,40,212.00680480249002,8480.27,5808.55,2671.72,0
2024-03,Abuja,Open Market/Kiosk,Beverages,Bottled Water 75cl,49,154.0243443706148,7547.19,5455.94,2091.25,0
2024-03,Abuja,Convenience Store,Beverages,Bottled Water 75cl,37,341.19601176521445,12624.25,8139.14,4485.11,0
2024-03,Abuja,Online,Beverages,Bottled Water 75cl,26,244.16328387317964,6348.25,4329.46,2018.79,0
2024-03,Abuja,Supermarket,Snacks,Biscuit Pack,41,380.4466121331404,15598.31,10363.79,5234.52,0
2024-03,Abuja,Open Market/Kiosk,Snacks,Biscuit Pack,53,171.9846711170894,9115.19,6381.14,2734.05,0
2024-03,Abuja,Convenience Store,Snacks,Biscuit Pack,21,349.3737415269827,7336.85,4989.3,2347.55,0
2024-03,Abuja,Online,Snacks,Biscuit Pack,14,183.90215696393295,2574.63,1637.99,936.64,0
2024-03,Abuja,Supermarket,Snacks,Chips 45g,41,387.8776442827702,15902.98,9637.37,6265.61,1
2024-03,Abuja,Open Market/Kiosk,Snacks,Chips 45g,54,275.7334812793143,14889.61,9525.55,5364.06,0
2024-03,Abuja,Convenience Store,Snacks,Chips 45g,38,293.8140832289788,11164.94,7920.72,3244.22,0
2024-03,Abuja,Online,Snacks,Chips 45g,20,378.9611446881637,7579.22,5460.06,2119.16,0
2024-03,Abuja,Supermarket,Snacks,Chocolate Bar,65,139.30438559513968,9054.79,5643.18,3411.61,0
2024-03,Abuja,Open Market/Kiosk,Snacks,Chocolate Bar,52,251.1075283712334,13057.59,8924.95,4132.64,0
2024-03,Abuja,Convenience Store,Snacks,Chocolate Bar,28,294.43063817832143,8244.06,5329.6,2914.46,0
2024-03,Abuja,Online,Snacks,Chocolate Bar,19,350.67151152719464,6662.76,4006.82,2655.94,0
2024-03,Abuja,Supermarket,Personal Care,Soap Bar,28,674.3222888677585,18881.02,12484.25,6396.77,0
2024-03,Abuja,Open Market/Kiosk,Personal Care,Soap Bar,61,814.7077702130583,49697.17,33799.31,15897.86,0
2024-03,Abuja,Convenience Store,Personal Care,Soap Bar,22,1150.6102038703982,25313.42,17737.0,7576.42,0
2024-03,Abuja,Online,Personal Care,Soap Bar,24,413.65512532611206,9927.72,7110.24,2817.48,0
2024-03,Abuja,Supermarket,Personal Care,Toothpaste 100g,67,856.0318751303578,57354.14,42691.83,14662.31,0
2024-03,Abuja,Open Market/Kiosk,Personal Care,Toothpaste 100g,46,822.8717279684332,37852.1,26283.85,11568.25,0
2024-03,Abuja,Convenience Store,Personal Care,Toothpaste 100g,43,517.5880567317134,22256.29,14616.87,7639.42,0
2024-03,Abuja,Online,Personal Care,Toothpaste 100g,19,751.2973263281197,14274.65,10235.1,4039.55,0
2024-03,Abuja,Supermarket,Personal Care,Shampoo 200ml,46,737.7645319825604,33937.17,24499.58,9437.59,0
2024-03,Abuja,Open Market/Kiosk,Personal Care,Shampoo 200ml,50,421.9651862046786,21098.26,15614.78,5483.48,0
2024-03,Abuja,Convenience Store,Personal Care,Shampoo 200ml,25,453.6914340030032,11342.29,7056.24,4286.05,0
2024-03,Abuja,Online,Personal Care,Shampoo 200ml,26,520.2440373213308,13526.34,9931.89,3594.45,1
2024-03,Abuja,Supermarket,Household,Detergent 1kg,67,450.67608664301434,30195.3,19650.59,10544.71,0
2024-03,Abuja,Open Market/Kiosk,Household,Detergent 1kg,60,531.735963075417,31904.16,20504.06,11400.1,0
2024-03,Abuja,Convenience Store,Household,Detergent 1kg,27,691.8135979946576,18678.97,12105.83,6573.14,0
2024-03,Abuja,Online,Household,Detergent 1kg,14,1136.9488399451398,15917.28,11474.51,4442.77,0
2024-03,Abuja,Supermarket,Household,Bleach 500ml,36,1105.7376493677336,39806.56,26452.51,13354.05,0
2024-03,Abuja,Open Market/Kiosk,Household,Bleach 500ml,53,554.5489107750691,29391.09,18550.88,10840.21,0
2024-03,Abuja,Convenience Store,Household,Bleach 500ml,42,516.7430212399214,21703.21,13545.13,8158.08,1
2024-03,Abuja,Online,Household,Bleach 500ml,14,702.1755360878581,9830.46,5958.12,3872.34,0
2024-03,Abuja,Supermarket,Household,Air Freshener,62,733.6091286719898,45483.77,27743.32,17740.45,1
2024-03,Abuja,Open Market/Kiosk,Household,Air Freshener,43,474.81125514766256,20416.88,12907.24,7509.64,0
2024-03,Abuja,Convenience Store,Household,Air Freshener,22,787.5397726300961,17325.87,10524.9,6800.97,0
2024-03,Abuja,Online,Household,Air Freshener,27,963.8338375166328,26023.51,17390.02,8633.49,0
2024-03,Abuja,Supermarket,Dairy,Milk 1L,40,864.7535660554996,34590.14,21776.77,12813.37,0
2024-03,Abuja,Open Market/Kiosk,Dairy,Milk 1L,59,626.4343726227819,36959.63,23224.01,13735.62,0
2024-03,Abuja,Convenience Store,Dairy,Milk 1L,26,511.8105971302217,13307.08,9159.55,4147.53,0
2024-03,Abuja,Online,Dairy,Milk 1L,25,884.3160608092988,22107.9,14214.03,7893.87,0
2024-03,Abuja,Supermarket,Dairy,Yogurt 200ml,57,831.772008254734,47411.0,33325.36,14085.64,0
2024-03,Abuja,Open Market/Kiosk,Dairy,Yogurt 200ml,37,880.9342180660159,32594.57,20415.85,12178.72,0
2024-03,Abuja,Convenience Store,Dairy,Yogurt 200ml,26,368.1755026835173,9572.56,5866.89,3705.67,0
2024-03,Abuja,Online,Dairy,Yogurt 200ml,15,451.26067650184973,6768.91,4735.26,2033.65,0
2024-03,Abuja,Supermarket,Dairy,Butter 250g,32,397.89702000870113,12732.7,8173.63,4559.07,0
2024-03,Abuja,Open Market/Kiosk,Dairy,Butter 250g,43,416.41376248998347,17905.79,12491.51,5414.28,0
2024-03,Abuja,Convenience Store,Dairy,Butter 250g,28,513.0588183139606,14365.65,9104.68,5260.97,0
2024-03,Abuja,Online,Dairy,Butter 250g,25,673.0124085504863,16825.31,11645.22,5180.09,0
2024-03,Port Harcourt,Supermarket,Beverages,Cola 50cl,57,252.5499799587859,14395.35,10519.15,3876.2,0
2024-03,Port Harcourt,Open Market/Kiosk,Beverages,Cola 50cl,42,249.26455425687578,10469.11,7222.55,3246.56,0
2024-03,Port Harcourt,Convenience Store,Beverages,Cola 50cl,19,263.89647762731835,5014.03,3168.5,1845.53,0
2024-03,Port Harcourt,Online,Beverages,Cola 50cl,14,175.95659314452226,2463.39,1702.21,761.18,1
2024-03,Port Harcourt,Supermarket,Beverages,Malt Drink 33cl,37,197.84221760684375,7320.16,5007.37,2312.79,0
2024-03,Port Harcourt,Open Market/Kiosk,Beverages,Malt Drink 33cl,45,259.52322013074945,11678.54,7400.54,4278.0,0
2024-03,Port Harcourt,Convenience Store,Beverages,Malt Drink 33cl,41,220.1951247852183,9028.0,6217.02,2810.98,1
2024-03,Port Harcourt,Online,Beverages,Malt Drink 33cl,17,200.51720133694482,3408.79,2383.75,1025.04,0
2024-03,Port Harcourt,Supermarket,Beverages,Bottled Water 75cl,34,251.57948320067618,8553.7,5277.7,3276.0,0
2024-03,Port Harcourt,Open Market/Kiosk,Beverages,Bottled Water 75cl,59,161.0313181203571,9500.85,5911.57,3589.28,0
2024-03,Port Harcourt,Convenience Store,Beverages,Bottled Water 75cl,37,291.09933038692475,10770.68,7326.04,3444.64,0
2024-03,Port Harcourt,Online,Beverages,Bottled Water 75cl,17,164.83523911886243,2802.2,1730.73,1071.47,1
2024-03,Port Harcourt,Supermarket,Snacks,Biscuit Pack,43,300.405835753768,12917.45,8370.86,4546.59,0
2024-03,Port Harcourt,Open Market/Kiosk,Snacks,Biscuit Pack,35,193.95461521109053,6788.41,4322.8,2465.61,0
2024-03,Port Harcourt,Convenience Store,Snacks,Biscuit Pack,34,358.3100199916721,12182.54,8247.76,3934.78,0
2024-03,Port Harcourt,Online,Snacks,Biscuit Pack,28,246.58147776339544,6904.28,4833.7,2070.58,0
2024-03,Port Harcourt,Supermarket,Snacks,Chips 45g,27,235.00727185834077,6345.2,3963.9,2381.3,0
2024-03,Port Harcourt,Open Market/Kiosk,Snacks,Chips 45g,42,121.66880448174335,5110.09,3642.79,1467.3,0
2024-03,Port Harcourt,Convenience Store,Snacks,Chips 45g,32,111.5084664363924,3568.27,2332.32,1235.95,0
2024-03,Port Harcourt,Online,Snacks,Chips 45g,23,330.93169221567564,7611.43,5157.84,2453.59,0
2024-03,Port Harcourt,Supermarket,Snacks,Chocolate Bar,34,284.4709043700808,9672.01,6887.28,2784.73,0
2024-03,Port Harcourt,Open Market/Kiosk,Snacks,Chocolate Bar,31,176.99850696877434,5486.95,3633.26,1853.69,0
2024-03,Port Harcourt,Convenience Store,Snacks,Chocolate Bar,34,293.4159932145453,9976.14,6814.97,3161.17,0
2024-03,Port Harcourt,Online,Snacks,Chocolate Bar,13,171.1211173522534,2224.57,1409.24,815.33,1
2024-03,Port Harcourt,Supermarket,Personal Care,Soap Bar,29,425.74851028105866,12346.71,9137.21,3209.5,0
2024-03,Port Harcourt,Open Market/Kiosk,Personal Care,Soap Bar,33,870.4648368617916,28725.34,20101.73,8623.61,0
2024-03,Port Harcourt,Convenience Store,Personal Care,Soap Bar,35,839.4874878248595,29382.06,18963.07,10418.99,0
2024-03,Port Harcourt,Online,Personal Care,Soap Bar,11,973.5377244853643,10708.91,7857.91,2851.0,0
2024-03,Port Harcourt,Supermarket,Personal Care,Toothpaste 100g,39,862.2306024659472,33626.99,20695.46,12931.53,0
2024-03,Port Harcourt,Open Market/Kiosk,Personal Care,Toothpaste 100g,40,323.1681687724946,12926.73,9495.91,3430.82,0
2024-03,Port Harcourt,Convenience Store,Personal Care,Toothpaste 100g,35,740.2946238192816,25910.31,15640.98,10269.33,0
2024-03,Port Harcourt,Online,Personal Care,Toothpaste 100g,18,300.6451728359218,5411.61,3436.57,1975.04,0
2024-03,Port Harcourt,Supermarket,Personal Care,Shampoo 200ml,28,396.292135057161,11096.18,7085.39,4010.79,0
2024-03,Port Harcourt,Open Market/Kiosk,Personal Care,Shampoo 200ml,31,764.3512906728811,23694.89,17436.87,6258.02,0
2024-03,Port Harcourt,Convenience Store,Personal Care,Shampoo 200ml,25,1071.0569518553077,26776.42,18317.86,8458.56,0
2024-03,Port Harcourt,Online,Personal Care,Shampoo 200ml,12,710.0947393977827,8521.14,5602.31,2918.83,0
2024-03,Port Harcourt,Supermarket,Household,Detergent 1kg,30,1315.3786991020302,39461.36,24378.01,15083.35,0
2024-03,Port Harcourt,Open Market/Kiosk,Household,Detergent 1kg,49,851.5750627865707,41727.18,25889.87,15837.31,0
2024-03,Port Harcourt,Convenience Store,Household,Detergent 1kg,13,613.0887558539276,7970.15,5209.9,2760.25,0
2024-03,Port Harcourt,Online,Household,Detergent 1kg,27,1119.155715251772,30217.2,21063.91,9153.29,0
2024-03,Port Harcourt,Supermarket,Household,Bleach 500ml,26,631.0520710212766,16407.35,10623.6,5783.75,0
2024-03,Port Harcourt,Open Market/Kiosk,Household,Bleach 500ml,45,1176.663926101834,52949.88,33816.67,19133.21,0
2024-03,Port Harcourt,Convenience Store,Household,Bleach 500ml,26,543.3868476862709,14128.06,9313.45,4814.61,0
2024-03,Port Harcourt,Online,Household,Bleach 500ml,23,1148.6414022106442,26418.75,16302.07,10116.68,0
2024-03,Port Harcourt,Supermarket,Household,Air Freshener,35,1338.6811473695961,46853.84,33541.65,13312.19,0
2024-03,Port Harcourt,Open Market/Kiosk,Household,Air Freshener,59,960.7327735909586,56683.23,37065.21,19618.02,0
2024-03,Port Harcourt,Convenience Store,Household,Air Freshener,34,1087.4381474486152,36972.9,27352.07,9620.83,0
2024-03,Port Harcourt,Online,Household,Air Freshener,26,1136.2831858390757,29543.36,18392.12,11151.24,0
2024-03,Port Harcourt,Supermarket,Dairy,Milk 1L,38,271.3199182799824,10310.16,6836.15,3474.01,0
2024-03,Port Harcourt,Open Market/Kiosk,Dairy,Milk 1L,59,387.15434960989194,22842.11,16063.58,6778.53,0
2024-03,Port Harcourt,Convenience Store,Dairy,Milk 1L,33,398.47680400047307,13149.73,8430.32,4719.41,0
2024-03,Port Harcourt,Online,Dairy,Milk 1L,11,696.733952868533,7664.07,4708.52,2955.55,1
2024-03,Port Harcourt,Supermarket,Dairy,Yogurt 200ml,47,541.311050563857,25441.62,17694.75,7746.87,0
2024-03,Port Harcourt,Open Market/Kiosk,Dairy,Yogurt 200ml,51,797.1756608687323,40655.96,29280.54,11375.42,0
2024-03,Port Harcourt,Convenience Store,Dairy,Yogurt 200ml,30,667.4362640517534,20023.09,12751.6,7271.49,0
2024-03,Port Harcourt,Online,Dairy,Yogurt 200ml,18,424.37941329481185,7638.83,4630.25,3008.58,0
2024-03,Port Harcourt,Supermarket,Dairy,Butter 250g,44,364.1869936795799,16024.23,11922.67,4101.56,0
2024-03,Port Harcourt,Open Market/Kiosk,Dairy,Butter 250g,50,417.12702759915146,20856.35,15481.63,5374.72,0
2024-03,Port Harcourt,Convenience Store,Dairy,Butter 250g,42,519.6504526960367,21825.32,15493.98,6331.34,0
2024-03,Port Harcourt,Online,Dairy,Butter 250g,23,342.1988584510404,7870.57,4974.75,2895.82,0
2024-03,Kano,Supermarket,Beverages,Cola 50cl,47,295.9356827294482,13908.98,9567.7,4341.28,1
2024-03,Kano,Open Market/Kiosk,Beverages,Cola 50cl,30,188.21037374173656,5646.31,3717.12,1929.19,0
2024-03,Kano,Convenience Store,Beverages,Cola 50cl,24,248.96569132428402,5975.18,4457.85,1517.33,0
2024-03,Kano,Online,Beverages,Cola 50cl,16,198.43668911875355,3174.99,1961.16,1213.83,0
2024-03,Kano,Supermarket,Beverages,Malt Drink 33cl,23,336.7230755670188,7744.63,5774.67,1969.96,0
2024-03,Kano,Open Market/Kiosk,Beverages,Malt Drink 33cl,41,342.7635322376361,14053.3,9791.33,4261.97,0
2024-03,Kano,Convenience Store,Beverages,Malt Drink 33cl,30,334.2138972599163,10026.42,6170.98,3855.44,1
2024-03,Kano,Online,Beverages,Malt Drink 33cl,20,226.99174452751143,4539.83,3010.34,1529.49,0
2024-03,Kano,Supermarket,Beverages,Bottled Water 75cl,23,287.1077241125247,6603.48,4443.87,2159.61,0
2024-03,Kano,Open Market/Kiosk,Beverages,Bottled Water 75cl,36,296.1029308052653,10659.71,6506.14,4153.57,1
2024-03,Kano,Convenience Store,Beverages,Bottled Water 75cl,18,337.22511430802695,6070.05,3947.06,2122.99,0
2024-03,Kano,Online,Beverages,Bottled Water 75cl,16,207.91654093414542,3326.66,2463.53,863.13,0
2024-03,Kano,Supermarket,Snacks,Biscuit Pack,29,191.6240495628254,5557.1,3347.46,2209.64,0
2024-03,Kano,Open Market/Kiosk,Snacks,Biscuit Pack,40,188.5326580552856,7541.31,4635.21,2906.1,0
2024-03,Kano,Convenience Store,Snacks,Biscuit Pack,21,276.7994934843184,5812.79,4182.55,1630.24,0
2024-03,Kano,Online,Snacks,Biscuit Pack,13,288.73527359028003,3753.56,2265.89,1487.67,0
2024-03,Kano,Supermarket,Snacks,Chips 45g,26,373.9617885442517,9723.01,5849.37,3873.64,0
2024-03,Kano,Open Market/Kiosk,Snacks,Chips 45g,32,284.1123908631242,9091.6,6489.23,2602.37,0
2024-03,Kano,Convenience Store,Snacks,Chips 45g,32,283.44845581575976,9070.35,5536.97,3533.38,0
2024-03,Kano,Online,Snacks,Chips 45g,15,219.42615347086925,3291.39,2406.12,885.27,0
2024-03,Kano,Supermarket,Snacks,Chocolate Bar,34,122.35313854559202,4160.01,2540.26,1619.75,0
2024-03,Kano,Open Market/Kiosk,Snacks,Chocolate Bar,31,336.4825624512489,10430.96,6321.68,4109.28,0
2024-03,Kano,Convenience Store,Snacks,Chocolate Bar,19,243.02616265249844,4617.5,3044.6,1572.9,0
2024-03,Kano,Online,Snacks,Chocolate Bar,14,161.82213398115258,2265.51,1402.1,863.41,0
2024-03,Kano,Supermarket,Personal Care,Soap Bar,48,688.6245907073209,33053.98,24497.79,8556.19,0
2024-03,Kano,Open Market/Kiosk,Personal Care,Soap Bar,47,720.9824078618216,33886.17,24454.78,9431.39,0
2024-03,Kano,Convenience Store,Personal Care,Soap Bar,29,793.5608430677205,23013.26,14781.17,8232.09,0
2024-03,Kano,Online,Personal Care,Soap Bar,11,708.0335450437416,7788.37,5195.62,2592.75,0
2024-03,Kano,Supermarket,Personal Care,Toothpaste 100g,29,969.1898426735652,28106.51,17583.83,10522.68,0
2024-03,Kano,Open Market/Kiosk,Personal Care,Toothpaste 100g,42,1067.2848667703702,44825.96,33454.92,11371.04,0
2024-03,Kano,Convenience Store,Personal Care,Toothpaste 100g,28,944.0963868650803,26434.7,18199.22,8235.48,0
2024-03,Kano,Online,Personal Care,Toothpaste 100g,16,488.35898537710784,7813.74,5285.67,2528.07,0
2024-03,Kano,Supermarket,Personal Care,Shampoo 200ml,24,813.6148575647808,19526.76,13390.95,6135.81,0
2024-03,Kano,Open Market/Kiosk,Personal Care,Shampoo 200ml,27,1187.2725963698438,32056.36,20191.09,11865.27,0
2024-03,Kano,Convenience Store,Personal Care,Shampoo 200ml,34,672.5334522473299,22866.14,15962.93,6903.21,0
2024-03,Kano,Online,Personal Care,Shampoo 200ml,13,1007.0999417500105,13092.3,9219.9,3872.4,0
2024-03,Kano,Supermarket,Household,Detergent 1kg,50,1458.4045004409802,72920.23,46709.6,26210.63,0
2024-03,Kano,Open Market/Kiosk,Household,Detergent 1kg,34,887.9596714500059,30190.63,22068.99,8121.64,0
2024-03,Kano,Convenience Store,Household,Detergent 1kg,19,1420.5706273128471,26990.84,19111.89,7878.95,0
2024-03,Kano,Online,Household,Detergent 1kg,9,915.5168006960238,8239.65,5173.47,3066.18,1
2024-03,Kano,Supermarket,Household,Bleach 500ml,26,568.7013101573202,14786.23,8872.65,5913.58,0
2024-03,Kano,Open Market/Kiosk,Household,Bleach 500ml,42,751.2485680235114,31552.44,23455.7,8096.74,1
2024-03,Kano,Convenience Store,Household,Bleach 500ml,23,991.1586324597877,22796.65,15196.63,7600.02,0
2024-03,Kano,Online,Household,Bleach 500ml,21,995.4689209713939,20904.85,12970.15,7934.7,0
2024-03,Kano,Supermarket,Household,Air Freshener,35,837.8603247468315,29325.11,21127.48,8197.63,0
2024-03,Kano,Open Market/Kiosk,Household,Air Freshener,48,846.1813292809866,40616.7,24778.79,15837.91,0
2024-03,Kano,Convenience Store,Household,Air Freshener,31,832.4874780206906,25807.11,16594.75,9212.36,0
2024-03,Kano,Online,Household,Air Freshener,20,696.9710005410083,13939.42,10214.14,3725.28,0
2024-03,Kano,Supermarket,Dairy,Milk 1L,41,256.2003201166042,10504.21,6937.33,3566.88,0
2024-03,Kano,Open Market/Kiosk,Dairy,Milk 1L,46,714.199545154913,32853.18,23956.04,8897.14,0
2024-03,Kano,Convenience Store,Dairy,Milk 1L,27,842.160204986493,22738.33,17030.43,5707.9,0
2024-03,Kano,Online,Dairy,Milk 1L,15,801.4715221798322,12022.07,7250.03,4772.04,0
2024-03,Kano,Supermarket,Dairy,Yogurt 200ml,26,516.0122229605082,13416.32,8631.78,4784.54,0
2024-03,Kano,Open Market/Kiosk,Dairy,Yogurt 200ml,51,422.2726967913559,21535.91,14653.65,6882.26,0
2024-03,Kano,Convenience Store,Dairy,Yogurt 200ml,27,629.5078737502099,16996.71,11145.07,5851.64,0
2024-03,Kano,Online,Dairy,Yogurt 200ml,12,573.6845966818056,6884.22,4702.79,2181.43,0
2024-03,Kano,Supermarket,Dairy,Butter 250g,32,389.21456428073145,12454.87,7585.15,4869.72,0
2024-03,Kano,Open Market/Kiosk,Dairy,Butter 250g,33,644.0408174434979,21253.35,13826.12,7427.23,0
2024-03,Kano,Convenience Store,Dairy,Butter 250g,19,257.8454579454017,4899.06,3320.78,1578.28,0
2024-03,Kano,Online,Dairy,Butter 250g,19,577.8736758148884,10979.6,7813.16,3166.44,0
2024-03,Ibadan,Supermarket,Beverages,Cola 50cl,26,207.89957302394393,5405.39,3669.26,1736.13,0
2024-03,Ibadan,Open Market/Kiosk,Beverages,Cola 50cl,42,300.73322758191625,12630.8,8343.55,4287.25,0
2024-03,Ibadan,Convenience Store,Beverages,Cola 50cl,17,298.66658271313133,5077.33,3344.25,1733.08,0
2024-03,Ibadan,Online,Beverages,Cola 50cl,11,233.751798096531,2571.27,1600.44,970.83,0
2024-03,Ibadan,Supermarket,Beverages,Malt Drink 33cl,26,189.29653048058373,4921.71,3123.19,1798.52,0
2024-03,Ibadan,Open Market/Kiosk,Beverages,Malt Drink 33cl,22,284.2736017793592,6254.02,4495.35,1758.67,0
2024-03,Ibadan,Convenience Store,Beverages,Malt Drink 33cl,19,202.64923496610888,3850.34,2872.56,977.78,0
2024-03,Ibadan,Online,Beverages,Malt Drink 33cl,13,321.577837049248,4180.51,2819.22,1361.29,0
2024-03,Ibadan,Supermarket,Beverages,Bottled Water 75cl,28,161.55763940397284,4523.61,2807.1,1716.51,0
2024-03,Ibadan,Open Market/Kiosk,Beverages,Bottled Water 75cl,34,201.6528715774327,6856.2,4540.36,2315.84,0
2024-03,Ibadan,Convenience Store,Beverages,Bottled Water 75cl,11,230.3903849230439,2534.29,1743.41,790.88,0
2024-03,Ibadan,Online,Beverages,Bottled Water 75cl,11,348.5607956372029,3834.17,2674.5,1159.67,0
2024-03,Ibadan,Supermarket,Snacks,Biscuit Pack,27,316.12482072770285,8535.37,5765.3,2770.07,0
2024-03,Ibadan,Open Market/Kiosk,Snacks,Biscuit Pack,51,172.57831843577097,8801.49,6512.81,2288.68,0
2024-03,Ibadan,Convenience Store,Snacks,Biscuit Pack,28,108.6990233007844,3043.57,1923.96,1119.61,0
2024-03,Ibadan,Online,Snacks,Biscuit Pack,15,358.3026463924041,5374.54,3561.71,1812.83,0
2024-03,Ibadan,Supermarket,Snacks,Chips 45g,44,301.45354218431123,13263.96,8147.16,5116.8,0
2024-03,Ibadan,Open Market/Kiosk,Snacks,Chips 45g,38,110.25267671232622,4189.6,2969.3,1220.3,0
2024-03,Ibadan,Convenience Store,Snacks,Chips 45g,18,394.14123933492135,7094.54,4599.48,2495.06,0
2024-03,Ibadan,Online,Snacks,Chips 45g,16,282.01587393466957,4512.25,3082.13,1430.12,1
2024-03,Ibadan,Supermarket,Snacks,Chocolate Bar,44,125.14124772851824,5506.21,3670.26,1835.95,0
2024-03,Ibadan,Open Market/Kiosk,Snacks,Chocolate Bar,41,147.25016442274114,6037.26,3734.16,2303.1,1
2024-03,Ibadan,Convenience Store,Snacks,Chocolate Bar,18,282.83358919818363,5091.0,3351.86,1739.14,0
2024-03,Ibadan,Online,Snacks,Chocolate Bar,17,191.03596493488186,3247.61,2068.28,1179.33,0
2024-03,Ibadan,Supermarket,Personal Care,Soap Bar,20,590.4153363700382,11808.31,8164.02,3644.29,0
2024-03,Ibadan,Open Market/Kiosk,Personal Care,Soap Bar,33,895.3718917315574,29547.27,20260.59,9286.68,0
2024-03,Ibadan,Convenience Store,Personal Care,Soap Bar,15,798.8903382752899,11983.36,8347.2,3636.16,0
2024-03,Ibadan,Online,Personal Care,Soap Bar,18,926.8564651292002,16683.42,12057.07,4626.35,0
2024-03,Ibadan,Supermarket,Personal Care,Toothpaste 100g,25,763.4365458532345,19085.91,11760.52,7325.39,1
2024-03,Ibadan,Open Market/Kiosk,Personal Care,Toothpaste 100g,56,606.5183436790069,33965.03,22916.87,11048.16,0
2024-03,Ibadan,Convenience Store,Personal Care,Toothpaste 100g,15,366.82217339749116,5502.33,3333.48,2168.85,0
2024-03,Ibadan,Online,Personal Care,Toothpaste 100g,13,643.762217140742,8368.91,6272.9,2096.01,0
2024-03,Ibadan,Supermarket,Personal Care,Shampoo 200ml,27,947.6025719388914,25585.27,18174.69,7410.58,0
2024-03,Ibadan,Open Market/Kiosk,Personal Care,Shampoo 200ml,39,327.0182031456027,12753.71,9475.61,3278.1,0
2024-03,Ibadan,Convenience Store,Personal Care,Shampoo 200ml,20,1155.5345693380118,23110.69,14629.45,8481.24,0
2024-03,Ibadan,Online,Personal Care,Shampoo 200ml,22,717.8985703156375,15793.77,9548.51,6245.26,0
2024-03,Ibadan,Supermarket,Household,Detergent 1kg,38,1262.6058971552875,47979.02,33987.94,13991.08,0
2024-03,Ibadan,Open Market/Kiosk,Household,Detergent 1kg,31,838.9444972531345,26007.28,16485.55,9521.73,0
2024-03,Ibadan,Convenience Store,Household,Detergent 1kg,22,717.830718323341,15792.28,11693.94,4098.34,0
2024-03,Ibadan,Online,Household,Detergent 1kg,13,559.1816997501719,7269.36,4604.39,2664.97,0
2024-03,Ibadan,Supermarket,Household,Bleach 500ml,45,1063.0882854934353,47838.97,35432.64,12406.33,0
2024-03,Ibadan,Open Market/Kiosk,Household,Bleach 500ml,52,857.3646682761014,44582.96,31496.56,13086.4,1
2024-03,Ibadan,Convenience Store,Household,Bleach 500ml,20,1127.0712027146433,22541.42,15152.14,7389.28,0
2024-03,Ibadan,Online,Household,Bleach 500ml,17,790.644940428288,13440.96,8889.58,4551.38,0
2024-03,Ibadan,Supermarket,Household,Air Freshener,26,1425.9102890752845,37073.67,25911.66,11162.01,0
2024-03,Ibadan,Open Market/Kiosk,Household,Air Freshener,56,1339.3433093159979,75003.23,48050.41,26952.82,0
2024-03,Ibadan,Convenience Store,Household,Air Freshener,15,655.0455752711332,9825.68,6725.37,3100.31,0
2024-03,Ibadan,Online,Household,Air Freshener,11,1201.3180401144514,13214.5,9819.54,3394.96,0
2024-03,Ibadan,Supermarket,Dairy,Milk 1L,51,873.9458482673591,44571.24,31279.3,13291.94,0
2024-03,Ibadan,Open Market/Kiosk,Dairy,Milk 1L,56,696.5190869005348,39005.07,28036.3,10968.77,0
2024-03,Ibadan,Convenience Store,Dairy,Milk 1L,22,842.0167048314668,18524.37,13466.9,5057.47,0
2024-03,Ibadan,Online,Dairy,Milk 1L,11,828.6966621237882,9115.66,5994.39,3121.27,0
2024-03,Ibadan,Supermarket,Dairy,Yogurt 200ml,41,315.34473314969335,12929.13,8719.83,4209.3,0
2024-03,Ibadan,Open Market/Kiosk,Dairy,Yogurt 200ml,39,542.6723757728148,21164.22,13331.49,7832.73,0
2024-03,Ibadan,Convenience Store,Dairy,Yogurt 200ml,23,334.3090676935175,7689.11,5136.81,2552.3,0
2024-03,Ibadan,Online,Dairy,Yogurt 200ml,19,437.96586500668803,8321.35,5379.46,2941.89,0
2024-03,Ibadan,Supermarket,Dairy,Butter 250g,40,301.86293036210026,12074.52,8001.73,4072.79,1
2024-03,Ibadan,Open Market/Kiosk,Dairy,Butter 250g,52,393.9756830550043,20486.74,13865.5,6621.24,0
2024-03,Ibadan,Convenience Store,Dairy,Butter 250g,31,314.0215170916121,9734.67,6227.94,3506.73,0
2024-03,Ibadan,Online,Dairy,Butter 250g,20,478.38135752570236,9567.63,6120.7,3446.93,0
2024-04,Lagos,Supermarket,Beverages,Cola 50cl,62,169.98637541088192,10539.16,6654.94,3884.22,0
2024-04,Lagos,Open Market/Kiosk,Beverages,Cola 50cl,54,338.4601875802414,18276.85,12873.33,5403.52,0
2024-04,Lagos,Convenience Store,Beverages,Cola 50cl,35,192.25258338763928,6728.84,4717.59,2011.25,0
2024-04,Lagos,Online,Beverages,Cola 50cl,21,349.6842467847548,7343.37,4529.81,2813.56,0
2024-04,Lagos,Supermarket,Beverages,Malt Drink 33cl,49,307.62378798904376,15073.57,10220.07,4853.5,0
2024-04,Lagos,Open Market/Kiosk,Beverages,Malt Drink 33cl,53,251.03280365866294,13304.74,9541.07,3763.67,0
2024-04,Lagos,Convenience Store,Beverages,Malt Drink 33cl,30,231.88958752546182,6956.69,4777.24,2179.45,0
2024-04,Lagos,Online,Beverages,Malt Drink 33cl,31,203.19481293082242,6299.04,4001.85,2297.19,0
2024-04,Lagos,Supermarket,Beverages,Bottled Water 75cl,35,242.11320151245116,8473.96,5796.05,2677.91,0
2024-04,Lagos,Open Market/Kiosk,Beverages,Bottled Water 75cl,42,256.9601953838336,10792.33,7695.91,3096.42,0
2024-04,Lagos,Convenience Store,Beverages,Bottled Water 75cl,40,202.88085958592907,8115.23,5578.81,2536.42,0
2024-04,Lagos,Online,Beverages,Bottled Water 75cl,29,318.8419171552464,9246.42,6520.31,2726.11,0
2024-04,Lagos,Supermarket,Snacks,Biscuit Pack,54,100.27175057382706,5414.67,3441.71,1972.96,0
2024-04,Lagos,Open Market/Kiosk,Snacks,Biscuit Pack,81,196.95821959730085,15953.62,9922.45,6031.17,0
2024-04,Lagos,Convenience Store,Snacks,Biscuit Pack,43,298.94434881994675,12854.61,9131.23,3723.38,0
2024-04,Lagos,Online,Snacks,Biscuit Pack,23,365.199333061356,8399.58,6273.04,2126.54,0
2024-04,Lagos,Supermarket,Snacks,Chips 45g,36,284.2551171953618,10233.18,6148.55,4084.63,0
2024-04,Lagos,Open Market/Kiosk,Snacks,Chips 45g,47,204.54339273869658,9613.54,6482.39,3131.15,0
2024-04,Lagos,Convenience Store,Snacks,Chips 45g,55,267.0533239403687,14687.93,9007.79,5680.14,0
2024-04,Lagos,Online,Snacks,Chips 45g,22,122.76149236721426,2700.75,1810.62,890.13,0
2024-04,Lagos,Supermarket,Snacks,Chocolate Bar,48,381.7326094930722,18323.17,13442.31,4880.86,0
2024-04,Lagos,Open Market/Kiosk,Snacks,Chocolate Bar,41,225.51500131398146,9246.12,5594.53,3651.59,0
2024-04,Lagos,Convenience Store,Snacks,Chocolate Bar,29,200.240923562852,5806.99,3893.8,1913.19,1
2024-04,Lagos,Online,Snacks,Chocolate Bar,21,293.5833265970689,6165.25,4343.81,1821.44,0
2024-04,Lagos,Supermarket,Personal Care,Soap Bar,72,606.2474840106278,43649.82,29438.59,14211.23,0
2024-04,Lagos,Open Market/Kiosk,Personal Care,Soap Bar,44,603.5139757522579,26554.61,16135.33,10419.28,0
2024-04,Lagos,Convenience Store,Personal Care,Soap Bar,27,1023.7826165680029,27642.13,18059.8,9582.33,0
2024-04,Lagos,Online,Personal Care,Soap Bar,28,637.9487598186481,17862.57,11365.7,6496.87,0
2024-04,Lagos,Supermarket,Personal Care,Toothpaste 100g,47,744.15826439454,34975.44,24656.18,10319.26,0
2024-04,Lagos,Open Market/Kiosk,Personal Care,Toothpaste 100g,103,1144.8748994518496,117922.11,78574.26,39347.85,0
2024-04,Lagos,Convenience Store,Personal Care,Toothpaste 100g,34,1084.9840760990055,36889.46,23009.29,13880.17,0
2024-04,Lagos,Online,Personal Care,Toothpaste 100g,15,316.67211907136027,4750.08,3194.61,1555.47,0
2024-04,Lagos,Supermarket,Personal Care,Shampoo 200ml,45,777.6755421493281,34995.4,22505.53,12489.87,0
2024-04,Lagos,Open Market/Kiosk,Personal Care,Shampoo 200ml,55,476.01358239137073,26180.75,17908.58,8272.17,0
2024-04,Lagos,Convenience Store,Personal Care,Shampoo 200ml,30,497.3657542543476,14920.97,9971.65,4949.32,0
2024-04,Lagos,Online,Personal Care,Shampoo 200ml,21,361.8758568798096,7599.39,5139.06,2460.33,0
2024-04,Lagos,Supermarket,Household,Detergent 1kg,50,821.411576949643,41070.58,30600.95,10469.63,0
2024-04,Lagos,Open Market/Kiosk,Household,Detergent 1kg,57,985.18715009786,56155.67,40269.79,15885.88,0
2024-04,Lagos,Convenience Store,Household,Detergent 1kg,39,787.6760046927257,30719.36,19298.09,11421.27,0
2024-04,Lagos,Online,Household,Detergent 1kg,20,586.6757630707694,11733.52,8395.49,3338.03,0
2024-04,Lagos,Supermarket,Household,Bleach 500ml,47,604.7815393206772,28424.73,17644.84,10779.89,0
2024-04,Lagos,Open Market/Kiosk,Household,Bleach 500ml,71,742.9554114855241,52749.83,31723.84,21025.99,0
2024-04,Lagos,Convenience Store,Household,Bleach 500ml,40,439.6411152491062,17585.64,11461.92,6123.72,0
2024-04,Lagos,Online,Household,Bleach 500ml,20,617.1441071035968,12342.88,9118.79,3224.09,0
2024-04,Lagos,Supermarket,Household,Air Freshener,71,1242.6284894712262,88226.62,55260.21,32966.41,0
2024-04,Lagos,Open Market/Kiosk,Household,Air Freshener,76,801.768621776909,60934.42,42918.92,18015.5,1
2024-04,Lagos,Convenience Store,Household,Air Freshener,30,678.1404766388147,20344.21,12252.18,8092.03,0
2024-04,Lagos,Online,Household,Air Freshener,30,1263.3712817265737,37901.14,23484.55,14416.59,0
2024-04,Lagos,Supermarket,Dairy,Milk 1L,63,788.3778171303924,49667.8,31677.03,17990.77,0
2024-04,Lagos,Open Market/Kiosk,Dairy,Milk 1L,94,738.3275260095348,69402.79,48705.32,20697.47,0
2024-04,Lagos,Convenience Store,Dairy,Milk 1L,38,832.0182622762424,31616.69,19740.99,11875.7,1
2024-04,Lagos,Online,Dairy,Milk 1L,23,894.5362531817084,20574.33,13252.05,7322.28,0
2024-04,Lagos,Supermarket,Dairy,Yogurt 200ml,50,882.3813531020016,44119.07,26840.29,17278.78,0
2024-04,Lagos,Open Market/Kiosk,Dairy,Yogurt 200ml,57,589.039683444229,33575.26,24845.41,8729.85,0
2024-04,Lagos,Convenience Store,Dairy,Yogurt 200ml,40,585.9438990274244,23437.76,14988.55,8449.21,0
2024-04,Lagos,Online,Dairy,Yogurt 200ml,19,617.7385167459786,11737.03,7685.62,4051.41,1
2024-04,Lagos,Supermarket,Dairy,Butter 250g,50,315.1568906739344,15757.84,11151.26,4606.58,0
2024-04,Lagos,Open Market/Kiosk,Dairy,Butter 250g,54,504.46182471711023,27240.94,19797.15,7443.79,0
2024-04,Lagos,Convenience Store,Dairy,Butter 250g,28,860.0043380377781,24080.12,14890.61,9189.51,0
2024-04,Lagos,Online,Dairy,Butter 250g,23,899.6783733105358,20692.6,15008.02,5684.58,0
2024-04,Abuja,Supermarket,Beverages,Cola 50cl,43,150.62433027128193,6476.85,4735.72,1741.13,0
2024-04,Abuja,Open Market/Kiosk,Beverages,Cola 50cl,49,282.26762276724253,13831.11,9359.73,4471.38,0
2024-04,Abuja,Convenience Store,Beverages,Cola 50cl,30,200.26153742843135,6007.85,4205.71,1802.14,0
2024-04,Abuja,Online,Beverages,Cola 50cl,20,259.99579727677286,5199.92,3704.65,1495.27,0
2024-04,Abuja,Supermarket,Beverages,Malt Drink 33cl,59,187.24898765995493,11047.69,7215.09,3832.6,0
2024-04,Abuja,Open Market/Kiosk,Beverages,Malt Drink 33cl,58,261.6463500559322,15175.49,10130.51,5044.98,0
2024-04,Abuja,Convenience Store,Beverages,Malt Drink 33cl,24,321.5311976483655,7716.75,5062.54,2654.21,0
2024-04,Abuja,Online,Beverages,Malt Drink 33cl,16,323.14019846480073,5170.24,3789.33,1380.91,0
2024-04,Abuja,Supermarket,Beverages,Bottled Water 75cl,58,152.81593265657813,8863.32,5553.37,3309.95,0
2024-04,Abuja,Open Market/Kiosk,Beverages,Bottled Water 75cl,75,180.4295773839033,13532.22,8130.17,5402.05,1
2024-04,Abuja,Convenience Store,Beverages,Bottled Water 75cl,43,208.30338563023847,8957.05,5676.39,3280.66,0
2024-04,Abuja,Online,Beverages,Bottled Water 75cl,19,150.18860850549805,2853.58,2098.99,754.59,0
2024-04,Abuja,Supermarket,Snacks,Biscuit Pack,42,258.0306721808476,10837.29,7450.41,3386.88,0
2024-04,Abuja,Open Market/Kiosk,Snacks,Biscuit Pack,46,251.07306890157744,11549.36,8030.72,3518.64,0
2024-04,Abuja,Convenience Store,Snacks,Biscuit Pack,19,276.53006692492744,5254.07,3177.71,2076.36,0
2024-04,Abuja,Online,Snacks,Biscuit Pack,25,166.3829773198552,4159.57,3012.31,1147.26,0
2024-04,Abuja,Supermarket,Snacks,Chips 45g,38,391.6287979636933,14881.89,10498.5,4383.39,0
2024-04,Abuja,Open Market/Kiosk,Snacks,Chips 45g,41,178.86421059679782,7333.43,4503.73,2829.7,0
2024-04,Abuja,Convenience Store,Snacks,Chips 45g,18,106.15327579611736,1910.76,1167.37,743.39,0
2024-04,Abuja,Online,Snacks,Chips 45g,21,398.05046811871244,8359.06,5064.9,3294.16,0
2024-04,Abuja,Supermarket,Snacks,Chocolate Bar,35,109.55702875847803,3834.5,2660.14,1174.36,0
2024-04,Abuja,Open Market/Kiosk,Snacks,Chocolate Bar,72,366.6079644354395,26395.77,18987.46,7408.31,0
2024-04,Abuja,Convenience Store,Snacks,Chocolate Bar,34,266.059265607155,9046.02,6669.83,2376.19,0
2024-04,Abuja,Online,Snacks,Chocolate Bar,19,255.66685949532442,4857.67,3048.92,1808.75,0
2024-04,Abuja,Supermarket,Personal Care,Soap Bar,54,723.450647180714,39066.33,27190.45,11875.88,0
2024-04,Abuja,Open Market/Kiosk,Personal Care,Soap Bar,45,1099.7784024266596,49490.03,35019.9,14470.13,0
2024-04,Abuja,Convenience Store,Personal Care,Soap Bar,27,589.316230153024,15911.54,11428.99,4482.55,0
2024-04,Abuja,Online,Personal Care,Soap Bar,19,583.5508469468394,11087.47,7781.65,3305.82,0
2024-04,Abuja,Supermarket,Personal Care,Toothpaste 100g,45,1011.3667282946892,45511.5,30806.22,14705.28,0
2024-04,Abuja,Open Market/Kiosk,Personal Care,Toothpaste 100g,74,599.4056878772915,44356.02,30247.03,14108.99,0
2024-04,Abuja,Convenience Store,Personal Care,Toothpaste 100g,27,1008.5932537116557,27232.02,19194.6,8037.42,0
2024-04,Abuja,Online,Personal Care,Toothpaste 100g,27,375.6015430685631,10141.24,7102.54,3038.7,1
2024-04,Abuja,Supermarket,Personal Care,Shampoo 200ml,50,706.2030526386875,35310.15,26372.77,8937.38,0
2024-04,Abuja,Open Market/Kiosk,Personal Care,Shampoo 200ml,72,687.3797172791701,49491.34,36565.66,12925.68,0
2024-04,Abuja,Convenience Store,Personal Care,Shampoo 200ml,22,429.3224465355605,9445.09,6115.6,3329.49,0
2024-04,Abuja,Online,Personal Care,Shampoo 200ml,17,1038.5646540771331,17655.6,11278.18,6377.42,0
2024-04,Abuja,Supermarket,Household,Detergent 1kg,69,1448.7794072336187,99965.78,70614.91,29350.87,0
2024-04,Abuja,Open Market/Kiosk,Household,Detergent 1kg,58,1451.1835177594917,84168.64,53022.81,31145.83,0
2024-04,Abuja,Convenience Store,Household,Detergent 1kg,30,497.9034957809476,14937.1,9335.12,5601.98,0
2024-04,Abuja,Online,Household,Detergent 1kg,15,556.2677703873685,8344.02,6139.21,2204.81,0
2024-04,Abuja,Supermarket,Household,Bleach 500ml,44,517.5717125957345,22773.16,15151.57,7621.59,0
2024-04,Abuja,Open Market/Kiosk,Household,Bleach 500ml,45,1453.4298222898706,65404.34,39263.61,26140.73,0
2024-04,Abuja,Convenience Store,Household,Bleach 500ml,40,953.5511799247294,38142.05,28592.31,9549.74,0
2024-04,Abuja,Online,Household,Bleach 500ml,19,679.639611973357,12913.15,9478.47,3434.68,0
2024-04,Abuja,Supermarket,Household,Air Freshener,59,955.8652366694683,56396.05,38089.66,18306.39,0
2024-04,Abuja,Open Market/Kiosk,Household,Air Freshener,33,696.1974667357284,22974.52,15887.5,7087.02,0
2024-04,Abuja,Convenience Store,Household,Air Freshener,34,860.0904889928333,29243.08,18367.92,10875.16,0
2024-04,Abuja,Online,Household,Air Freshener,24,513.9342227133166,12334.42,7683.27,4651.15,0
2024-04,Abuja,Supermarket,Dairy,Milk 1L,58,473.8782300411724,27484.94,19351.08,8133.86,0
2024-04,Abuja,Open Market/Kiosk,Dairy,Milk 1L,43,869.119345282311,37372.13,27103.97,10268.16,0
2024-04,Abuja,Convenience Store,Dairy,Milk 1L,32,591.4128021398174,18925.21,14120.19,4805.02,0
2024-04,Abuja,Online,Dairy,Milk 1L,15,804.4588133421516,12066.88,8698.88,3368.0,0
2024-04,Abuja,Supermarket,Dairy,Yogurt 200ml,43,701.5366242380223,30166.07,21581.49,8584.58,0
2024-04,Abuja,Open Market/Kiosk,Dairy,Yogurt 200ml,46,358.25463258597085,16479.71,11194.58,5285.13,0
2024-04,Abuja,Convenience Store,Dairy,Yogurt 200ml,20,530.626335497852,10612.53,7088.64,3523.89,0
2024-04,Abuja,Online,Dairy,Yogurt 200ml,17,571.1817317418258,9710.09,6729.5,2980.59,0
2024-04,Abuja,Supermarket,Dairy,Butter 250g,50,746.7596535540471,37337.98,25665.5,11672.48,0
2024-04,Abuja,Open Market/Kiosk,Dairy,Butter 250g,75,528.0963709075844,39607.23,25728.66,13878.57,0
2024-04,Abuja,Convenience Store,Dairy,Butter 250g,25,516.1559822277052,12903.9,9587.09,3316.81,0
2024-04,Abuja,Online,Dairy,Butter 250g,17,581.4284663336466,9884.28,6085.98,3798.3,0
2024-04,Port Harcourt,Supermarket,Beverages,Cola 50cl,21,291.022629327799,6111.48,4244.43,1867.05,0
2024-04,Port Harcourt,Open Market/Kiosk,Beverages,Cola 50cl,52,330.19269920775275,17170.02,11357.55,5812.47,1
2024-04,Port Harcourt,Convenience Store,Beverages,Cola 50cl,29,214.34740597165558,6216.07,4453.91,1762.16,0
2024-04,Port Harcourt,Online,Beverages,Cola 50cl,21,290.0376518588106,6090.79,3831.44,2259.35,0
2024-04,Port Harcourt,Supermarket,Beverages,Malt Drink 33cl,41,324.23740927006355,13293.73,8255.54,5038.19,0
2024-04,Port Harcourt,Open Market/Kiosk,Beverages,Malt Drink 33cl,56,324.8593120444349,18192.12,12592.87,5599.25,0
2024-04,Port Harcourt,Convenience Store,Beverages,Malt Drink 33cl,29,254.9376824186955,7393.19,4839.61,2553.58,1
2024-04,Port Harcourt,Online,Beverages,Malt Drink 33cl,20,203.10883696064826,4062.18,2567.98,1494.2,0
2024-04,Port Harcourt,Supermarket,Beverages,Bottled Water 75cl,45,336.9116145086564,15161.02,10166.61,4994.41,0
2024-04,Port Harcourt,Open Market/Kiosk,Beverages,Bottled Water 75cl,61,177.8375605515974,10848.09,7987.81,2860.28,0
2024-04,Port Harcourt,Convenience Store,Beverages,Bottled Water 75cl,17,304.3610936956469,5174.14,3473.86,1700.28,1
2024-04,Port Harcourt,Online,Beverages,Bottled Water 75cl,15,209.56946967200435,3143.54,2228.18,915.36,0
2024-04,Port Harcourt,Supermarket,Snacks,Biscuit Pack,69,390.3579772244248,26934.7,16905.71,10028.99,0
2024-04,Port Harcourt,Open Market/Kiosk,Snacks,Biscuit Pack,38,298.65576571355007,11348.92,8409.85,2939.07,0
2024-04,Port Harcourt,Convenience Store,Snacks,Biscuit Pack,39,103.34637619354915,4030.51,2726.04,1304.47,0
2024-04,Port Harcourt,Online,Snacks,Biscuit Pack,18,153.11243231797192,2756.02,1966.37,789.65,0
2024-04,Port Harcourt,Supermarket,Snacks,Chips 45g,44,167.42501145320725,7366.7,4673.05,2693.65,0
2024-04,Port Harcourt,Open Market/Kiosk,Snacks,Chips 45g,56,235.3228215474579,13178.08,9009.39,4168.69,0
2024-04,Port Harcourt,Convenience Store,Snacks,Chips 45g,19,201.72628397880402,3832.8,2705.02,1127.78,0
2024-04,Port Harcourt,Online,Snacks,Chips 45g,22,244.73544111433526,5384.18,3580.77,1803.41,0
2024-04,Port Harcourt,Supermarket,Snacks,Chocolate Bar,29,338.24881265128283,9809.22,7234.76,2574.46,0
2024-04,Port Harcourt,Open Market/Kiosk,Snacks,Chocolate Bar,44,314.83829214302125,13852.88,10014.25,3838.63,0
2024-04,Port Harcourt,Convenience Store,Snacks,Chocolate Bar,22,329.09410975696596,7240.07,4416.58,2823.49,1
2024-04,Port Harcourt,Online,Snacks,Chocolate Bar,18,293.3097101477702,5279.57,3726.55,1553.02,0
2024-04,Port Harcourt,Supermarket,Personal Care,Soap Bar,40,349.6958640753651,13987.83,9856.09,4131.74,0
2024-04,Port Harcourt,Open Market/Kiosk,Personal Care,Soap Bar,48,529.8854529414814,25434.5,17454.25,7980.25,0
2024-04,Port Harcourt,Convenience Store,Personal Care,Soap Bar,38,562.4190926181888,21371.93,14706.29,6665.64,0
2024-04,Port Harcourt,Online,Personal Care,Soap Bar,24,1014.2320774820912,24341.57,17192.68,7148.89,0
2024-04,Port Harcourt,Supermarket,Personal Care,Toothpaste 100g,60,755.8510809332328,45351.06,27473.8,17877.26,0
2024-04,Port Harcourt,Open Market/Kiosk,Personal Care,Toothpaste 100g,35,552.7949457608397,19347.82,12913.87,6433.95,0
2024-04,Port Harcourt,Convenience Store,Personal Care,Toothpaste 100g,25,925.0877766335466,23127.19,16718.29,6408.9,0
2024-04,Port Harcourt,Online,Personal Care,Toothpaste 100g,26,437.5984040831984,11377.56,7044.74,4332.82,0
2024-04,Port Harcourt,Supermarket,Personal Care,Shampoo 200ml,47,670.6038247371971,31518.38,22892.58,8625.8,0
2024-04,Port Harcourt,Open Market/Kiosk,Personal Care,Shampoo 200ml,43,547.4175037340167,23538.95,15270.27,8268.68,0
2024-04,Port Harcourt,Convenience Store,Personal Care,Shampoo 200ml,40,1085.6538573681019,43426.15,27416.38,16009.77,0
2024-04,Port Harcourt,Online,Personal Care,Shampoo 200ml,22,318.25197639067795,7001.54,4527.59,2473.95,0
2024-04,Port Harcourt,Supermarket,Household,Detergent 1kg,27,588.6749631659056,15894.22,10069.18,5825.04,0
2024-04,Port Harcourt,Open Market/Kiosk,Household,Detergent 1kg,46,933.9096083250055,42959.84,31520.42,11439.42,0
2024-04,Port Harcourt,Convenience Store,Household,Detergent 1kg,25,671.2791649597414,16781.98,11932.36,4849.62,0
2024-04,Port Harcourt,Online,Household,Detergent 1kg,24,1366.5673422086834,32797.62,21153.9,11643.72,0
2024-04,Port Harcourt,Supermarket,Household,Bleach 500ml,26,1334.1410591635154,34687.67,25341.48,9346.19,0
2024-04,Port Harcourt,Open Market/Kiosk,Household,Bleach 500ml,53,1050.3671963256756,55669.46,33838.81,21830.65,1
2024-04,Port Harcourt,Convenience Store,Household,Bleach 500ml,34,1456.2775577215814,49513.44,36206.53,13306.91,1
2024-04,Port Harcourt,Online,Household,Bleach 500ml,19,906.3596832556161,17220.83,10718.38,6502.45,0
2024-04,Port Harcourt,Supermarket,Household,Air Freshener,41,1278.6490120260914,52424.61,36239.86,16184.75,0
2024-04,Port Harcourt,Open Market/Kiosk,Household,Air Freshener,64,805.2119583432075,51533.57,31231.49,20302.08,0
2024-04,Port Harcourt,Convenience Store,Household,Air Freshener,19,1487.0238419996715,28253.45,19492.25,8761.2,1
2024-04,Port Harcourt,Online,Household,Air Freshener,16,436.7433072351779,6987.89,4244.23,2743.66,0
2024-04,Port Harcourt,Supermarket,Dairy,Milk 1L,34,595.221124653701,20237.52,13381.72,6855.8,0
2024-04,Port Harcourt,Open Market/Kiosk,Dairy,Milk 1L,47,504.8191976223343,23726.5,17456.52,6269.98,0
2024-04,Port Harcourt,Convenience Store,Dairy,Milk 1L,36,454.4364219359184,16359.71,11534.06,4825.65,0
2024-04,Port Harcourt,Online,Dairy,Milk 1L,18,596.0148916816167,10728.27,6907.33,3820.94,0
2024-04,Port Harcourt,Supermarket,Dairy,Yogurt 200ml,30,593.7233918018982,17811.7,12701.0,5110.7,0
2024-04,Port Harcourt,Open Market/Kiosk,Dairy,Yogurt 200ml,49,509.44207971106846,24962.66,16654.87,8307.79,0
2024-04,Port Harcourt,Convenience Store,Dairy,Yogurt 200ml,30,834.9891299711252,25049.67,17615.58,7434.09,1
2024-04,Port Harcourt,Online,Dairy,Yogurt 200ml,11,805.2740002273949,8858.01,5344.44,3513.57,0
2024-04,Port Harcourt,Supermarket,Dairy,Butter 250g,45,686.868293558947,30909.07,19714.71,11194.36,0
2024-04,Port Harcourt,Open Market/Kiosk,Dairy,Butter 250g,32,716.7040365699711,22934.53,17006.99,5927.54,0
2024-04,Port Harcourt,Convenience Store,Dairy,Butter 250g,41,838.5546498893202,34380.74,24731.34,9649.4,0
2024-04,Port Harcourt,Online,Dairy,Butter 250g,11,654.0592257280888,7194.65,4455.18,2739.47,0
2024-04,Kano,Supermarket,Beverages,Cola 50cl,41,338.2280670291681,13867.35,10195.94,3671.41,0
2024-04,Kano,Open Market/Kiosk,Beverages,Cola 50cl,33,226.75478607112476,7482.91,5428.77,2054.14,0
2024-04,Kano,Convenience Store,Beverages,Cola 50cl,23,238.2575605599887,5479.92,3627.84,1852.08,0
2024-04,Kano,Online,Beverages,Cola 50cl,16,271.9387138748077,4351.02,2955.93,1395.09,0
2024-04,Kano,Supermarket,Beverages,Malt Drink 33cl,28,324.8503753368672,9095.81,6104.71,2991.1,0
2024-04,Kano,Open Market/Kiosk,Beverages,Malt Drink 33cl,38,293.57357022625274,11155.8,6735.11,4420.69,0
2024-04,Kano,Convenience Store,Beverages,Malt Drink 33cl,27,210.52445701637774,5684.16,3985.33,1698.83,0
2024-04,Kano,Online,Beverages,Malt Drink 33cl,16,167.9934557721922,2687.9,1726.3,961.6,0
2024-04,Kano,Supermarket,Beverages,Bottled Water 75cl,34,199.06209959719598,6768.11,5022.56,1745.55,0
2024-04,Kano,Open Market/Kiosk,Beverages,Bottled Water 75cl,41,213.58786594136456,8757.1,5855.96,2901.14,0
2024-04,Kano,Convenience Store,Beverages,Bottled Water 75cl,26,189.5341873748538,4927.89,3662.11,1265.78,0
2024-04,Kano,Online,Beverages,Bottled Water 75cl,13,251.77525028186693,3273.08,2259.46,1013.62,0
2024-04,Kano,Supermarket,Snacks,Biscuit Pack,30,383.5565739278633,11506.7,8348.56,3158.14,0
2024-04,Kano,Open Market/Kiosk,Snacks,Biscuit Pack,60,149.40107875219152,8964.06,6533.7,2430.36,0
2024-04,Kano,Convenience Store,Snacks,Biscuit Pack,22,208.93861314689076,4596.65,2880.25,1716.4,0
2024-04,Kano,Online,Snacks,Biscuit Pack,12,339.7797897879904,4077.36,2905.82,1171.54,0
2024-04,Kano,Supermarket,Snacks,Chips 45g,45,173.22837174778073,7795.28,5085.82,2709.46,1
2024-04,Kano,Open Market/Kiosk,Snacks,Chips 45g,63,375.2574181691044,23641.22,14992.56,8648.66,0
2024-04,Kano,Convenience Store,Snacks,Chips 45g,26,184.69790521958274,4802.15,3594.33,1207.82,0
2024-04,Kano,Online,Snacks,Chips 45g,20,329.08957466414023,6581.79,4094.47,2487.32,0
2024-04,Kano,Supermarket,Snacks,Chocolate Bar,51,157.56301393070703,8035.71,4965.62,3070.09,0
2024-04,Kano,Open Market/Kiosk,Snacks,Chocolate Bar,26,377.66329775866706,9819.25,6928.59,2890.66,0
2024-04,Kano,Convenience Store,Snacks,Chocolate Bar,40,130.06340471515736,5202.54,3271.98,1930.56,0
2024-04,Kano,Online,Snacks,Chocolate Bar,18,366.9897606240044,6605.82,4185.35,2420.47,0
2024-04,Kano,Supermarket,Personal Care,Soap Bar,42,1075.5964558104192,45175.05,27274.24,17900.81,0
2024-04,Kano,Open Market/Kiosk,Personal Care,Soap Bar,49,373.06900834538806,18280.38,12811.12,5469.26,0
2024-04,Kano,Convenience Store,Personal Care,Soap Bar,16,493.93378450701715,7902.94,5575.09,2327.85,0
2024-04,Kano,Online,Personal Care,Soap Bar,14,650.2107086535273,9102.95,5687.8,3415.15,0
2024-04,Kano,Supermarket,Personal Care,Toothpaste 100g,36,564.3087720225926,20315.12,13852.96,6462.16,0
2024-04,Kano,Open Market/Kiosk,Personal Care,Toothpaste 100g,22,1096.046881314477,24113.03,16433.76,7679.27,0
2024-04,Kano,Convenience Store,Personal Care,Toothpaste 100g,27,838.4139838667069,22637.18,16095.16,6542.02,0
2024-04,Kano,Online,Personal Care,Toothpaste 100g,16,316.0906356313363,5057.45,3467.17,1590.28,0
2024-04,Kano,Supermarket,Personal Care,Shampoo 200ml,45,413.4924263886684,18607.16,13693.72,4913.44,0
2024-04,Kano,Open Market/Kiosk,Personal Care,Shampoo 200ml,51,733.1485354604552,37390.58,25290.31,12100.27,1
2024-04,Kano,Convenience Store,Personal Care,Shampoo 200ml,24,808.331502977564,19399.96,11995.84,7404.12,0
2024-04,Kano,Online,Personal Care,Shampoo 200ml,18,537.0632507602601,9667.14,5945.62,3721.52,0
2024-04,Kano,Supermarket,Household,Detergent 1kg,23,1111.8755172396532,25573.14,17951.72,7621.42,0
2024-04,Kano,Open Market/Kiosk,Household,Detergent 1kg,37,855.6206097351078,31657.96,22719.85,8938.11,0
2024-04,Kano,Convenience Store,Household,Detergent 1kg,22,966.4777917131793,21262.51,13443.45,7819.06,0
2024-04,Kano,Online,Household,Detergent 1kg,18,786.5858408177518,14158.55,8566.05,5592.5,0
2024-04,Kano,Supermarket,Household,Bleach 500ml,35,753.5069513149574,26372.74,19454.39,6918.35,0
2024-04,Kano,Open Market/Kiosk,Household,Bleach 500ml,31,1236.6139270719152,38335.03,24972.73,13362.3,0
2024-04,Kano,Convenience Store,Household,Bleach 500ml,24,1484.7983427695647,35635.16,23706.18,11928.98,0
2024-04,Kano,Online,Household,Bleach 500ml,12,795.1127426280997,9541.35,5830.67,3710.68,0
2024-04,Kano,Supermarket,Household,Air Freshener,54,1344.1916606750065,72586.35,50407.31,22179.04,0
2024-04,Kano,Open Market/Kiosk,Household,Air Freshener,48,770.3762357872869,36978.06,23479.07,13498.99,0
2024-04,Kano,Convenience Store,Household,Air Freshener,12,580.6651739454699,6967.98,4706.03,2261.95,0
2024-04,Kano,Online,Household,Air Freshener,15,707.5538075755552,10613.31,7597.25,3016.06,1
2024-04,Kano,Supermarket,Dairy,Milk 1L,30,572.0809652649149,17162.43,10571.93,6590.5,0
2024-04,Kano,Open Market/Kiosk,Dairy,Milk 1L,41,326.3503473176496,13380.36,9412.21,3968.15,0
2024-04,Kano,Convenience Store,Dairy,Milk 1L,15,812.0284240284296,12180.43,8209.81,3970.62,0
2024-04,Kano,Online,Dairy,Milk 1L,13,385.7440632937895,5014.67,3239.56,1775.11,0
2024-04,Kano,Supermarket,Dairy,Yogurt 200ml,36,534.6985361321101,19249.15,12437.25,6811.9,1
2024-04,Kano,Open Market/Kiosk,Dairy,Yogurt 200ml,33,807.6968947727831,26654.0,18938.0,7716.0,0
2024-04,Kano,Convenience Store,Dairy,Yogurt 200ml,28,322.67024130205914,9034.77,6186.95,2847.82,0
2024-04,Kano,Online,Dairy,Yogurt 200ml,13,321.73078676261906,4182.5,2659.75,1522.75,0
2024-04,Kano,Supermarket,Dairy,Butter 250g,32,723.2679200390326,23144.57,16200.75,6943.82,0
2024-04,Kano,Open Market/Kiosk,Dairy,Butter 250g,48,368.8809520139795,17706.29,11872.73,5833.56,0
2024-04,Kano,Convenience Store,Dairy,Butter 250g,16,895.5610132389163,14328.98,10735.59,3593.39,0
2024-04,Kano,Online,Dairy,Butter 250g,12,355.0870181099125,4261.04,2710.36,1550.68,0
2024-04,Ibadan,Supermarket,Beverages,Cola 50cl,38,211.91063388053016,8052.6,5819.51,2233.09,0
2024-04,Ibadan,Open Market/Kiosk,Beverages,Cola 50cl,28,158.43008339258685,4436.04,3016.42,1419.62,0
2024-04,Ibadan,Convenience Store,Beverages,Cola 50cl,18,184.53148021951796,3321.57,2482.23,839.34,0
2024-04,Ibadan,Online,Beverages,Cola 50cl,16,344.70531036745035,5515.28,3775.32,1739.96,0
2024-04,Ibadan,Supermarket,Beverages,Malt Drink 33cl,38,301.625841299369,11461.78,8234.09,3227.69,0
2024-04,Ibadan,Open Market/Kiosk,Beverages,Malt Drink 33cl,29,275.9345303719775,8002.1,5792.25,2209.85,1
2024-04,Ibadan,Convenience Store,Beverages,Malt Drink 33cl,30,321.2598653432234,9637.8,6821.02,2816.78,0
2024-04,Ibadan,Online,Beverages,Malt Drink 33cl,13,229.59145545915385,2984.69,1941.67,1043.02,0
2024-04,Ibadan,Supermarket,Beverages,Bottled Water 75cl,26,344.9745066862486,8969.34,6430.97,2538.37,0
2024-04,Ibadan,Open Market/Kiosk,Beverages,Bottled Water 75cl,47,270.6615756777886,12721.09,9300.5,3420.59,1
2024-04,Ibadan,Convenience Store,Beverages,Bottled Water 75cl,24,196.18807184414675,4708.51,2828.02,1880.49,0
2024-04,Ibadan,Online,Beverages,Bottled Water 75cl,16,263.1128651135909,4209.81,3026.15,1183.66,0
2024-04,Ibadan,Supermarket,Snacks,Biscuit Pack,18,171.8829496084616,3093.89,2011.37,1082.52,0
2024-04,Ibadan,Open Market/Kiosk,Snacks,Biscuit Pack,51,114.78759970714133,5854.17,4108.28,1745.89,1
2024-04,Ibadan,Convenience Store,Snacks,Biscuit Pack,30,192.9275689775862,5787.83,4234.75,1553.08,0
2024-04,Ibadan,Online,Snacks,Biscuit Pack,9,216.14661821619495,1945.32,1297.78,647.54,0
2024-04,Ibadan,Supermarket,Snacks,Chips 45g,24,259.64724549545065,6231.53,3996.61,2234.92,0
2024-04,Ibadan,Open Market/Kiosk,Snacks,Chips 45g,36,393.28970096514166,14158.43,10488.4,3670.03,0
2024-04,Ibadan,Convenience Store,Snacks,Chips 45g,21,258.60575610364594,5430.72,3624.15,1806.57,1
2024-04,Ibadan,Online,Snacks,Chips 45g,26,163.20411919826884,4243.31,2657.08,1586.23,0
2024-04,Ibadan,Supermarket,Snacks,Chocolate Bar,37,231.8477537709591,8578.37,5723.35,2855.02,0
2024-04,Ibadan,Open Market/Kiosk,Snacks,Chocolate Bar,44,363.05433224623357,15974.39,10919.82,5054.57,0
2024-04,Ibadan,Convenience Store,Snacks,Chocolate Bar,30,317.932407432225,9537.97,6879.44,2658.53,0
2024-04,Ibadan,Online,Snacks,Chocolate Bar,14,324.8579826423729,4548.01,2813.32,1734.69,0
2024-04,Ibadan,Supermarket,Personal Care,Soap Bar,46,685.5085149914644,31533.39,23004.13,8529.26,0
2024-04,Ibadan,Open Market/Kiosk,Personal Care,Soap Bar,29,1087.796174374117,31546.09,19041.04,12505.05,0
2024-04,Ibadan,Convenience Store,Personal Care,Soap Bar,17,560.0228842234305,9520.39,6586.42,2933.97,0
2024-04,Ibadan,Online,Personal Care,Soap Bar,10,467.85991125365376,4678.6,3328.4,1350.2,0
2024-04,Ibadan,Supermarket,Personal Care,Toothpaste 100g,39,1062.8083166506453,41449.52,27521.77,13927.75,0
2024-04,Ibadan,Open Market/Kiosk,Personal Care,Toothpaste 100g,24,368.9578325366838,8854.99,6360.92,2494.07,0
2024-04,Ibadan,Convenience Store,Personal Care,Toothpaste 100g,22,1130.829498945172,24878.25,17428.2,7450.05,0
2024-04,Ibadan,Online,Personal Care,Toothpaste 100g,13,612.9045673220203,7967.76,4903.26,3064.5,0
2024-04,Ibadan,Supermarket,Personal Care,Shampoo 200ml,34,313.4192377393271,10656.25,7080.36,3575.89,0
2024-04,Ibadan,Open Market/Kiosk,Personal Care,Shampoo 200ml,31,369.88312381796163,11466.38,7527.94,3938.44,0
2024-04,Ibadan,Convenience Store,Personal Care,Shampoo 200ml,22,977.8920948649895,21513.63,14086.21,7427.42,0
2024-04,Ibadan,Online,Personal Care,Shampoo 200ml,11,395.2010162046603,4347.21,2966.96,1380.25,0
2024-04,Ibadan,Supermarket,Household,Detergent 1kg,25,1052.5982022867915,26314.96,19504.36,6810.6,0
2024-04,Ibadan,Open Market/Kiosk,Household,Detergent 1kg,41,747.0381271304464,30628.56,18976.48,11652.08,0
2024-04,Ibadan,Convenience Store,Household,Detergent 1kg,20,1078.5743615868978,21571.49,16151.43,5420.06,1
2024-04,Ibadan,Online,Household,Detergent 1kg,15,482.7994651039642,7241.99,4557.93,2684.06,0
2024-04,Ibadan,Supermarket,Household,Bleach 500ml,33,1076.427595708862,35522.11,21906.38,13615.73,0
2024-04,Ibadan,Open Market/Kiosk,Household,Bleach 500ml,34,436.4915735313512,14840.71,9370.62,5470.09,1
2024-04,Ibadan,Convenience Store,Household,Bleach 500ml,30,746.0007073636934,22380.02,15219.0,7161.02,0
2024-04,Ibadan,Online,Household,Bleach 500ml,19,1071.7070260138094,20362.43,15039.8,5322.63,0
2024-04,Ibadan,Supermarket,Household,Air Freshener,38,1138.8072136004398,43274.67,29131.3,14143.37,1
2024-04,Ibadan,Open Market/Kiosk,Household,Air Freshener,28,489.5293482962812,13706.82,9102.94,4603.88,0
2024-04,Ibadan,Convenience Store,Household,Air Freshener,18,778.9520406567078,14021.14,10327.43,3693.71,0
2024-04,Ibadan,Online,Household,Air Freshener,12,1152.6306376472075,13831.57,9169.61,4661.96,0
2024-04,Ibadan,Supermarket,Dairy,Milk 1L,24,323.1946468755527,7756.67,5715.19,2041.48,0
2024-04,Ibadan,Open Market/Kiosk,Dairy,Milk 1L,28,460.32544262568274,12889.11,8393.13,4495.98,0
2024-04,Ibadan,Convenience Store,Dairy,Milk 1L,18,805.7016767321963,14502.63,9251.26,5251.37,0
2024-04,Ibadan,Online,Dairy,Milk 1L,18,469.2641952172196,8446.76,5870.21,2576.55,0
2024-04,Ibadan,Supermarket,Dairy,Yogurt 200ml,41,507.7957195673241,20819.62,13647.27,7172.35,0
2024-04,Ibadan,Open Market/Kiosk,Dairy,Yogurt 200ml,36,623.2052997462289,22435.39,15146.43,7288.96,0
2024-04,Ibadan,Convenience Store,Dairy,Yogurt 200ml,26,861.4661017654205,22398.12,15667.9,6730.22,0
2024-04,Ibadan,Online,Dairy,Yogurt 200ml,18,593.237974229881,10678.28,7065.65,3612.63,0
2024-04,Ibadan,Supermarket,Dairy,Butter 250g,25,881.8273612148054,22045.68,13699.58,8346.1,0
2024-04,Ibadan,Open Market/Kiosk,Dairy,Butter 250g,33,552.8783863209889,18244.99,12805.35,5439.64,0
2024-04,Ibadan,Convenience Store,Dairy,Butter 250g,19,615.4836267988899,11694.19,7458.73,4235.46,1
2024-04,Ibadan,Online,Dairy,Butter 250g,12,400.77949390256083,4809.35,2973.0,1836.35,0
2024-05,Lagos,Supermarket,Beverages,Cola 50cl,71,306.344453197592,21750.46,13788.7,7961.76,0
2024-05,Lagos,Open Market/Kiosk,Beverages,Cola 50cl,49,302.4461579284339,14819.86,9375.78,5444.08,0
2024-05,Lagos,Convenience Store,Beverages,Cola 50cl,45,286.0426741867336,12871.92,8133.68,4738.24,0
2024-05,Lagos,Online,Beverages,Cola 50cl,25,320.62227783140725,8015.56,5282.38,2733.18,0
2024-05,Lagos,Supermarket,Beverages,Malt Drink 33cl,54,191.41696497754208,10336.52,7218.4,3118.12,0
2024-05,Lagos,Open Market/Kiosk,Beverages,Malt Drink 33cl,60,280.9810604235662,16858.86,10624.74,6234.12,0
2024-05,Lagos,Convenience Store,Beverages,Malt Drink 33cl,36,236.52849612080718,8515.03,5178.68,3336.35,0
2024-05,Lagos,Online,Beverages,Malt Drink 33cl,18,268.3337641187008,4830.01,3037.03,1792.98,0
2024-05,Lagos,Supermarket,Beverages,Bottled Water 75cl,26,266.0352739593068,6916.92,4231.79,2685.13,0
2024-05,Lagos,Open Market/Kiosk,Beverages,Bottled Water 75cl,74,170.1777604211718,12593.15,8474.74,4118.41,0
2024-05,Lagos,Convenience Store,Beverages,Bottled Water 75cl,37,256.2006259485925,9479.42,6794.76,2684.66,0
2024-05,Lagos,Online,Beverages,Bottled Water 75cl,26,161.9052393743645,4209.54,2595.01,1614.53,0
2024-05,Lagos,Supermarket,Snacks,Biscuit Pack,41,216.35352990575407,8870.49,6329.0,2541.49,0
2024-05,Lagos,Open Market/Kiosk,Snacks,Biscuit Pack,45,384.37512368034913,17296.88,11383.92,5912.96,0
2024-05,Lagos,Convenience Store,Snacks,Biscuit Pack,30,265.6645204163889,7969.94,5344.75,2625.19,0
2024-05,Lagos,Online,Snacks,Biscuit Pack,30,359.87008685767677,10796.1,6900.44,3895.66,0
2024-05,Lagos,Supermarket,Snacks,Chips 45g,50,146.70283766259263,7335.14,5436.04,1899.1,0
2024-05,Lagos,Open Market/Kiosk,Snacks,Chips 45g,51,272.5337700818085,13899.22,8473.37,5425.85,0
2024-05,Lagos,Convenience Store,Snacks,Chips 45g,49,223.56924350863335,10954.89,7828.36,3126.53,1
2024-05,Lagos,Online,Snacks,Chips 45g,17,308.0185007795133,5236.31,3365.72,1870.59,0
2024-05,Lagos,Supermarket,Snacks,Chocolate Bar,54,261.76915820094496,14135.53,9899.61,4235.92,0
2024-05,Lagos,Open Market/Kiosk,Snacks,Chocolate Bar,74,196.37655202417375,14531.86,9989.64,4542.22,0
2024-05,Lagos,Convenience Store,Snacks,Chocolate Bar,31,323.6401114621166,10032.84,6617.84,3415.0,0
2024-05,Lagos,Online,Snacks,Chocolate Bar,26,304.82707742005596,7925.5,5367.48,2558.02,0
2024-05,Lagos,Supermarket,Personal Care,Soap Bar,47,423.2686114283653,19893.62,14187.7,5705.92,0
2024-05,Lagos,Open Market/Kiosk,Personal Care,Soap Bar,41,595.4450642023362,24413.25,17071.78,7341.47,0
2024-05,Lagos,Convenience Store,Personal Care,Soap Bar,22,352.5878917691176,7756.93,5705.7,2051.23,0
2024-05,Lagos,Online,Personal Care,Soap Bar,20,455.39088224915906,9107.82,5783.08,3324.74,0
2024-05,Lagos,Supermarket,Personal Care,Toothpaste 100g,76,467.90747367119377,35560.97,21823.64,13737.33,0
2024-05,Lagos,Open Market/Kiosk,Personal Care,Toothpaste 100g,37,348.96911497516015,12911.86,8470.15,4441.71,0
2024-05,Lagos,Convenience Store,Personal Care,Toothpaste 100g,25,851.9550121577088,21298.88,14784.5,6514.38,1
2024-05,Lagos,Online,Personal Care,Toothpaste 100g,24,638.5325790094412,15324.78,9604.67,5720.11,1
2024-05,Lagos,Supermarket,Personal Care,Shampoo 200ml,68,525.3357456362799,35722.83,21627.97,14094.86,1
2024-05,Lagos,Open Market/Kiosk,Personal Care,Shampoo 200ml,54,1159.872748271487,62633.13,45319.43,17313.7,0
2024-05,Lagos,Convenience Store,Personal Care,Shampoo 200ml,44,347.54218003572305,15291.86,9718.92,5572.94,0
2024-05,Lagos,Online,Personal Care,Shampoo 200ml,21,349.9416489639546,7348.77,5282.57,2066.2,1
2024-05,Lagos,Supermarket,Household,Detergent 1kg,41,1426.5845343389392,58489.97,41801.88,16688.09,0
2024-05,Lagos,Open Market/Kiosk,Household,Detergent 1kg,54,730.6502350590101,39455.11,29111.08,10344.03,0
2024-05,Lagos,Convenience Store,Household,Detergent 1kg,39,894.7000391561601,34893.3,25872.49,9020.81,0
2024-05,Lagos,Online,Household,Detergent 1kg,14,767.6368227078358,10746.92,7738.31,3008.61,0
2024-05,Lagos,Supermarket,Household,Bleach 500ml,47,973.5642465831563,45757.52,29788.89,15968.63,0
2024-05,Lagos,Open Market/Kiosk,Household,Bleach 500ml,73,1454.1834419940365,106155.39,73617.56,32537.83,0
2024-05,Lagos,Convenience Store,Household,Bleach 500ml,46,525.3320014407839,24165.27,15730.01,8435.26,0
2024-05,Lagos,Online,Household,Bleach 500ml,21,943.1787852873207,19806.75,14520.2,5286.55,0
2024-05,Lagos,Supermarket,Household,Air Freshener,47,1031.8771330259942,48498.23,34819.13,13679.1,0
2024-05,Lagos,Open Market/Kiosk,Household,Air Freshener,71,1357.9796270293334,96416.55,64016.59,32399.96,1
2024-05,Lagos,Convenience Store,Household,Air Freshener,36,897.3124263407457,32303.25,21968.09,10335.16,0
2024-05,Lagos,Online,Household,Air Freshener,27,710.8881665466424,19193.98,11569.22,7624.76,0
2024-05,Lagos,Supermarket,Dairy,Milk 1L,48,802.1244751456785,38501.97,26657.86,11844.11,0
2024-05,Lagos,Open Market/Kiosk,Dairy,Milk 1L,79,267.9593412754698,21168.79,15317.23,5851.56,0
2024-05,Lagos,Convenience Store,Dairy,Milk 1L,24,852.0391685090697,20448.94,14769.27,5679.67,0
2024-05,Lagos,Online,Dairy,Milk 1L,12,848.5760025896268,10182.91,6635.12,3547.79,0
2024-05,Lagos,Supermarket,Dairy,Yogurt 200ml,70,321.6798733797685,22517.59,14805.91,7711.68,1
2024-05,Lagos,Open Market/Kiosk,Dairy,Yogurt 200ml,63,489.64032550194406,30847.34,18555.09,12292.25,0
2024-05,Lagos,Convenience Store,Dairy,Yogurt 200ml,32,665.1805165880046,21285.78,15475.98,5809.8,0
2024-05,Lagos,Online,Dairy,Yogurt 200ml,32,380.5532904332256,12177.71,7646.4,4531.31,0
2024-05,Lagos,Supermarket,Dairy,Butter 250g,45,538.6937314430777,24241.22,16851.67,7389.55,0
2024-05,Lagos,Open Market/Kiosk,Dairy,Butter 250g,78,614.3394201818085,47918.47,35804.64,12113.83,0
2024-05,Lagos,Convenience Store,Dairy,Butter 250g,66,271.1128593233316,17893.45,12939.25,4954.2,0
2024-05,Lagos,Online,Dairy,Butter 250g,23,614.3077634127762,14129.08,10416.02,3713.06,0
2024-05,Abuja,Supermarket,Beverages,Cola 50cl,33,258.8473515220835,8541.96,6200.66,2341.3,1
2024-05,Abuja,Open Market/Kiosk,Beverages,Cola 50cl,45,290.37248536484316,13066.76,9202.2,3864.56,0
2024-05,Abuja,Convenience Store,Beverages,Cola 50cl,21,171.26116426259028,3596.48,2335.77,1260.71,0
2024-05,Abuja,Online,Beverages,Cola 50cl,13,304.85211368649027,3963.08,2954.2,1008.88,0
2024-05,Abuja,Supermarket,Beverages,Malt Drink 33cl,28,237.28967976462258,6644.11,4942.02,1702.09,0
2024-05,Abuja,Open Market/Kiosk,Beverages,Malt Drink 33cl,42,260.365644844717,10935.36,7714.91,3220.45,0
2024-05,Abuja,Convenience Store,Beverages,Malt Drink 33cl,37,232.39193597915977,8598.5,6301.12,2297.38,0
2024-05,Abuja,Online,Beverages,Malt Drink 33cl,26,168.32764103514558,4376.52,3095.85,1280.67,0
2024-05,Abuja,Supermarket,Beverages,Bottled Water 75cl,27,220.12985659080374,5943.51,4381.74,1561.77,0
2024-05,Abuja,Open Market/Kiosk,Beverages,Bottled Water 75cl,55,169.8112868431976,9339.62,6390.59,2949.03,0
2024-05,Abuja,Convenience Store,Beverages,Bottled Water 75cl,30,318.3383536194008,9550.15,6155.98,3394.17,0
2024-05,Abuja,Online,Beverages,Bottled Water 75cl,11,187.42900629244522,2061.72,1532.34,529.38,1
2024-05,Abuja,Supermarket,Snacks,Biscuit Pack,39,267.6044331811701,10436.57,6802.35,3634.22,0
2024-05,Abuja,Open Market/Kiosk,Snacks,Biscuit Pack,53,288.4250429714307,15286.53,10720.01,4566.52,0
2024-05,Abuja,Convenience Store,Snacks,Biscuit Pack,35,228.07062619685115,7982.47,5314.84,2667.63,0
2024-05,Abuja,Online,Snacks,Biscuit Pack,14,113.99077013847712,1595.87,1119.18,476.69,1
2024-05,Abuja,Supermarket,Snacks,Chips 45g,48,170.47875790874298,8182.98,5800.62,2382.36,0
2024-05,Abuja,Open Market/Kiosk,Snacks,Chips 45g,50,318.6502441366911,15932.51,10064.89,5867.62,0
2024-05,Abuja,Convenience Store,Snacks,Chips 45g,17,324.03113338582875,5508.53,3785.34,1723.19,1
2024-05,Abuja,Online,Snacks,Chips 45g,12,313.6563945938477,3763.88,2496.21,1267.67,0
2024-05,Abuja,Supermarket,Snacks,Chocolate Bar,54,267.2554794001826,14431.8,9290.14,5141.66,0
2024-05,Abuja,Open Market/Kiosk,Snacks,Chocolate Bar,53,197.15488922375346,10449.21,6817.57,3631.64,0
2024-05,Abuja,Convenience Store,Snacks,Chocolate Bar,32,284.73776563041565,9111.61,6740.64,2370.97,0
2024-05,Abuja,Online,Snacks,Chocolate Bar,14,250.02770073466996,3500.39,2566.27,934.12,0
2024-05,Abuja,Supermarket,Personal Care,Soap Bar,50,345.51800947110934,17275.9,11210.81,6065.09,1
2024-05,Abuja,Open Market/Kiosk,Personal Care,Soap Bar,43,969.478752799354,41687.59,27468.48,14219.11,0
2024-05,Abuja,Convenience Store,Personal Care,Soap Bar,34,692.6604233643249,23550.45,15651.81,7898.64,0
2024-05,Abuja,Online,Personal Care,Soap Bar,30,952.1682032094543,28565.05,20878.07,7686.98,0
2024-05,Abuja,Supermarket,Personal Care,Toothpaste 100g,34,859.0200661634983,29206.68,21083.14,8123.54,0
2024-05,Abuja,Open Market/Kiosk,Personal Care,Toothpaste 100g,44,810.4480916662835,35659.72,24789.5,10870.22,0
2024-05,Abuja,Convenience Store,Personal Care,Toothpaste 100g,26,577.746913471893,15021.42,10425.43,4595.99,0
2024-05,Abuja,Online,Personal Care,Toothpaste 100g,11,458.9523233167106,5048.48,3063.81,1984.67,0
2024-05,Abuja,Supermarket,Personal Care,Shampoo 200ml,35,1094.5306189806338,38308.57,23683.64,14624.93,0
2024-05,Abuja,Open Market/Kiosk,Personal Care,Shampoo 200ml,35,1163.754154235065,40731.4,30142.09,10589.31,0
2024-05,Abuja,Convenience Store,Personal Care,Shampoo 200ml,47,996.95868331553,46857.06,28872.66,17984.4,1
2024-05,Abuja,Online,Personal Care,Shampoo 200ml,16,1000.6912392804201,16011.06,10514.88,5496.18,0
2024-05,Abuja,Supermarket,Household,Detergent 1kg,47,1314.5791812219823,61785.22,44341.8,17443.42,0
2024-05,Abuja,Open Market/Kiosk,Household,Detergent 1kg,62,1489.621734032408,92356.55,68928.6,23427.95,0
2024-05,Abuja,Convenience Store,Household,Detergent 1kg,32,658.443419116732,21070.19,13133.43,7936.76,0
2024-05,Abuja,Online,Household,Detergent 1kg,16,871.8669787892579,13949.87,9823.51,4126.36,0
2024-05,Abuja,Supermarket,Household,Bleach 500ml,54,661.0455769842267,35696.46,26001.81,9694.65,0
2024-05,Abuja,Open Market/Kiosk,Household,Bleach 500ml,52,807.8846172993323,42010.0,26630.06,15379.94,0
2024-05,Abuja,Convenience Store,Household,Bleach 500ml,19,765.9199509955563,14552.48,9811.91,4740.57,1
2024-05,Abuja,Online,Household,Bleach 500ml,16,683.0761870084855,10929.22,7231.89,3697.33,0
2024-05,Abuja,Supermarket,Household,Air Freshener,54,1406.7770724338343,75965.96,50065.47,25900.49,0
2024-05,Abuja,Open Market/Kiosk,Household,Air Freshener,47,915.9158736080667,43048.05,26168.95,16879.1,0
2024-05,Abuja,Convenience Store,Household,Air Freshener,28,781.7308278581996,21888.46,15796.76,6091.7,0
2024-05,Abuja,Online,Household,Air Freshener,19,470.26336224807727,8935.0,6166.59,2768.41,0
2024-05,Abuja,Supermarket,Dairy,Milk 1L,34,269.3575117585986,9158.16,6777.3,2380.86,0
2024-05,Abuja,Open Market/Kiosk,Dairy,Milk 1L,47,336.59738618982965,15820.08,9976.77,5843.31,0
2024-05,Abuja,Convenience Store,Dairy,Milk 1L,36,524.30341304972,18874.92,13930.79,4944.13,0
2024-05,Abuja,Online,Dairy,Milk 1L,20,378.96047400971565,7579.21,5084.66,2494.55,0
2024-05,Abuja,Supermarket,Dairy,Yogurt 200ml,34,336.8128728112643,11451.64,7711.43,3740.21,0
2024-05,Abuja,Open Market/Kiosk,Dairy,Yogurt 200ml,27,641.4002989821953,17317.81,11569.85,5747.96,0
2024-05,Abuja,Convenience Store,Dairy,Yogurt 200ml,39,679.6675878523386,26507.04,18534.15,7972.89,0
2024-05,Abuja,Online,Dairy,Yogurt 200ml,24,612.358456834175,14696.6,10237.52,4459.08,0
2024-05,Abuja,Supermarket,Dairy,Butter 250g,49,613.9766956447982,30084.86,20716.38,9368.48,1
2024-05,Abuja,Open Market/Kiosk,Dairy,Butter 250g,39,697.052473104563,27185.05,18232.62,8952.43,0
2024-05,Abuja,Convenience Store,Dairy,Butter 250g,38,436.25580905998106,16577.72,12364.31,4213.41,0
2024-05,Abuja,Online,Dairy,Butter 250g,18,582.9850829826385,10493.73,7538.86,2954.87,0
2024-05,Port Harcourt,Supermarket,Beverages,Cola 50cl,35,157.96113664441748,5528.64,4102.42,1426.22,0
2024-05,Port Harcourt,Open Market/Kiosk,Beverages,Cola 50cl,51,292.380748488261,14911.42,10199.06,4712.36,0
2024-05,Port Harcourt,Convenience Store,Beverages,Cola 50cl,32,174.4107534162632,5581.14,3611.82,1969.32,0
2024-05,Port Harcourt,Online,Beverages,Cola 50cl,14,193.98490960787484,2715.79,1706.13,1009.66,0
2024-05,Port Harcourt,Supermarket,Beverages,Malt Drink 33cl,47,307.8147965763387,14467.3,9035.5,5431.8,0
2024-05,Port Harcourt,Open Market/Kiosk,Beverages,Malt Drink 33cl,46,280.76093187686615,12915.0,9163.34,3751.66,0
2024-05,Port Harcourt,Convenience Store,Beverages,Malt Drink 33cl,17,196.90882014961062,3347.45,2100.83,1246.62,0
2024-05,Port Harcourt,Online,Beverages,Malt Drink 33cl,15,268.48908815808284,4027.34,2880.5,1146.84,0
2024-05,Port Harcourt,Supermarket,Beverages,Bottled Water 75cl,44,289.4279627891566,12734.83,8141.98,4592.85,0
2024-05,Port Harcourt,Open Market/Kiosk,Beverages,Bottled Water 75cl,60,288.6851684032547,17321.11,12669.92,4651.19,0
2024-05,Port Harcourt,Convenience Store,Beverages,Bottled Water 75cl,45,152.32532025707332,6854.64,4519.89,2334.75,0
2024-05,Port Harcourt,Online,Beverages,Bottled Water 75cl,19,151.84846291621562,2885.12,1843.16,1041.96,0
2024-05,Port Harcourt,Supermarket,Snacks,Biscuit Pack,35,392.12446423538813,13724.36,9244.3,4480.06,0
2024-05,Port Harcourt,Open Market/Kiosk,Snacks,Biscuit Pack,50,218.69404635901373,10934.7,7321.14,3613.56,0
2024-05,Port Harcourt,Convenience Store,Snacks,Biscuit Pack,19,227.88427187636046,4329.8,2942.84,1386.96,0
2024-05,Port Harcourt,Online,Snacks,Biscuit Pack,18,185.71942856973436,3342.95,2268.67,1074.28,0
2024-05,Port Harcourt,Supermarket,Snacks,Chips 45g,31,317.1385690524356,9831.3,6810.2,3021.1,0
2024-05,Port Harcourt,Open Market/Kiosk,Snacks,Chips 45g,59,220.6451428584786,13018.06,9123.5,3894.56,1
2024-05,Port Harcourt,Convenience Store,Snacks,Chips 45g,32,176.0518566775044,5633.66,3553.11,2080.55,0
2024-05,Port Harcourt,Online,Snacks,Chips 45g,19,388.93439781546397,7389.75,5119.54,2270.21,0
2024-05,Port Harcourt,Supermarket,Snacks,Chocolate Bar,50,356.8390661059138,17841.95,12258.01,5583.94,0
2024-05,Port Harcourt,Open Market/Kiosk,Snacks,Chocolate Bar,54,377.5989210623795,20390.34,12988.01,7402.33,0
2024-05,Port Harcourt,Convenience Store,Snacks,Chocolate Bar,21,349.4708495094585,7338.89,4480.61,2858.28,1
2024-05,Port Harcourt,Online,Snacks,Chocolate Bar,21,228.80283501123233,4804.86,2950.3,1854.56,0
2024-05,Port Harcourt,Supermarket,Personal Care,Soap Bar,29,978.0493034278522,28363.43,21116.02,7247.41,0
2024-05,Port Harcourt,Open Market/Kiosk,Personal Care,Soap Bar,37,819.6593404197819,30327.4,21695.76,8631.64,0
2024-05,Port Harcourt,Convenience Store,Personal Care,Soap Bar,27,1106.102291374104,29864.76,20605.28,9259.48,0
2024-05,Port Harcourt,Online,Personal Care,Soap Bar,20,555.4615335115229,11109.23,6794.66,4314.57,0
2024-05,Port Harcourt,Supermarket,Personal Care,Toothpaste 100g,40,748.1442480560456,29925.77,18283.94,11641.83,0
2024-05,Port Harcourt,Open Market/Kiosk,Personal Care,Toothpaste 100g,60,836.7690239261816,50206.14,36382.52,13823.62,0
2024-05,Port Harcourt,Convenience Store,Personal Care,Toothpaste 100g,21,317.37397504608,6664.85,4818.12,1846.73,0
2024-05,Port Harcourt,Online,Personal Care,Toothpaste 100g,17,314.0825861478594,5339.4,3539.22,1800.18,0
2024-05,Port Harcourt,Supermarket,Personal Care,Shampoo 200ml,51,668.106963062646,34073.46,20576.87,13496.59,0
2024-05,Port Harcourt,Open Market/Kiosk,Personal Care,Shampoo 200ml,41,472.529344045471,19373.7,13523.13,5850.57,0
2024-05,Port Harcourt,Convenience Store,Personal Care,Shampoo 200ml,26,1040.2824170221247,27047.34,19354.36,7692.98,1
2024-05,Port Harcourt,Online,Personal Care,Shampoo 200ml,21,592.0967154292498,12434.03,8477.97,3956.06,0
2024-05,Port Harcourt,Supermarket,Household,Detergent 1kg,29,758.5769481456933,21998.73,13816.89,8181.84,0
2024-05,Port Harcourt,Open Market/Kiosk,Household,Detergent 1kg,59,421.86789956700846,24890.21,18505.62,6384.59,0
2024-05,Port Harcourt,Convenience Store,Household,Detergent 1kg,31,1157.7531328681116,35890.35,25299.35,10591.0,0
2024-05,Port Harcourt,Online,Household,Detergent 1kg,19,1298.6817188899763,24674.95,17874.95,6800.0,0
2024-05,Port Harcourt,Supermarket,Household,Bleach 500ml,29,1484.5578528415592,43052.18,30109.6,12942.58,0
2024-05,Port Harcourt,Open Market/Kiosk,Household,Bleach 500ml,57,1122.582558120153,63987.21,38668.76,25318.45,0
2024-05,Port Harcourt,Convenience Store,Household,Bleach 500ml,32,1155.5033375915255,36976.11,24123.72,12852.39,0
2024-05,Port Harcourt,Online,Household,Bleach 500ml,19,554.8176997302685,10541.54,7335.95,3205.59,0
2024-05,Port Harcourt,Supermarket,Household,Air Freshener,43,1346.8014153268932,57912.46,35679.02,22233.44,0
2024-05,Port Harcourt,Open Market/Kiosk,Household,Air Freshener,53,587.4765220679956,31136.26,22297.48,8838.78,0
2024-05,Port Harcourt,Convenience Store,Household,Air Freshener,40,485.02284246551244,19400.91,11914.75,7486.16,0
2024-05,Port Harcourt,Online,Household,Air Freshener,23,725.7699150902438,16692.71,11067.42,5625.29,0
2024-05,Port Harcourt,Supermarket,Dairy,Milk 1L,30,617.2615497889719,18517.85,12411.29,6106.56,0
2024-05,Port Harcourt,Open Market/Kiosk,Dairy,Milk 1L,64,265.473928117923,16990.33,10325.59,6664.74,1
2024-05,Port Harcourt,Convenience Store,Dairy,Milk 1L,24,567.536930055037,13620.89,9605.79,4015.1,1
2024-05,Port Harcourt,Online,Dairy,Milk 1L,18,313.4831067819799,5642.7,3471.58,2171.12,0
2024-05,Port Harcourt,Supermarket,Dairy,Yogurt 200ml,54,531.6885166529427,28711.18,20494.07,8217.11,0
2024-05,Port Harcourt,Open Market/Kiosk,Dairy,Yogurt 200ml,35,867.369579750302,30357.94,18905.41,11452.53,0
2024-05,Port Harcourt,Convenience Store,Dairy,Yogurt 200ml,28,289.5077596091122,8106.22,5955.98,2150.24,0
2024-05,Port Harcourt,Online,Dairy,Yogurt 200ml,14,567.8612972252863,7950.06,5721.58,2228.48,0
2024-05,Port Harcourt,Supermarket,Dairy,Butter 250g,56,808.9034567451811,45298.59,32464.22,12834.37,0
2024-05,Port Harcourt,Open Market/Kiosk,Dairy,Butter 250g,45,252.91310066159375,11381.09,7684.34,3696.75,0
2024-05,Port Harcourt,Convenience Store,Dairy,Butter 250g,17,370.39516504010965,6296.72,3971.13,2325.59,0
2024-05,Port Harcourt,Online,Dairy,Butter 250g,17,281.74705515848353,4789.7,3504.58,1285.12,0
2024-05,Kano,Supermarket,Beverages,Cola 50cl,29,266.4741126316697,7727.75,4980.75,2747.0,0
2024-05,Kano,Open Market/Kiosk,Beverages,Cola 50cl,24,198.10240848110737,4754.46,3118.31,1636.15,0
2024-05,Kano,Convenience Store,Beverages,Cola 50cl,18,339.0158395615664,6102.29,3831.93,2270.36,0
2024-05,Kano,Online,Beverages,Cola 50cl,10,220.38101115173217,2203.81,1612.01,591.8,0
2024-05,Kano,Supermarket,Beverages,Malt Drink 33cl,52,321.3168888454915,16708.48,12436.31,4272.17,0
2024-05,Kano,Open Market/Kiosk,Beverages,Malt Drink 33cl,58,254.63560196790013,14768.86,9536.06,5232.8,0
2024-05,Kano,Convenience Store,Beverages,Malt Drink 33cl,29,179.82702156950756,5214.98,3415.3,1799.68,0
2024-05,Kano,Online,Beverages,Malt Drink 33cl,11,255.33787178527024,2808.72,1701.31,1107.41,0
2024-05,Kano,Supermarket,Beverages,Bottled Water 75cl,25,272.5337059478959,6813.34,4711.94,2101.4,0
2024-05,Kano,Open Market/Kiosk,Beverages,Bottled Water 75cl,49,274.17483751136024,13434.57,9414.86,4019.71,0
2024-05,Kano,Convenience Store,Beverages,Bottled Water 75cl,26,158.02787763308203,4108.72,2478.22,1630.5,0
2024-05,Kano,Online,Beverages,Bottled Water 75cl,22,238.42074924155577,5245.26,3261.69,1983.57,0
2024-05,Kano,Supermarket,Snacks,Biscuit Pack,39,263.27617280525885,10267.77,6889.49,3378.28,1
2024-05,Kano,Open Market/Kiosk,Snacks,Biscuit Pack,31,322.09143722679454,9984.83,6355.37,3629.46,0
2024-05,Kano,Convenience Store,Snacks,Biscuit Pack,24,366.72887281487186,8801.49,5796.46,3005.03,0
2024-05,Kano,Online,Snacks,Biscuit Pack,10,104.08131863520049,1040.81,630.72,410.09,0
2024-05,Kano,Supermarket,Snacks,Chips 45g,35,165.71150849261755,5799.9,4146.42,1653.48,0
2024-05,Kano,Open Market/Kiosk,Snacks,Chips 45g,43,114.93015897657266,4942.0,3621.46,1320.54,0
2024-05,Kano,Convenience Store,Snacks,Chips 45g,41,131.0305499946287,5372.25,3622.17,1750.08,0
2024-05,Kano,Online,Snacks,Chips 45g,25,363.09664929219565,9077.42,5990.9,3086.52,0
2024-05,Kano,Supermarket,Snacks,Chocolate Bar,41,117.99378165745493,4837.75,3346.42,1491.33,0
2024-05,Kano,Open Market/Kiosk,Snacks,Chocolate Bar,45,155.06887243597262,6978.1,4736.26,2241.84,0
2024-05,Kano,Convenience Store,Snacks,Chocolate Bar,22,328.2422624293231,7221.33,4872.85,2348.48,0
2024-05,Kano,Online,Snacks,Chocolate Bar,19,240.48657030186035,4569.24,3416.67,1152.57,0
2024-05,Kano,Supermarket,Personal Care,Soap Bar,32,1067.1199143487365,34147.84,25536.82,8611.02,0
2024-05,Kano,Open Market/Kiosk,Personal Care,Soap Bar,32,677.0467578721148,21665.5,16192.41,5473.09,0
2024-05,Kano,Convenience Store,Personal Care,Soap Bar,30,800.1331866482711,24004.0,17772.47,6231.53,1
2024-05,Kano,Online,Personal Care,Soap Bar,9,1067.6319223606047,9608.69,6506.0,3102.69,0
2024-05,Kano,Supermarket,Personal Care,Toothpaste 100g,36,1096.7060857900553,39481.42,28294.22,11187.2,0
2024-05,Kano,Open Market/Kiosk,Personal Care,Toothpaste 100g,46,764.5121257822381,35167.56,24560.75,10606.81,0
2024-05,Kano,Convenience Store,Personal Care,Toothpaste 100g,25,466.0815456629797,11652.04,8213.36,3438.68,0
2024-05,Kano,Online,Personal Care,Toothpaste 100g,18,600.8370373012883,10815.07,7823.13,2991.94,0
2024-05,Kano,Supermarket,Personal Care,Shampoo 200ml,27,1052.5015244349188,28417.54,17976.18,10441.36,1
2024-05,Kano,Open Market/Kiosk,Personal Care,Shampoo 200ml,29,797.7340595906411,23134.29,15610.6,7523.69,0
2024-05,Kano,Convenience Store,Personal Care,Shampoo 200ml,15,988.5388709734407,14828.08,10063.91,4764.17,0
2024-05,Kano,Online,Personal Care,Shampoo 200ml,20,985.1442866628242,19702.89,14272.97,5429.92,0
2024-05,Kano,Supermarket,Household,Detergent 1kg,33,624.0135052356052,20592.45,15427.36,5165.09,0
2024-05,Kano,Open Market/Kiosk,Household,Detergent 1kg,52,695.7947350176296,36181.33,23926.66,12254.67,0
2024-05,Kano,Convenience Store,Household,Detergent 1kg,26,608.996160122513,15833.9,10957.44,4876.46,0
2024-05,Kano,Online,Household,Detergent 1kg,17,1423.7983739999368,24204.57,18042.07,6162.5,0
2024-05,Kano,Supermarket,Household,Bleach 500ml,28,1355.7578750933249,37961.22,27850.54,10110.68,0
2024-05,Kano,Open Market/Kiosk,Household,Bleach 500ml,36,516.1409841948708,18581.08,11829.1,6751.98,0
2024-05,Kano,Convenience Store,Household,Bleach 500ml,24,1196.121023948564,28706.9,19681.35,9025.55,0
2024-05,Kano,Online,Household,Bleach 500ml,20,1345.3648499474348,26907.3,18049.73,8857.57,0
2024-05,Kano,Supermarket,Household,Air Freshener,35,1385.4181443591783,48489.64,35491.24,12998.4,0
2024-05,Kano,Open Market/Kiosk,Household,Air Freshener,45,901.1627912518284,40552.33,28160.96,12391.37,0
2024-05,Kano,Convenience Store,Household,Air Freshener,21,1434.383215437211,30122.05,18394.83,11727.22,0
2024-05,Kano,Online,Household,Air Freshener,15,951.3645251678886,14270.47,9825.42,4445.05,0
2024-05,Kano,Supermarket,Dairy,Milk 1L,23,431.10841650834203,9915.49,6534.48,3381.01,0
2024-05,Kano,Open Market/Kiosk,Dairy,Milk 1L,44,528.005761032505,23232.25,16384.31,6847.94,0
2024-05,Kano,Convenience Store,Dairy,Milk 1L,19,626.6136602063254,11905.66,8568.81,3336.85,0
2024-05,Kano,Online,Dairy,Milk 1L,15,377.4905773270165,5662.36,3795.19,1867.17,0
2024-05,Kano,Supermarket,Dairy,Yogurt 200ml,36,698.6370048546542,25150.93,17852.01,7298.92,0
2024-05,Kano,Open Market/Kiosk,Dairy,Yogurt 200ml,34,729.9545640084373,24818.46,17773.3,7045.16,0
2024-05,Kano,Convenience Store,Dairy,Yogurt 200ml,32,828.3139180808583,26506.05,17642.54,8863.51,0
2024-05,Kano,Online,Dairy,Yogurt 200ml,12,354.08335612001616,4249.0,2554.33,1694.67,0
2024-05,Kano,Supermarket,Dairy,Butter 250g,19,579.2599803229215,11005.94,6657.47,4348.47,0
2024-05,Kano,Open Market/Kiosk,Dairy,Butter 250g,40,486.4609335393871,19458.44,13823.43,5635.01,0
2024-05,Kano,Convenience Store,Dairy,Butter 250g,32,531.2581945072575,17000.26,10524.15,6476.11,0
2024-05,Kano,Online,Dairy,Butter 250g,12,744.5401695126428,8934.48,6011.17,2923.31,0
2024-05,Ibadan,Supermarket,Beverages,Cola 50cl,19,349.65379524081374,6643.42,4555.41,2088.01,0
2024-05,Ibadan,Open Market/Kiosk,Beverages,Cola 50cl,46,293.1278472133919,13483.88,9108.1,4375.78,0
2024-05,Ibadan,Convenience Store,Beverages,Cola 50cl,27,305.2233196827001,8241.03,6180.53,2060.5,0
2024-05,Ibadan,Online,Beverages,Cola 50cl,8,261.76344698366427,2094.11,1337.85,756.26,0
2024-05,Ibadan,Supermarket,Beverages,Malt Drink 33cl,43,303.80464775652956,13063.6,8303.49,4760.11,0
2024-05,Ibadan,Open Market/Kiosk,Beverages,Malt Drink 33cl,35,160.24790822928495,5608.68,3838.58,1770.1,0
2024-05,Ibadan,Convenience Store,Beverages,Malt Drink 33cl,16,263.08067839010084,4209.29,3147.11,1062.18,0
2024-05,Ibadan,Online,Beverages,Malt Drink 33cl,12,287.67934098538166,3452.15,2123.04,1329.11,0
2024-05,Ibadan,Supermarket,Beverages,Bottled Water 75cl,28,223.26062905246778,6251.3,4321.91,1929.39,0
2024-05,Ibadan,Open Market/Kiosk,Beverages,Bottled Water 75cl,44,232.96959396196462,10250.66,7252.82,2997.84,0
2024-05,Ibadan,Convenience Store,Beverages,Bottled Water 75cl,17,249.13226880701768,4235.25,2840.86,1394.39,0
2024-05,Ibadan,Online,Beverages,Bottled Water 75cl,9,237.6761794281863,2139.09,1315.55,823.54,0
2024-05,Ibadan,Supermarket,Snacks,Biscuit Pack,32,284.32638946690884,9098.44,5518.05,3580.39,0
2024-05,Ibadan,Open Market/Kiosk,Snacks,Biscuit Pack,30,215.11665241583634,6453.5,4653.78,1799.72,0
2024-05,Ibadan,Convenience Store,Snacks,Biscuit Pack,21,237.1006928130822,4979.11,3214.13,1764.98,0
2024-05,Ibadan,Online,Snacks,Biscuit Pack,15,155.92162422043333,2338.82,1427.83,910.99,0
2024-05,Ibadan,Supermarket,Snacks,Chips 45g,39,371.0023041120384,14469.09,10136.86,4332.23,0
2024-05,Ibadan,Open Market/Kiosk,Snacks,Chips 45g,26,254.05662307374507,6605.47,4597.75,2007.72,0
2024-05,Ibadan,Convenience Store,Snacks,Chips 45g,24,373.340731039025,8960.18,5413.05,3547.13,0
2024-05,Ibadan,Online,Snacks,Chips 45g,14,313.45387009354556,4388.35,3100.46,1287.89,0
2024-05,Ibadan,Supermarket,Snacks,Chocolate Bar,49,386.3135800662679,18929.37,12060.28,6869.09,0
2024-05,Ibadan,Open Market/Kiosk,Snacks,Chocolate Bar,31,234.8097614875452,7279.1,4419.16,2859.94,0
2024-05,Ibadan,Convenience Store,Snacks,Chocolate Bar,19,324.7871081647751,6170.96,4005.04,2165.92,0
2024-05,Ibadan,Online,Snacks,Chocolate Bar,11,332.41707799136805,3656.59,2426.34,1230.25,0
2024-05,Ibadan,Supermarket,Personal Care,Soap Bar,34,518.6978335747468,17635.73,12745.63,4890.1,0
2024-05,Ibadan,Open Market/Kiosk,Personal Care,Soap Bar,34,472.7779552733141,16074.45,11562.91,4511.54,0
2024-05,Ibadan,Convenience Store,Personal Care,Soap Bar,22,352.33600850976103,7751.39,5651.58,2099.81,0
2024-05,Ibadan,Online,Personal Care,Soap Bar,15,1163.2741378126693,17449.11,10855.81,6593.3,0
2024-05,Ibadan,Supermarket,Personal Care,Toothpaste 100g,33,712.0322850761625,23497.07,15644.32,7852.75,0
2024-05,Ibadan,Open Market/Kiosk,Personal Care,Toothpaste 100g,29,534.7479720225078,15507.69,9381.81,6125.88,0
2024-05,Ibadan,Convenience Store,Personal Care,Toothpaste 100g,21,462.6983593566541,9716.67,6805.0,2911.67,0
2024-05,Ibadan,Online,Personal Care,Toothpaste 100g,16,854.9290542641218,13678.86,8208.45,5470.41,0
2024-05,Ibadan,Supermarket,Personal Care,Shampoo 200ml,27,885.5173119984115,23908.97,17702.73,6206.24,0
2024-05,Ibadan,Open Market/Kiosk,Personal Care,Shampoo 200ml,50,1101.6107360449237,55080.54,35927.71,19152.83,0
2024-05,Ibadan,Convenience Store,Personal Care,Shampoo 200ml,23,496.6936153685067,11423.95,8550.05,2873.9,0
2024-05,Ibadan,Online,Personal Care,Shampoo 200ml,13,1138.1022832610083,14795.33,11081.83,3713.5,0
2024-05,Ibadan,Supermarket,Household,Detergent 1kg,21,1233.036154868363,25893.76,18576.45,7317.31,0
2024-05,Ibadan,Open Market/Kiosk,Household,Detergent 1kg,36,463.4069651571328,16682.65,11476.67,5205.98,0
2024-05,Ibadan,Convenience Store,Household,Detergent 1kg,17,1176.4973362593241,20000.45,12818.29,7182.16,0
2024-05,Ibadan,Online,Household,Detergent 1kg,15,413.3512041467206,6200.27,4319.3,1880.97,0
2024-05,Ibadan,Supermarket,Household,Bleach 500ml,32,1375.856198563558,44027.4,27317.14,16710.26,0
2024-05,Ibadan,Open Market/Kiosk,Household,Bleach 500ml,56,605.4809251495392,33906.93,23799.4,10107.53,0
2024-05,Ibadan,Convenience Store,Household,Bleach 500ml,34,414.74529567719014,14101.34,10452.95,3648.39,0
2024-05,Ibadan,Online,Household,Bleach 500ml,12,720.4330895756655,8645.2,6380.51,2264.69,0
2024-05,Ibadan,Supermarket,Household,Air Freshener,31,1329.269396318518,41207.35,30486.94,10720.41,0
2024-05,Ibadan,Open Market/Kiosk,Household,Air Freshener,38,1371.247701432247,52107.41,36673.14,15434.27,0
2024-05,Ibadan,Convenience Store,Household,Air Freshener,18,637.4530374254374,11474.15,8493.82,2980.33,0
2024-05,Ibadan,Online,Household,Air Freshener,19,1055.0528606300886,20046.0,13366.63,6679.37,0
2024-05,Ibadan,Supermarket,Dairy,Milk 1L,42,638.1479579140457,26802.21,17920.81,8881.4,0
2024-05,Ibadan,Open Market/Kiosk,Dairy,Milk 1L,36,575.5654696984077,20720.36,13035.68,7684.68,0
2024-05,Ibadan,Convenience Store,Dairy,Milk 1L,32,440.9713187300798,14111.08,10219.51,3891.57,0
2024-05,Ibadan,Online,Dairy,Milk 1L,21,295.1800677348756,6198.78,4192.15,2006.63,0
2024-05,Ibadan,Supermarket,Dairy,Yogurt 200ml,46,719.7223065345568,33107.23,23451.36,9655.87,0
2024-05,Ibadan,Open Market/Kiosk,Dairy,Yogurt 200ml,42,514.8331742979935,21622.99,14238.86,7384.13,0
2024-05,Ibadan,Convenience Store,Dairy,Yogurt 200ml,16,860.0902052665729,13761.44,9625.03,4136.41,0
2024-05,Ibadan,Online,Dairy,Yogurt 200ml,16,720.8992751134176,11534.39,7725.46,3808.93,0
2024-05,Ibadan,Supermarket,Dairy,Butter 250g,21,801.2615314707289,16826.49,11446.14,5380.35,0
2024-05,Ibadan,Open Market/Kiosk,Dairy,Butter 250g,46,310.6091974938829,14288.02,9137.57,5150.45,0
2024-05,Ibadan,Convenience Store,Dairy,Butter 250g,21,733.7826105412067,15409.43,10970.19,4439.24,0
2024-05,Ibadan,Online,Dairy,Butter 250g,11,290.7690340859025,3198.46,2086.45,1112.01,0
2024-06,Lagos,Supermarket,Beverages,Cola 50cl,63,192.7425949705158,12142.78,7566.45,4576.33,0
2024-06,Lagos,Open Market/Kiosk,Beverages,Cola 50cl,96,189.1744370158275,18160.75,13061.1,5099.65,0
2024-06,Lagos,Convenience Store,Beverages,Cola 50cl,43,260.1825279895771,11187.85,6899.35,4288.5,0
2024-06,Lagos,Online,Beverages,Cola 50cl,29,282.0772880542688,8180.24,5824.62,2355.62,0
2024-06,Lagos,Supermarket,Beverages,Malt Drink 33cl,48,192.01058403586103,9216.51,6309.04,2907.47,0
2024-06,Lagos,Open Market/Kiosk,Beverages,Malt Drink 33cl,69,211.77304020243156,14612.34,9705.72,4906.62,0
2024-06,Lagos,Convenience Store,Beverages,Malt Drink 33cl,44,214.78782403214316,9450.66,6277.62,3173.04,0
2024-06,Lagos,Online,Beverages,Malt Drink 33cl,24,169.21519512767122,4061.16,2983.33,1077.83,0
2024-06,Lagos,Supermarket,Beverages,Bottled Water 75cl,31,197.40830178373602,6119.66,4034.65,2085.01,1
2024-06,Lagos,Open Market/Kiosk,Beverages,Bottled Water 75cl,48,171.92499726600045,8252.4,5625.14,2627.26,0
2024-06,Lagos,Convenience Store,Beverages,Bottled Water 75cl,44,287.0059898538377,12628.26,8154.91,4473.35,0
2024-06,Lagos,Online,Beverages,Bottled Water 75cl,37,151.8950262523393,5620.12,4156.1,1464.02,0
2024-06,Lagos,Supermarket,Snacks,Biscuit Pack,37,259.1389000122446,9588.14,6978.75,2609.39,0
2024-06,Lagos,Open Market/Kiosk,Snacks,Biscuit Pack,59,222.72281036982866,13140.65,8709.5,4431.15,0
2024-06,Lagos,Convenience Store,Snacks,Biscuit Pack,30,129.81483368525804,3894.45,2348.19,1546.26,0
2024-06,Lagos,Online,Snacks,Biscuit Pack,21,330.25200861860924,6935.29,4659.81,2275.48,0
2024-06,Lagos,Supermarket,Snacks,Chips 45g,58,376.80849518631015,21854.89,13955.71,7899.18,0
2024-06,Lagos,Open Market/Kiosk,Snacks,Chips 45g,54,375.33868783320395,20268.29,14109.68,6158.61,0
2024-06,Lagos,Convenience Store,Snacks,Chips 45g,28,193.92495080540562,5429.9,3799.61,1630.29,0
2024-06,Lagos,Online,Snacks,Chips 45g,14,265.5370190738487,3717.52,2582.92,1134.6,0
2024-06,Lagos,Supermarket,Snacks,Chocolate Bar,51,167.93818112741647,8564.85,6316.78,2248.07,0
2024-06,Lagos,Open Market/Kiosk,Snacks,Chocolate Bar,40,293.7802554402815,11751.21,7652.77,4098.44,1
2024-06,Lagos,Convenience Store,Snacks,Chocolate Bar,37,147.15474148251207,5444.73,3374.47,2070.26,0
2024-06,Lagos,Online,Snacks,Chocolate Bar,25,230.48773190536505,5762.19,4223.01,1539.18,0
2024-06,Lagos,Supermarket,Personal Care,Soap Bar,42,911.7082807415757,38291.75,23347.67,14944.08,0
2024-06,Lagos,Open Market/Kiosk,Personal Care,Soap Bar,55,804.6688764138754,44256.79,31405.25,12851.54,0
2024-06,Lagos,Convenience Store,Personal Care,Soap Bar,44,745.9244067588,32820.67,22530.37,10290.3,1
2024-06,Lagos,Online,Personal Care,Soap Bar,16,996.1672712178928,15938.68,9986.05,5952.63,0
2024-06,Lagos,Supermarket,Personal Care,Toothpaste 100g,55,745.1276260823812,40982.02,28204.51,12777.51,0
2024-06,Lagos,Open Market/Kiosk,Personal Care,Toothpaste 100g,77,607.5818420687065,46783.8,32641.53,14142.27,0
2024-06,Lagos,Convenience Store,Personal Care,Toothpaste 100g,30,501.034294044632,15031.03,9726.78,5304.25,0
2024-06,Lagos,Online,Personal Care,Toothpaste 100g,31,1140.480335866188,35354.89,25744.14,9610.75,0
2024-06,Lagos,Supermarket,Personal Care,Shampoo 200ml,52,364.3849397013388,18948.02,12121.8,6826.22,0
2024-06,Lagos,Open Market/Kiosk,Personal Care,Shampoo 200ml,66,521.6391515827072,34428.18,24735.1,9693.08,0
2024-06,Lagos,Convenience Store,Personal Care,Shampoo 200ml,40,1000.7869359674185,40031.48,25448.74,14582.74,0
2024-06,Lagos,Online,Personal Care,Shampoo 200ml,17,594.1909107887876,10101.25,6676.41,3424.84,0
2024-06,Lagos,Supermarket,Household,Detergent 1kg,43,1048.2722157456026,45075.71,28799.27,16276.44,0
2024-06,Lagos,Open Market/Kiosk,Household,Detergent 1kg,54,768.1315109829993,41479.1,25828.1,15651.0,0
2024-06,Lagos,Convenience Store,Household,Detergent 1kg,45,1031.2103309422428,46404.46,32489.26,13915.2,0
2024-06,Lagos,Online,Household,Detergent 1kg,23,1426.978171153404,32820.5,23142.06,9678.44,0
2024-06,Lagos,Supermarket,Household,Bleach 500ml,42,1381.6687952896432,58030.09,39392.18,18637.91,0
2024-06,Lagos,Open Market/Kiosk,Household,Bleach 500ml,75,1431.566393504669,107367.48,73643.42,33724.06,0
2024-06,Lagos,Convenience Store,Household,Bleach 500ml,48,974.2532577883844,46764.16,28371.77,18392.39,0
2024-06,Lagos,Online,Household,Bleach 500ml,26,938.4934963035697,24400.83,15044.73,9356.1,0
2024-06,Lagos,Supermarket,Household,Air Freshener,70,905.8046740000968,63406.33,46274.72,17131.61,0
2024-06,Lagos,Open Market/Kiosk,Household,Air Freshener,67,520.5576573686398,34877.36,21111.98,13765.38,0
2024-06,Lagos,Convenience Store,Household,Air Freshener,44,1233.3422159909633,54267.06,37645.65,16621.41,0
2024-06,Lagos,Online,Household,Air Freshener,26,798.8786467440082,20770.84,12840.87,7929.97,0
2024-06,Lagos,Supermarket,Dairy,Milk 1L,27,819.1118253272441,22116.02,16175.44,5940.58,0
2024-06,Lagos,Open Market/Kiosk,Dairy,Milk 1L,65,893.9712859109434,58108.13,41461.14,16646.99,0
2024-06,Lagos,Convenience Store,Dairy,Milk 1L,43,505.4092482680743,21732.6,15907.31,5825.29,1
2024-06,Lagos,Online,Dairy,Milk 1L,24,261.24507978163035,6269.88,4494.13,1775.75,0
2024-06,Lagos,Supermarket,Dairy,Yogurt 200ml,38,898.8135796301023,34154.92,24721.75,9433.17,0
2024-06,Lagos,Open Market/Kiosk,Dairy,Yogurt 200ml,75,495.0459889867957,37128.45,25099.08,12029.37,0
2024-06,Lagos,Convenience Store,Dairy,Yogurt 200ml,59,287.01936374219275,16934.14,10683.0,6251.14,0
2024-06,Lagos,Online,Dairy,Yogurt 200ml,30,876.9771207710744,26309.31,17674.73,8634.58,0
2024-06,Lagos,Supermarket,Dairy,Butter 250g,56,443.3837783239556,24829.49,17074.64,7754.85,0
2024-06,Lagos,Open Market/Kiosk,Dairy,Butter 250g,48,502.3176506796914,24111.25,15990.21,8121.04,0
2024-06,Lagos,Convenience Store,Dairy,Butter 250g,27,433.4161196720015,11702.24,8031.31,3670.93,0
2024-06,Lagos,Online,Dairy,Butter 250g,30,694.4471361055729,20833.41,13475.77,7357.64,0
2024-06,Abuja,Supermarket,Beverages,Cola 50cl,49,159.15526788574513,7798.61,5509.85,2288.76,0
2024-06,Abuja,Open Market/Kiosk,Beverages,Cola 50cl,64,304.0223304460571,19457.43,14407.58,5049.85,0
2024-06,Abuja,Convenience Store,Beverages,Cola 50cl,44,170.30077166070708,7493.23,4643.24,2849.99,0
2024-06,Abuja,Online,Beverages,Cola 50cl,21,253.40967093802664,5321.6,3259.68,2061.92,0
2024-06,Abuja,Supermarket,Beverages,Malt Drink 33cl,40,206.05306003488568,8242.12,5504.48,2737.64,0
2024-06,Abuja,Open Market/Kiosk,Beverages,Malt Drink 33cl,46,190.07206080069005,8743.31,6151.58,2591.73,0
2024-06,Abuja,Convenience Store,Beverages,Malt Drink 33cl,22,197.18017333965767,4337.96,2615.95,1722.01,0
2024-06,Abuja,Online,Beverages,Malt Drink 33cl,24,269.8600778032745,6476.64,4548.54,1928.1,0
2024-06,Abuja,Supermarket,Beverages,Bottled Water 75cl,52,275.79767744487043,14341.48,8984.7,5356.78,0
2024-06,Abuja,Open Market/Kiosk,Beverages,Bottled Water 75cl,54,242.7574911510706,13108.9,7935.69,5173.21,0
2024-06,Abuja,Convenience Store,Beverages,Bottled Water 75cl,34,318.9611334072001,10844.68,7324.47,3520.21,0
2024-06,Abuja,Online,Beverages,Bottled Water 75cl,17,217.9356875458451,3704.91,2427.78,1277.13,0
2024-06,Abuja,Supermarket,Snacks,Biscuit Pack,33,158.1147826838681,5217.79,3320.41,1897.38,0
2024-06,Abuja,Open Market/Kiosk,Snacks,Biscuit Pack,53,312.0533072287295,16538.83,11775.13,4763.7,1
2024-06,Abuja,Convenience Store,Snacks,Biscuit Pack,30,100.42771848625979,3012.83,1963.62,1049.21,0
2024-06,Abuja,Online,Snacks,Biscuit Pack,19,124.01239722743219,2356.24,1595.85,760.39,1
2024-06,Abuja,Supermarket,Snacks,Chips 45g,26,208.36682057028588,5417.54,3264.2,2153.34,0
2024-06,Abuja,Open Market/Kiosk,Snacks,Chips 45g,54,276.42783745418717,14927.1,9153.93,5773.17,0
2024-06,Abuja,Convenience Store,Snacks,Chips 45g,26,121.96945128317017,3171.21,2318.07,853.14,0
2024-06,Abuja,Online,Snacks,Chips 45g,15,285.0515130352726,4275.77,2860.0,1415.77,1
2024-06,Abuja,Supermarket,Snacks,Chocolate Bar,43,363.79794970474705,15643.31,10550.4,5092.91,0
2024-06,Abuja,Open Market/Kiosk,Snacks,Chocolate Bar,53,269.17733737628896,14266.4,10118.94,4147.46,0
2024-06,Abuja,Convenience Store,Snacks,Chocolate Bar,29,256.4184208788805,7436.13,4956.85,2479.28,0
2024-06,Abuja,Online,Snacks,Chocolate Bar,21,190.1861679566926,3993.91,2805.34,1188.57,0
2024-06,Abuja,Supermarket,Personal Care,Soap Bar,33,1144.0130581081035,37752.43,27785.8,9966.63,0
2024-06,Abuja,Open Market/Kiosk,Personal Care,Soap Bar,44,1189.6722005933293,52345.58,33337.36,19008.22,0
2024-06,Abuja,Convenience Store,Personal Care,Soap Bar,21,452.3575892455105,9499.51,6187.7,3311.81,0
2024-06,Abuja,Online,Personal Care,Soap Bar,21,595.5220066197173,12505.96,8202.2,4303.76,0
2024-06,Abuja,Supermarket,Personal Care,Toothpaste 100g,53,572.0244554218777,30317.3,19987.25,10330.05,0
2024-06,Abuja,Open Market/Kiosk,Personal Care,Toothpaste 100g,35,1097.7924498198513,38422.74,26581.12,11841.62,0
2024-06,Abuja,Convenience Store,Personal Care,Toothpaste 100g,29,404.8164740024689,11739.68,8144.77,3594.91,0
2024-06,Abuja,Online,Personal Care,Toothpaste 100g,24,400.3949166121716,9609.48,6970.5,2638.98,0
2024-06,Abuja,Supermarket,Personal Care,Shampoo 200ml,43,1165.1513181306477,50101.51,32438.14,17663.37,0
2024-06,Abuja,Open Market/Kiosk,Personal Care,Shampoo 200ml,53,1032.373466010793,54715.79,39055.22,15660.57,0
2024-06,Abuja,Convenience Store,Personal Care,Shampoo 200ml,45,382.2748942030659,17202.37,10722.77,6479.6,1
2024-06,Abuja,Online,Personal Care,Shampoo 200ml,29,864.701048835248,25076.33,17855.03,7221.3,0
2024-06,Abuja,Supermarket,Household,Detergent 1kg,57,1385.4536330736546,78970.86,48633.92,30336.94,1
2024-06,Abuja,Open Market/Kiosk,Household,Detergent 1kg,42,1133.3122122692052,47599.11,31232.18,16366.93,0
2024-06,Abuja,Convenience Store,Household,Detergent 1kg,18,1118.4437373186215,20131.99,14048.45,6083.54,0
2024-06,Abuja,Online,Household,Detergent 1kg,18,1152.3783658162083,20742.81,13115.05,7627.76,0
2024-06,Abuja,Supermarket,Household,Bleach 500ml,33,1029.8219992874579,33984.13,21317.95,12666.18,0
2024-06,Abuja,Open Market/Kiosk,Household,Bleach 500ml,51,940.9733780689226,47989.64,32872.83,15116.81,0
2024-06,Abuja,Convenience Store,Household,Bleach 500ml,25,1309.582557208149,32739.56,21355.17,11384.39,0
2024-06,Abuja,Online,Household,Bleach 500ml,26,1441.8281535600163,37487.53,23283.01,14204.52,0
2024-06,Abuja,Supermarket,Household,Air Freshener,20,1021.7490192879137,20434.98,12921.55,7513.43,0
2024-06,Abuja,Open Market/Kiosk,Household,Air Freshener,73,1090.3871710153585,79598.26,56335.99,23262.27,0
2024-06,Abuja,Convenience Store,Household,Air Freshener,43,1079.967519285513,46438.6,28064.23,18374.37,0
2024-06,Abuja,Online,Household,Air Freshener,19,726.8000656583529,13809.2,9413.78,4395.42,0
2024-06,Abuja,Supermarket,Dairy,Milk 1L,57,563.009708132719,32091.55,22465.7,9625.85,0
2024-06,Abuja,Open Market/Kiosk,Dairy,Milk 1L,49,882.844971720454,43259.4,29887.6,13371.8,0
2024-06,Abuja,Convenience Store,Dairy,Milk 1L,35,401.1048761408962,14038.67,9050.02,4988.65,0
2024-06,Abuja,Online,Dairy,Milk 1L,19,281.02696329119146,5339.51,3835.94,1503.57,0
2024-06,Abuja,Supermarket,Dairy,Yogurt 200ml,38,604.5582512798285,22973.21,16654.6,6318.61,0
2024-06,Abuja,Open Market/Kiosk,Dairy,Yogurt 200ml,61,322.2460878536208,19657.01,14137.31,5519.7,0
2024-06,Abuja,Convenience Store,Dairy,Yogurt 200ml,30,834.5882437986025,25037.65,16972.76,8064.89,0
2024-06,Abuja,Online,Dairy,Yogurt 200ml,19,616.821759117548,11719.61,8536.52,3183.09,0
2024-06,Abuja,Supermarket,Dairy,Butter 250g,49,454.3665171429669,22263.96,14655.6,7608.36,0
2024-06,Abuja,Open Market/Kiosk,Dairy,Butter 250g,35,871.0561438218567,30486.97,20961.07,9525.9,0
2024-06,Abuja,Convenience Store,Dairy,Butter 250g,23,704.9736182639942,16214.39,11742.73,4471.66,0
2024-06,Abuja,Online,Dairy,Butter 250g,22,492.40588610555983,10832.93,7450.2,3382.73,0
2024-06,Port Harcourt,Supermarket,Beverages,Cola 50cl,37,313.48953010139064,11599.11,7848.53,3750.58,0
2024-06,Port Harcourt,Open Market/Kiosk,Beverages,Cola 50cl,37,259.9994970974716,9619.98,6814.29,2805.69,0
2024-06,Port Harcourt,Convenience Store,Beverages,Cola 50cl,22,321.06953373672457,7063.53,4909.26,2154.27,0
2024-06,Port Harcourt,Online,Beverages,Cola 50cl,19,225.1922204322708,4278.65,3020.45,1258.2,1
2024-06,Port Harcourt,Supermarket,Beverages,Malt Drink 33cl,52,206.92598238786383,10760.15,7067.4,3692.75,0
2024-06,Port Harcourt,Open Market/Kiosk,Beverages,Malt Drink 33cl,46,283.3790541740684,13035.44,8839.99,4195.45,0
2024-06,Port Harcourt,Convenience Store,Beverages,Malt Drink 33cl,17,200.84500601650183,3414.37,2324.89,1089.48,0
2024-06,Port Harcourt,Online,Beverages,Malt Drink 33cl,16,254.56550546218574,4073.05,2485.85,1587.2,0
2024-06,Port Harcourt,Supermarket,Beverages,Bottled Water 75cl,46,181.41177681982774,8344.94,5461.35,2883.59,0
2024-06,Port Harcourt,Open Market/Kiosk,Beverages,Bottled Water 75cl,76,282.915885601808,21501.61,14354.34,7147.27,0
2024-06,Port Harcourt,Convenience Store,Beverages,Bottled Water 75cl,36,295.40249093994476,10634.49,6481.55,4152.94,0
2024-06,Port Harcourt,Online,Beverages,Bottled Water 75cl,15,158.02955400574808,2370.44,1733.59,636.85,0
2024-06,Port Harcourt,Supermarket,Snacks,Biscuit Pack,41,155.92505656305542,6392.93,3911.33,2481.6,0
2024-06,Port Harcourt,Open Market/Kiosk,Snacks,Biscuit Pack,74,393.46710057441237,29116.57,21355.26,7761.31,0
2024-06,Port Harcourt,Convenience Store,Snacks,Biscuit Pack,35,348.18308646158175,12186.41,8671.64,3514.77,0
2024-06,Port Harcourt,Online,Snacks,Biscuit Pack,18,149.63249200566332,2693.38,1656.23,1037.15,0
2024-06,Port Harcourt,Supermarket,Snacks,Chips 45g,58,188.38548990547102,10926.36,8014.43,2911.93,1
2024-06,Port Harcourt,Open Market/Kiosk,Snacks,Chips 45g,33,213.24931274125677,7037.23,4964.93,2072.3,0
2024-06,Port Harcourt,Convenience Store,Snacks,Chips 45g,42,368.16692881665745,15463.01,11441.42,4021.59,0
2024-06,Port Harcourt,Online,Snacks,Chips 45g,25,187.44420177372956,4686.11,3309.02,1377.09,0
2024-06,Port Harcourt,Supermarket,Snacks,Chocolate Bar,35,336.79690310834906,11787.89,8242.21,3545.68,0
2024-06,Port Harcourt,Open Market/Kiosk,Snacks,Chocolate Bar,43,245.0521223732996,10537.24,7867.08,2670.16,0
2024-06,Port Harcourt,Convenience Store,Snacks,Chocolate Bar,24,125.4341871189263,3010.42,2043.86,966.56,0
2024-06,Port Harcourt,Online,Snacks,Chocolate Bar,15,253.9880747378495,3809.82,2697.22,1112.6,0
2024-06,Port Harcourt,Supermarket,Personal Care,Soap Bar,42,805.6324923044779,33836.56,24096.59,9739.97,0
2024-06,Port Harcourt,Open Market/Kiosk,Personal Care,Soap Bar,46,512.9898415317424,23597.53,16775.33,6822.2,0
2024-06,Port Harcourt,Convenience Store,Personal Care,Soap Bar,21,1002.3044228626413,21048.39,14299.77,6748.62,1
2024-06,Port Harcourt,Online,Personal Care,Soap Bar,16,1140.2917908674444,18244.67,11860.86,6383.81,0
2024-06,Port Harcourt,Supermarket,Personal Care,Toothpaste 100g,31,1121.342269565011,34761.61,24746.55,10015.06,0
2024-06,Port Harcourt,Open Market/Kiosk,Personal Care,Toothpaste 100g,50,561.6343703139439,28081.72,17780.93,10300.79,0
2024-06,Port Harcourt,Convenience Store,Personal Care,Toothpaste 100g,23,592.1187020664306,13618.73,9744.53,3874.2,0
2024-06,Port Harcourt,Online,Personal Care,Toothpaste 100g,25,929.0123147047286,23225.31,16373.25,6852.06,1
2024-06,Port Harcourt,Supermarket,Personal Care,Shampoo 200ml,51,510.75181757697817,26048.34,17605.16,8443.18,0
2024-06,Port Harcourt,Open Market/Kiosk,Personal Care,Shampoo 200ml,65,564.987700154509,36724.2,25279.62,11444.58,0
2024-06,Port Harcourt,Convenience Store,Personal Care,Shampoo 200ml,33,469.2438778322178,15485.05,10279.44,5205.61,0
2024-06,Port Harcourt,Online,Personal Care,Shampoo 200ml,14,1192.6077197591367,16696.51,10489.73,6206.78,0
2024-06,Port Harcourt,Supermarket,Household,Detergent 1kg,29,507.73220192114155,14724.23,10085.95,4638.28,0
2024-06,Port Harcourt,Open Market/Kiosk,Household,Detergent 1kg,35,1214.5702011506942,42509.96,30293.38,12216.58,0
2024-06,Port Harcourt,Convenience Store,Household,Detergent 1kg,34,1075.409172942831,36563.91,22106.87,14457.04,0
2024-06,Port Harcourt,Online,Household,Detergent 1kg,30,978.0948042382878,29342.84,20171.23,9171.61,0
2024-06,Port Harcourt,Supermarket,Household,Bleach 500ml,52,1253.7429698758385,65194.63,39888.82,25305.81,0
2024-06,Port Harcourt,Open Market/Kiosk,Household,Bleach 500ml,43,1301.8703443853924,55980.42,35105.13,20875.29,0
2024-06,Port Harcourt,Convenience Store,Household,Bleach 500ml,29,1290.8697442762818,37435.22,26730.92,10704.3,0
2024-06,Port Harcourt,Online,Household,Bleach 500ml,26,751.1321394759998,19529.44,13160.17,6369.27,0
2024-06,Port Harcourt,Supermarket,Household,Air Freshener,34,533.1536537895726,18127.22,11908.64,6218.58,0
2024-06,Port Harcourt,Open Market/Kiosk,Household,Air Freshener,40,1190.5649258622927,47622.6,31765.09,15857.51,0
2024-06,Port Harcourt,Convenience Store,Household,Air Freshener,26,1061.7182757040905,27604.68,18357.05,9247.63,0
2024-06,Port Harcourt,Online,Household,Air Freshener,14,401.2605456910819,5617.65,3862.73,1754.92,0
2024-06,Port Harcourt,Supermarket,Dairy,Milk 1L,46,510.94315494804175,23503.39,15459.8,8043.59,0
2024-06,Port Harcourt,Open Market/Kiosk,Dairy,Milk 1L,50,425.3160526536502,21265.8,15097.76,6168.04,0
2024-06,Port Harcourt,Convenience Store,Dairy,Milk 1L,27,678.4237890540059,18317.44,12198.78,6118.66,0
2024-06,Port Harcourt,Online,Dairy,Milk 1L,22,505.56507053194025,11122.43,7140.48,3981.95,0
2024-06,Port Harcourt,Supermarket,Dairy,Yogurt 200ml,49,878.3372333584405,43038.52,30517.06,12521.46,1
2024-06,Port Harcourt,Open Market/Kiosk,Dairy,Yogurt 200ml,42,779.8691009902893,32754.5,21417.38,11337.12,0
2024-06,Port Harcourt,Convenience Store,Dairy,Yogurt 200ml,48,751.7390582100579,36083.47,25019.29,11064.18,0
2024-06,Port Harcourt,Online,Dairy,Yogurt 200ml,24,888.1752147665875,21316.21,14003.45,7312.76,0
2024-06,Port Harcourt,Supermarket,Dairy,Butter 250g,33,568.298527404573,18753.85,11562.97,7190.88,0
2024-06,Port Harcourt,Open Market/Kiosk,Dairy,Butter 250g,32,507.8822813207808,16252.23,11055.65,5196.58,0
2024-06,Port Harcourt,Convenience Store,Dairy,Butter 250g,33,267.1201561365588,8814.97,6597.9,2217.07,0
2024-06,Port Harcourt,Online,Dairy,Butter 250g,14,857.1499520264648,12000.1,8162.6,3837.5,0
2024-06,Kano,Supermarket,Beverages,Cola 50cl,36,171.46373209480302,6172.69,4613.3,1559.39,0
2024-06,Kano,Open Market/Kiosk,Beverages,Cola 50cl,37,255.50518473491974,9453.69,5878.88,3574.81,0
2024-06,Kano,Convenience Store,Beverages,Cola 50cl,26,271.89231720215287,7069.2,5067.11,2002.09,0
2024-06,Kano,Online,Beverages,Cola 50cl,13,154.37027544155575,2006.81,1382.04,624.77,0
2024-06,Kano,Supermarket,Beverages,Malt Drink 33cl,47,210.30880265777307,9884.51,7309.08,2575.43,0
2024-06,Kano,Open Market/Kiosk,Beverages,Malt Drink 33cl,45,252.99757094556657,11384.89,7241.73,4143.16,0
2024-06,Kano,Convenience Store,Beverages,Malt Drink 33cl,34,286.3471904131221,9735.8,6045.97,3689.83,0
2024-06,Kano,Online,Beverages,Malt Drink 33cl,11,338.2443270190581,3720.69,2545.62,1175.07,0
2024-06,Kano,Supermarket,Beverages,Bottled Water 75cl,26,260.9684380743216,6785.18,4725.7,2059.48,0
2024-06,Kano,Open Market/Kiosk,Beverages,Bottled Water 75cl,50,329.0828116134039,16454.14,11152.57,5301.57,0
2024-06,Kano,Convenience Store,Beverages,Bottled Water 75cl,28,248.82008315168787,6966.96,4591.31,2375.65,0
2024-06,Kano,Online,Beverages,Bottled Water 75cl,18,180.79219882088523,3254.26,2222.74,1031.52,0
2024-06,Kano,Supermarket,Snacks,Biscuit Pack,42,335.1882361183054,14077.91,9674.23,4403.68,0
2024-06,Kano,Open Market/Kiosk,Snacks,Biscuit Pack,28,120.1473347148464,3364.13,2071.77,1292.36,0
2024-06,Kano,Convenience Store,Snacks,Biscuit Pack,25,208.72319254399048,5218.08,3310.34,1907.74,0
2024-06,Kano,Online,Snacks,Biscuit Pack,14,351.51972654600763,4921.28,3044.42,1876.86,0
2024-06,Kano,Supermarket,Snacks,Chips 45g,22,113.59939061439822,2499.19,1767.62,731.57,0
2024-06,Kano,Open Market/Kiosk,Snacks,Chips 45g,50,109.87413059835211,5493.71,3695.2,1798.51,0
2024-06,Kano,Convenience Store,Snacks,Chips 45g,29,323.89185084628275,9392.86,6277.77,3115.09,0
2024-06,Kano,Online,Snacks,Chips 45g,13,203.48862542776965,2645.35,1618.36,1026.99,0
2024-06,Kano,Supermarket,Snacks,Chocolate Bar,31,157.7556615459394,4890.43,2993.73,1896.7,0
2024-06,Kano,Open Market/Kiosk,Snacks,Chocolate Bar,52,295.0534377883036,15342.78,10389.62,4953.16,0
2024-06,Kano,Convenience Store,Snacks,Chocolate Bar,29,304.73512605712006,8837.32,5974.47,2862.85,0
2024-06,Kano,Online,Snacks,Chocolate Bar,18,147.03083120050067,2646.55,1699.86,946.69,0
2024-06,Kano,Supermarket,Personal Care,Soap Bar,32,1016.9366172671174,32541.97,23356.2,9185.77,0
2024-06,Kano,Open Market/Kiosk,Personal Care,Soap Bar,36,313.94992502128895,11302.2,7019.55,4282.65,0
2024-06,Kano,Convenience Store,Personal Care,Soap Bar,27,594.010293428561,16038.28,11789.11,4249.17,0
2024-06,Kano,Online,Personal Care,Soap Bar,14,429.8261827049324,6017.57,4043.96,1973.61,0
2024-06,Kano,Supermarket,Personal Care,Toothpaste 100g,31,706.0721524984556,21888.24,14482.03,7406.21,0
2024-06,Kano,Open Market/Kiosk,Personal Care,Toothpaste 100g,40,537.3284299059603,21493.14,15276.97,6216.17,0
2024-06,Kano,Convenience Store,Personal Care,Toothpaste 100g,19,850.803507598301,16165.27,11252.81,4912.46,0
2024-06,Kano,Online,Personal Care,Toothpaste 100g,11,991.4483530195703,10905.93,7702.38,3203.55,0
2024-06,Kano,Supermarket,Personal Care,Shampoo 200ml,39,311.8200363389403,12160.98,7438.84,4722.14,0
2024-06,Kano,Open Market/Kiosk,Personal Care,Shampoo 200ml,33,868.3832187683944,28656.65,21055.07,7601.58,0
2024-06,Kano,Convenience Store,Personal Care,Shampoo 200ml,29,849.7032204701526,24641.39,18375.62,6265.77,1
2024-06,Kano,Online,Personal Care,Shampoo 200ml,17,936.2972672673764,15917.05,11649.49,4267.56,0
2024-06,Kano,Supermarket,Household,Detergent 1kg,24,1333.6106918524913,32006.66,23128.07,8878.59,0
2024-06,Kano,Open Market/Kiosk,Household,Detergent 1kg,34,794.1552214483215,27001.28,17148.5,9852.78,0
2024-06,Kano,Convenience Store,Household,Detergent 1kg,17,1346.8743788461873,22896.86,17057.31,5839.55,0
2024-06,Kano,Online,Household,Detergent 1kg,13,1074.8661509892638,13973.26,8572.75,5400.51,1
2024-06,Kano,Supermarket,Household,Bleach 500ml,33,721.6098427632801,23813.12,17117.64,6695.48,0
2024-06,Kano,Open Market/Kiosk,Household,Bleach 500ml,29,1448.156472393892,41996.54,29806.16,12190.38,0
2024-06,Kano,Convenience Store,Household,Bleach 500ml,21,929.6092094011234,19521.79,12267.32,7254.47,0
2024-06,Kano,Online,Household,Bleach 500ml,16,1435.4189454337047,22966.7,14291.29,8675.41,0
2024-06,Kano,Supermarket,Household,Air Freshener,25,922.1129735599854,23052.82,15197.02,7855.8,0
2024-06,Kano,Open Market/Kiosk,Household,Air Freshener,33,517.0005463298822,17061.02,11184.09,5876.93,0
2024-06,Kano,Convenience Store,Household,Air Freshener,16,804.4584747899885,12871.34,8044.39,4826.95,0
2024-06,Kano,Online,Household,Air Freshener,17,1324.7496594793404,22520.74,15730.07,6790.67,0
2024-06,Kano,Supermarket,Dairy,Milk 1L,39,623.0424139217087,24298.65,16139.65,8159.0,0
2024-06,Kano,Open Market/Kiosk,Dairy,Milk 1L,34,859.8190488289309,29233.85,17876.22,11357.63,1
2024-06,Kano,Convenience Store,Dairy,Milk 1L,20,510.79949974759967,10215.99,6788.29,3427.7,0
2024-06,Kano,Online,Dairy,Milk 1L,16,346.6545568934064,5546.47,3930.09,1616.38,0
2024-06,Kano,Supermarket,Dairy,Yogurt 200ml,37,816.0984295524341,30195.64,18200.39,11995.25,0
2024-06,Kano,Open Market/Kiosk,Dairy,Yogurt 200ml,52,511.57202126703834,26601.75,17844.09,8757.66,0
2024-06,Kano,Convenience Store,Dairy,Yogurt 200ml,28,893.9954011005967,25031.87,18111.01,6920.86,0
2024-06,Kano,Online,Dairy,Yogurt 200ml,14,872.119259356421,12209.67,8591.29,3618.38,0
2024-06,Kano,Supermarket,Dairy,Butter 250g,40,414.5048620939275,16580.19,11961.56,4618.63,1
2024-06,Kano,Open Market/Kiosk,Dairy,Butter 250g,45,289.71692171629235,13037.26,9473.96,3563.3,0
2024-06,Kano,Convenience Store,Dairy,Butter 250g,21,710.6583803568519,14923.83,9248.14,5675.69,0
2024-06,Kano,Online,Dairy,Butter 250g,18,898.641059163686,16175.54,11125.17,5050.37,0
2024-06,Ibadan,Supermarket,Beverages,Cola 50cl,29,330.2417471683225,9577.01,5837.75,3739.26,0
2024-06,Ibadan,Open Market/Kiosk,Beverages,Cola 50cl,30,285.5347549536093,8566.04,6200.23,2365.81,0
2024-06,Ibadan,Convenience Store,Beverages,Cola 50cl,20,172.20927745837966,3444.19,2349.13,1095.06,0
2024-06,Ibadan,Online,Beverages,Cola 50cl,9,266.0389806495954,2394.35,1476.78,917.57,0
2024-06,Ibadan,Supermarket,Beverages,Malt Drink 33cl,30,167.04281738035417,5011.28,3325.42,1685.86,0
2024-06,Ibadan,Open Market/Kiosk,Beverages,Malt Drink 33cl,52,344.5255482792838,17915.33,12594.46,5320.87,1
2024-06,Ibadan,Convenience Store,Beverages,Malt Drink 33cl,23,236.3866846726953,5436.89,3975.13,1461.76,0
2024-06,Ibadan,Online,Beverages,Malt Drink 33cl,11,211.86153309705952,2330.48,1650.49,679.99,0
2024-06,Ibadan,Supermarket,Beverages,Bottled Water 75cl,39,329.4260932621873,12847.62,9084.34,3763.28,0
2024-06,Ibadan,Open Market/Kiosk,Beverages,Bottled Water 75cl,38,296.347994717121,11261.22,8418.21,2843.01,0
2024-06,Ibadan,Convenience Store,Beverages,Bottled Water 75cl,22,334.9479130398927,7368.85,4726.8,2642.05,0
2024-06,Ibadan,Online,Beverages,Bottled Water 75cl,19,171.51574054277253,3258.8,1987.39,1271.41,0
2024-06,Ibadan,Supermarket,Snacks,Biscuit Pack,25,272.41276086027256,6810.32,4771.33,2038.99,0
2024-06,Ibadan,Open Market/Kiosk,Snacks,Biscuit Pack,62,113.29294337149787,7024.16,4794.34,2229.82,0
2024-06,Ibadan,Convenience Store,Snacks,Biscuit Pack,15,306.57985620264856,4598.7,2827.71,1770.99,0
2024-06,Ibadan,Online,Snacks,Biscuit Pack,16,151.6502936393353,2426.4,1741.43,684.97,0
2024-06,Ibadan,Supermarket,Snacks,Chips 45g,31,131.41154705872646,4073.76,2534.52,1539.24,0
2024-06,Ibadan,Open Market/Kiosk,Snacks,Chips 45g,29,187.15097415958573,5427.38,3354.03,2073.35,0
2024-06,Ibadan,Convenience Store,Snacks,Chips 45g,20,349.31603226920146,6986.32,4994.38,1991.94,0
2024-06,Ibadan,Online,Snacks,Chips 45g,10,264.56169762135664,2645.62,1622.96,1022.66,0
2024-06,Ibadan,Supermarket,Snacks,Chocolate Bar,28,305.51355271258586,8554.38,5187.69,3366.69,0
2024-06,Ibadan,Open Market/Kiosk,Snacks,Chocolate Bar,40,357.00946693827063,14280.38,10343.24,3937.14,0
2024-06,Ibadan,Convenience Store,Snacks,Chocolate Bar,28,350.3715870612842,9810.4,6103.71,3706.69,0
2024-06,Ibadan,Online,Snacks,Chocolate Bar,12,225.90847704987914,2710.9,1821.42,889.48,0
2024-06,Ibadan,Supermarket,Personal Care,Soap Bar,30,1016.9404108485393,30508.21,21485.07,9023.14,0
2024-06,Ibadan,Open Market/Kiosk,Personal Care,Soap Bar,38,576.4086253848548,21903.53,13484.61,8418.92,0
2024-06,Ibadan,Convenience Store,Personal Care,Soap Bar,24,1163.9864174139077,27935.67,18371.29,9564.38,0
2024-06,Ibadan,Online,Personal Care,Soap Bar,18,1068.9864481035574,19241.76,14305.48,4936.28,0
2024-06,Ibadan,Supermarket,Personal Care,Toothpaste 100g,33,864.9813695354369,28544.39,17793.49,10750.9,0
2024-06,Ibadan,Open Market/Kiosk,Personal Care,Toothpaste 100g,31,588.0043971852133,18228.14,12707.99,5520.15,0
2024-06,Ibadan,Convenience Store,Personal Care,Toothpaste 100g,31,496.2148486787447,15382.66,10102.61,5280.05,0
2024-06,Ibadan,Online,Personal Care,Toothpaste 100g,16,1160.994079581792,18575.91,11465.24,7110.67,0
2024-06,Ibadan,Supermarket,Personal Care,Shampoo 200ml,36,814.3037091732708,29314.93,17832.47,11482.46,0
2024-06,Ibadan,Open Market/Kiosk,Personal Care,Shampoo 200ml,43,1170.447649622447,50329.25,36738.71,13590.54,0
2024-06,Ibadan,Convenience Store,Personal Care,Shampoo 200ml,22,376.6504500395007,8286.31,5245.63,3040.68,0
2024-06,Ibadan,Online,Personal Care,Shampoo 200ml,14,975.4449460455869,13656.23,9709.16,3947.07,0
2024-06,Ibadan,Supermarket,Household,Detergent 1kg,29,1474.0571867012113,42747.66,30250.55,12497.11,0
2024-06,Ibadan,Open Market/Kiosk,Household,Detergent 1kg,28,1130.0845777722134,31642.37,23120.12,8522.25,0
2024-06,Ibadan,Convenience Store,Household,Detergent 1kg,20,1078.759670714631,21575.19,14155.48,7419.71,0
2024-06,Ibadan,Online,Household,Detergent 1kg,14,879.8938482848619,12318.51,9063.99,3254.52,0
2024-06,Ibadan,Supermarket,Household,Bleach 500ml,35,1370.0800614428954,47952.8,32636.76,15316.04,0
2024-06,Ibadan,Open Market/Kiosk,Household,Bleach 500ml,37,959.1818056150001,35489.73,24045.26,11444.47,0
2024-06,Ibadan,Convenience Store,Household,Bleach 500ml,20,1090.36739346527,21807.35,14877.68,6929.67,0
2024-06,Ibadan,Online,Household,Bleach 500ml,10,1304.1091186476378,13041.09,9227.81,3813.28,0
2024-06,Ibadan,Supermarket,Household,Air Freshener,20,744.7516448415874,14895.03,9448.35,5446.68,0
2024-06,Ibadan,Open Market/Kiosk,Household,Air Freshener,28,1183.883187283154,33148.73,20686.59,12462.14,0
2024-06,Ibadan,Convenience Store,Household,Air Freshener,24,768.3639228274872,18440.73,12346.21,6094.52,0
2024-06,Ibadan,Online,Household,Air Freshener,21,797.9881048390391,16757.75,10334.09,6423.66,0
2024-06,Ibadan,Supermarket,Dairy,Milk 1L,28,742.3989114181991,20787.17,14506.09,6281.08,0
2024-06,Ibadan,Open Market/Kiosk,Dairy,Milk 1L,24,548.5479113443378,13165.15,8166.14,4999.01,0
2024-06,Ibadan,Convenience Store,Dairy,Milk 1L,16,684.5335679540842,10952.54,7800.6,3151.94,0
2024-06,Ibadan,Online,Dairy,Milk 1L,10,257.51158265922066,2575.12,1815.13,759.99,0
2024-06,Ibadan,Supermarket,Dairy,Yogurt 200ml,22,361.2223666693293,7946.89,5877.77,2069.12,0
2024-06,Ibadan,Open Market/Kiosk,Dairy,Yogurt 200ml,52,843.4405141801557,43858.91,28796.34,15062.57,0
2024-06,Ibadan,Convenience Store,Dairy,Yogurt 200ml,24,387.8845460658971,9309.23,6947.82,2361.41,0
2024-06,Ibadan,Online,Dairy,Yogurt 200ml,21,562.7356770378523,11817.45,8556.74,3260.71,0
2024-06,Ibadan,Supermarket,Dairy,Butter 250g,38,579.7732960094406,22031.39,13687.61,8343.78,0
2024-06,Ibadan,Open Market/Kiosk,Dairy,Butter 250g,45,743.4556127561978,33455.5,23078.14,10377.36,1
2024-06,Ibadan,Convenience Store,Dairy,Butter 250g,17,878.1582397182867,14928.69,9737.36,5191.33,1
2024-06,Ibadan,Online,Dairy,Butter 250g,11,768.5793096594889,8454.37,5296.36,3158.01,0
2024-07,Lagos,Supermarket,Beverages,Cola 50cl,43,171.68872355025238,7382.62,5039.2,2343.42,0
2024-07,Lagos,Open Market/Kiosk,Beverages,Cola 50cl,67,229.56311902445174,15380.73,10058.45,5322.28,0
2024-07,Lagos,Convenience Store,Beverages,Cola 50cl,26,227.112576022064,5904.93,4273.55,1631.38,0
2024-07,Lagos,Online,Beverages,Cola 50cl,17,153.28721158646545,2605.88,1947.29,658.59,0
2024-07,Lagos,Supermarket,Beverages,Malt Drink 33cl,21,250.7117092651045,5264.95,3553.89,1711.06,0
2024-07,Lagos,Open Market/Kiosk,Beverages,Malt Drink 33cl,77,227.58701513577387,17524.2,10581.59,6942.61,0
2024-07,Lagos,Convenience Store,Beverages,Malt Drink 33cl,22,260.69699071686557,5735.33,3633.63,2101.7,0
2024-07,Lagos,Online,Beverages,Malt Drink 33cl,17,198.37392722275806,3372.36,2340.03,1032.33,0
2024-07,Lagos,Supermarket,Beverages,Bottled Water 75cl,65,264.34746223206446,17182.59,12383.18,4799.41,0
2024-07,Lagos,Open Market/Kiosk,Beverages,Bottled Water 75cl,47,298.6722500975849,14037.6,10505.25,3532.35,0
2024-07,Lagos,Convenience Store,Beverages,Bottled Water 75cl,47,343.55743838668985,16147.2,11805.48,4341.72,1
2024-07,Lagos,Online,Beverages,Bottled Water 75cl,23,234.46277557120646,5392.64,3280.99,2111.65,0
2024-07,Lagos,Supermarket,Snacks,Biscuit Pack,45,178.53700033081225,8034.17,5970.08,2064.09,0
2024-07,Lagos,Open Market/Kiosk,Snacks,Biscuit Pack,68,311.6689571082511,21193.49,15545.45,5648.04,0
2024-07,Lagos,Convenience Store,Snacks,Biscuit Pack,35,112.05034418517437,3921.76,2906.93,1014.83,1
2024-07,Lagos,Online,Snacks,Biscuit Pack,32,332.7691247167553,10648.61,7947.3,2701.31,0
2024-07,Lagos,Supermarket,Snacks,Chips 45g,38,148.18420794076113,5631.0,3610.66,2020.34,0
2024-07,Lagos,Open Market/Kiosk,Snacks,Chips 45g,48,170.65433546699887,8191.41,4943.18,3248.23,0
2024-07,Lagos,Convenience Store,Snacks,Chips 45g,53,131.49711253754052,6969.35,4186.91,2782.44,0
2024-07,Lagos,Online,Snacks,Chips 45g,31,205.0484595904098,6356.5,4105.76,2250.74,0
2024-07,Lagos,Supermarket,Snacks,Chocolate Bar,47,293.5253510589489,13795.69,9014.57,4781.12,0
2024-07,Lagos,Open Market/Kiosk,Snacks,Chocolate Bar,58,346.1944540148146,20079.28,13448.36,6630.92,0
2024-07,Lagos,Convenience Store,Snacks,Chocolate Bar,38,248.47969730177084,9442.23,6632.1,2810.13,0
2024-07,Lagos,Online,Snacks,Chocolate Bar,24,108.59377939307699,2606.25,1759.05,847.2,0
2024-07,Lagos,Supermarket,Personal Care,Soap Bar,52,702.750627855706,36543.03,24176.53,12366.5,1
2024-07,Lagos,Open Market/Kiosk,Personal Care,Soap Bar,43,416.6853604420158,17917.47,11446.57,6470.9,0
2024-07,Lagos,Convenience Store,Personal Care,Soap Bar,35,426.94197022535445,14942.97,9889.08,5053.89,0
2024-07,Lagos,Online,Personal Care,Soap Bar,25,933.8369581383112,23345.92,16262.85,7083.07,0
2024-07,Lagos,Supermarket,Personal Care,Toothpaste 100g,58,636.6946214606758,36928.29,26922.66,10005.63,0
2024-07,Lagos,Open Market/Kiosk,Personal Care,Toothpaste 100g,57,774.3395971458131,44137.36,27988.33,16149.03,0
2024-07,Lagos,Convenience Store,Personal Care,Toothpaste 100g,34,371.5425735174187,12632.45,8955.49,3676.96,0
2024-07,Lagos,Online,Personal Care,Toothpaste 100g,21,369.6800369995561,7763.28,4668.71,3094.57,0
2024-07,Lagos,Supermarket,Personal Care,Shampoo 200ml,39,1141.0101180865033,44499.39,28065.93,16433.46,0
2024-07,Lagos,Open Market/Kiosk,Personal Care,Shampoo 200ml,61,600.4483713318648,36627.35,25855.47,10771.88,0
2024-07,Lagos,Convenience Store,Personal Care,Shampoo 200ml,57,759.3560602680891,43283.3,27280.79,16002.51,0
2024-07,Lagos,Online,Personal Care,Shampoo 200ml,18,1149.149306733534,20684.69,14500.96,6183.73,0
2024-07,Lagos,Supermarket,Household,Detergent 1kg,44,453.3785467343623,19948.66,12168.4,7780.26,0
2024-07,Lagos,Open Market/Kiosk,Household,Detergent 1kg,48,872.0892305349682,41860.28,31000.82,10859.46,0
2024-07,Lagos,Convenience Store,Household,Detergent 1kg,29,1416.2312866119655,41070.71,25294.7,15776.01,0
2024-07,Lagos,Online,Household,Detergent 1kg,19,518.9645578145889,9860.33,7282.77,2577.56,0
2024-07,Lagos,Supermarket,Household,Bleach 500ml,55,1479.7069117089427,81383.88,54942.73,26441.15,0
2024-07,Lagos,Open Market/Kiosk,Household,Bleach 500ml,60,1012.2664879983229,60735.99,37833.92,22902.07,0
2024-07,Lagos,Convenience Store,Household,Bleach 500ml,57,664.336324467533,37867.17,24868.25,12998.92,0
2024-07,Lagos,Online,Household,Bleach 500ml,18,1467.8779641999392,26421.8,18558.89,7862.91,0
2024-07,Lagos,Supermarket,Household,Air Freshener,36,975.0643063565589,35102.32,21641.87,13460.45,0
2024-07,Lagos,Open Market/Kiosk,Household,Air Freshener,79,1106.5595811458784,87418.21,59712.18,27706.03,0
2024-07,Lagos,Convenience Store,Household,Air Freshener,30,602.9366648808375,18088.1,12269.82,5818.28,0
2024-07,Lagos,Online,Household,Air Freshener,32,1411.228282215442,45159.31,32598.49,12560.82,0
2024-07,Lagos,Supermarket,Dairy,Milk 1L,50,886.5942827831955,44329.71,27776.2,16553.51,0
2024-07,Lagos,Open Market/Kiosk,Dairy,Milk 1L,46,745.4305024019536,34289.8,25476.55,8813.25,1
2024-07,Lagos,Convenience Store,Dairy,Milk 1L,27,334.20992954432216,9023.67,6593.95,2429.72,0
2024-07,Lagos,Online,Dairy,Milk 1L,21,356.9658698028833,7496.28,5063.44,2432.84,0
2024-07,Lagos,Supermarket,Dairy,Yogurt 200ml,40,563.229075937365,22529.16,15293.68,7235.48,0
2024-07,Lagos,Open Market/Kiosk,Dairy,Yogurt 200ml,70,291.4901448169738,20404.31,15160.23,5244.08,0
2024-07,Lagos,Convenience Store,Dairy,Yogurt 200ml,40,274.66781606957295,10986.71,6840.67,4146.04,0
2024-07,Lagos,Online,Dairy,Yogurt 200ml,24,749.0315264042608,17976.76,12119.49,5857.27,1
2024-07,Lagos,Supermarket,Dairy,Butter 250g,30,515.1109262266802,15453.33,10237.42,5215.91,1
2024-07,Lagos,Open Market/Kiosk,Dairy,Butter 250g,75,725.8778702669097,54440.84,38722.71,15718.13,1
2024-07,Lagos,Convenience Store,Dairy,Butter 250g,53,718.5739984302807,38084.42,28547.03,9537.39,0
2024-07,Lagos,Online,Dairy,Butter 250g,24,604.4742396010042,14507.38,9183.12,5324.26,0
2024-07,Abuja,Supermarket,Beverages,Cola 50cl,29,347.1332046049014,10066.86,6637.48,3429.38,0
2024-07,Abuja,Open Market/Kiosk,Beverages,Cola 50cl,27,321.9057242226113,8691.45,5879.61,2811.84,0
2024-07,Abuja,Convenience Store,Beverages,Cola 50cl,39,278.90502713407204,10877.3,6852.12,4025.18,0
2024-07,Abuja,Online,Beverages,Cola 50cl,7,229.672257253348,1607.71,1042.49,565.22,0
2024-07,Abuja,Supermarket,Beverages,Malt Drink 33cl,44,225.98103772364524,9943.17,6024.15,3919.02,0
2024-07,Abuja,Open Market/Kiosk,Beverages,Malt Drink 33cl,53,256.957375086623,13618.74,9374.75,4243.99,0
2024-07,Abuja,Convenience Store,Beverages,Malt Drink 33cl,49,326.54736779644895,16000.82,11748.96,4251.86,0
2024-07,Abuja,Online,Beverages,Malt Drink 33cl,20,269.11014024649717,5382.2,3813.89,1568.31,0
2024-07,Abuja,Supermarket,Beverages,Bottled Water 75cl,53,204.30331554661427,10828.08,7419.99,3408.09,0
2024-07,Abuja,Open Market/Kiosk,Beverages,Bottled Water 75cl,53,234.50667097699534,12428.85,9181.15,3247.7,0
2024-07,Abuja,Convenience Store,Beverages,Bottled Water 75cl,39,241.40505609618788,9414.8,6974.01,2440.79,0
2024-07,Abuja,Online,Beverages,Bottled Water 75cl,17,304.9619441684507,5184.35,3510.25,1674.1,0
2024-07,Abuja,Supermarket,Snacks,Biscuit Pack,29,378.4435662686926,10974.86,7217.09,3757.77,0
2024-07,Abuja,Open Market/Kiosk,Snacks,Biscuit Pack,52,123.67098177537466,6430.89,4182.98,2247.91,0
2024-07,Abuja,Convenience Store,Snacks,Biscuit Pack,43,365.5161259089897,15717.19,9661.58,6055.61,1
2024-07,Abuja,Online,Snacks,Biscuit Pack,13,145.678039033563,1893.81,1232.71,661.1,0
2024-07,Abuja,Supermarket,Snacks,Chips 45g,48,253.36422023774915,12161.48,8783.08,3378.4,0
2024-07,Abuja,Open Market/Kiosk,Snacks,Chips 45g,60,225.66119867381417,13539.67,9406.35,4133.32,0
2024-07,Abuja,Convenience Store,Snacks,Chips 45g,34,390.83905886374964,13288.53,9965.0,3323.53,0
2024-07,Abuja,Online,Snacks,Chips 45g,26,166.07408212941155,4317.93,2858.57,1459.36,0
2024-07,Abuja,Supermarket,Snacks,Chocolate Bar,52,377.5464455171631,19632.42,12792.6,6839.82,0
2024-07,Abuja,Open Market/Kiosk,Snacks,Chocolate Bar,32,184.5681311797997,5906.18,3636.46,2269.72,0
2024-07,Abuja,Convenience Store,Snacks,Chocolate Bar,41,279.0854188785447,11442.5,8464.44,2978.06,0
2024-07,Abuja,Online,Snacks,Chocolate Bar,25,205.40770429953426,5135.19,3333.92,1801.27,0
2024-07,Abuja,Supermarket,Personal Care,Soap Bar,31,1180.162152259054,36585.03,26204.81,10380.22,0
2024-07,Abuja,Open Market/Kiosk,Personal Care,Soap Bar,48,741.0816220929253,35571.92,21804.61,13767.31,0
2024-07,Abuja,Convenience Store,Personal Care,Soap Bar,38,363.7969552282135,13824.28,10363.85,3460.43,0
2024-07,Abuja,Online,Personal Care,Soap Bar,18,930.2750330830285,16744.95,12298.41,4446.54,0
2024-07,Abuja,Supermarket,Personal Care,Toothpaste 100g,35,633.7506761345905,22181.27,15324.55,6856.72,0
2024-07,Abuja,Open Market/Kiosk,Personal Care,Toothpaste 100g,52,560.7836418257905,29160.75,20498.12,8662.63,0
2024-07,Abuja,Convenience Store,Personal Care,Toothpaste 100g,37,829.9424039234639,30707.87,20292.64,10415.23,0
2024-07,Abuja,Online,Personal Care,Toothpaste 100g,22,1050.1811103983314,23103.98,14892.19,8211.79,0
2024-07,Abuja,Supermarket,Personal Care,Shampoo 200ml,49,1076.7233650081582,52759.44,39355.32,13404.12,0
2024-07,Abuja,Open Market/Kiosk,Personal Care,Shampoo 200ml,54,1066.9331854668083,57614.39,40308.91,17305.48,0
2024-07,Abuja,Convenience Store,Personal Care,Shampoo 200ml,29,1158.2011260480886,33587.83,23258.53,10329.3,1
2024-07,Abuja,Online,Personal Care,Shampoo 200ml,14,642.5815320277115,8996.14,5455.36,3540.78,0
2024-07,Abuja,Supermarket,Household,Detergent 1kg,53,1153.355174029532,61127.82,39764.1,21363.72,0
2024-07,Abuja,Open Market/Kiosk,Household,Detergent 1kg,36,912.8824152291107,32863.77,21698.89,11164.88,0
2024-07,Abuja,Convenience Store,Household,Detergent 1kg,42,695.9561605885342,29230.16,18092.7,11137.46,0
2024-07,Abuja,Online,Household,Detergent 1kg,22,832.1815254142971,18307.99,12436.2,5871.79,0
2024-07,Abuja,Supermarket,Household,Bleach 500ml,46,1378.556109449813,63413.58,46596.2,16817.38,0
2024-07,Abuja,Open Market/Kiosk,Household,Bleach 500ml,55,633.2476984122555,34828.62,24286.69,10541.93,0
2024-07,Abuja,Convenience Store,Household,Bleach 500ml,36,1238.1591227782183,44573.73,32626.77,11946.96,1
2024-07,Abuja,Online,Household,Bleach 500ml,20,502.27830408927036,10045.57,6442.24,3603.33,0
2024-07,Abuja,Supermarket,Household,Air Freshener,43,527.2846295258665,22673.24,15295.1,7378.14,0
2024-07,Abuja,Open Market/Kiosk,Household,Air Freshener,63,1441.1592161211354,90793.03,61097.47,29695.56,0
2024-07,Abuja,Convenience Store,Household,Air Freshener,29,615.6321218738584,17853.33,13114.6,4738.73,0
2024-07,Abuja,Online,Household,Air Freshener,24,948.2482969845254,22757.96,16858.26,5899.7,0
2024-07,Abuja,Supermarket,Dairy,Milk 1L,36,426.2226452580293,15344.02,10458.0,4886.02,1
2024-07,Abuja,Open Market/Kiosk,Dairy,Milk 1L,48,619.5784174484986,29739.76,21299.66,8440.1,0
2024-07,Abuja,Convenience Store,Dairy,Milk 1L,28,406.66932601835174,11386.74,6942.39,4444.35,0
2024-07,Abuja,Online,Dairy,Milk 1L,12,856.8155025417766,10281.79,6491.52,3790.27,1
2024-07,Abuja,Supermarket,Dairy,Yogurt 200ml,46,303.5481304009669,13963.21,9122.83,4840.38,0
2024-07,Abuja,Open Market/Kiosk,Dairy,Yogurt 200ml,36,747.4081598594929,26906.69,19093.73,7812.96,0
2024-07,Abuja,Convenience Store,Dairy,Yogurt 200ml,43,259.8907442991352,11175.3,7862.21,3313.09,0
2024-07,Abuja,Online,Dairy,Yogurt 200ml,13,319.26587443168364,4150.46,2571.5,1578.96,0
2024-07,Abuja,Supermarket,Dairy,Butter 250g,28,316.58737555122474,8864.45,6262.42,2602.03,0
2024-07,Abuja,Open Market/Kiosk,Dairy,Butter 250g,58,726.7369709769278,42150.74,25689.71,16461.03,0
2024-07,Abuja,Convenience Store,Dairy,Butter 250g,56,729.4472551258863,40849.05,29395.51,11453.54,0
2024-07,Abuja,Online,Dairy,Butter 250g,20,784.9177080144404,15698.35,10445.3,5253.05,0
2024-07,Port Harcourt,Supermarket,Beverages,Cola 50cl,35,242.70031323343704,8494.51,5259.83,3234.68,1
2024-07,Port Harcourt,Open Market/Kiosk,Beverages,Cola 50cl,45,188.81890785792103,8496.85,6038.99,2457.86,0
2024-07,Port Harcourt,Convenience Store,Beverages,Cola 50cl,27,313.02891948515685,8451.78,5096.63,3355.15,0
2024-07,Port Harcourt,Online,Beverages,Cola 50cl,16,243.50805245337384,3896.13,2586.53,1309.6,0
2024-07,Port Harcourt,Supermarket,Beverages,Malt Drink 33cl,31,248.53284516610574,7704.52,5135.05,2569.47,0
2024-07,Port Harcourt,Open Market/Kiosk,Beverages,Malt Drink 33cl,48,282.6561273715637,13567.49,9584.55,3982.94,0
2024-07,Port Harcourt,Convenience Store,Beverages,Malt Drink 33cl,21,213.95545780977994,4493.06,3099.59,1393.47,0
2024-07,Port Harcourt,Online,Beverages,Malt Drink 33cl,15,284.59283462236317,4268.89,2701.46,1567.43,0
2024-07,Port Harcourt,Supermarket,Beverages,Bottled Water 75cl,52,227.13173795521652,11810.85,8671.55,3139.3,0
2024-07,Port Harcourt,Open Market/Kiosk,Beverages,Bottled Water 75cl,44,207.8543387448956,9145.59,6195.31,2950.28,0
2024-07,Port Harcourt,Convenience Store,Beverages,Bottled Water 75cl,34,343.16488488832647,11667.61,7767.1,3900.51,0
2024-07,Port Harcourt,Online,Beverages,Bottled Water 75cl,25,235.36855777912453,5884.21,3901.22,1982.99,0
2024-07,Port Harcourt,Supermarket,Snacks,Biscuit Pack,46,149.57136706312028,6880.28,4847.02,2033.26,0
2024-07,Port Harcourt,Open Market/Kiosk,Snacks,Biscuit Pack,30,162.66731027302149,4880.02,3445.47,1434.55,0
2024-07,Port Harcourt,Convenience Store,Snacks,Biscuit Pack,35,226.46852683507586,7926.4,5832.77,2093.63,0
2024-07,Port Harcourt,Online,Snacks,Biscuit Pack,17,364.7042835519261,6199.97,4587.63,1612.34,0
2024-07,Port Harcourt,Supermarket,Snacks,Chips 45g,42,199.2928208312414,8370.3,5895.82,2474.48,1
2024-07,Port Harcourt,Open Market/Kiosk,Snacks,Chips 45g,56,185.40570573983337,10382.72,7525.19,2857.53,0
2024-07,Port Harcourt,Convenience Store,Snacks,Chips 45g,16,332.2900353340452,5316.64,3583.05,1733.59,0
2024-07,Port Harcourt,Online,Snacks,Chips 45g,25,248.11576133863161,6202.89,3938.81,2264.08,0
2024-07,Port Harcourt,Supermarket,Snacks,Chocolate Bar,33,174.56731210502213,5760.72,4039.48,1721.24,0
2024-07,Port Harcourt,Open Market/Kiosk,Snacks,Chocolate Bar,43,236.88989253716676,10186.27,6181.15,4005.12,0
2024-07,Port Harcourt,Convenience Store,Snacks,Chocolate Bar,33,194.73781490074674,6426.35,4734.96,1691.39,1
2024-07,Port Harcourt,Online,Snacks,Chocolate Bar,14,312.5779922866009,4376.09,3047.11,1328.98,0
2024-07,Port Harcourt,Supermarket,Personal Care,Soap Bar,38,1157.7610076434125,43994.92,29614.19,14380.73,0
2024-07,Port Harcourt,Open Market/Kiosk,Personal Care,Soap Bar,68,472.928563826899,32159.14,20456.65,11702.49,0
2024-07,Port Harcourt,Convenience Store,Personal Care,Soap Bar,40,1178.644440393336,47145.78,32684.93,14460.85,0
2024-07,Port Harcourt,Online,Personal Care,Soap Bar,16,1191.293485074179,19060.7,13801.49,5259.21,0
2024-07,Port Harcourt,Supermarket,Personal Care,Toothpaste 100g,27,565.6881007905263,15273.58,11312.54,3961.04,0
2024-07,Port Harcourt,Open Market/Kiosk,Personal Care,Toothpaste 100g,51,648.2649715659636,33061.51,23924.05,9137.46,0
2024-07,Port Harcourt,Convenience Store,Personal Care,Toothpaste 100g,21,757.038013221722,15897.8,10784.1,5113.7,1
2024-07,Port Harcourt,Online,Personal Care,Toothpaste 100g,12,595.2712961074499,7143.26,4921.86,2221.4,1
2024-07,Port Harcourt,Supermarket,Personal Care,Shampoo 200ml,39,324.558885585509,12657.8,8809.63,3848.17,0
2024-07,Port Harcourt,Open Market/Kiosk,Personal Care,Shampoo 200ml,50,1051.1361647654853,52556.81,35620.89,16935.92,0
2024-07,Port Harcourt,Convenience Store,Personal Care,Shampoo 200ml,30,373.0433242122434,11191.3,7814.08,3377.22,0
2024-07,Port Harcourt,Online,Personal Care,Shampoo 200ml,17,1049.871723992082,17847.82,11455.45,6392.37,1
2024-07,Port Harcourt,Supermarket,Household,Detergent 1kg,43,1068.8685138356223,45961.35,30211.91,15749.44,0
2024-07,Port Harcourt,Open Market/Kiosk,Household,Detergent 1kg,31,640.31747412141,19849.84,14189.04,5660.8,0
2024-07,Port Harcourt,Convenience Store,Household,Detergent 1kg,39,1479.3690607506298,57695.39,38437.24,19258.15,0
2024-07,Port Harcourt,Online,Household,Detergent 1kg,21,711.2207219911943,14935.64,9567.84,5367.8,0
2024-07,Port Harcourt,Supermarket,Household,Bleach 500ml,37,756.0966540855993,27975.58,17347.35,10628.23,0
2024-07,Port Harcourt,Open Market/Kiosk,Household,Bleach 500ml,44,1269.0294378065132,55837.3,37120.01,18717.29,0
2024-07,Port Harcourt,Convenience Store,Household,Bleach 500ml,26,724.6386484066848,18840.6,13064.15,5776.45,0
2024-07,Port Harcourt,Online,Household,Bleach 500ml,29,699.4769966077668,20284.83,12282.29,8002.54,0
2024-07,Port Harcourt,Supermarket,Household,Air Freshener,37,1438.8374645111555,53236.99,35310.49,17926.5,0
2024-07,Port Harcourt,Open Market/Kiosk,Household,Air Freshener,69,1068.6061493555267,73733.82,51142.01,22591.81,0
2024-07,Port Harcourt,Convenience Store,Household,Air Freshener,34,1419.3061642867897,48256.41,32681.21,15575.2,0
2024-07,Port Harcourt,Online,Household,Air Freshener,15,1070.1709414133556,16052.56,10345.56,5707.0,0
2024-07,Port Harcourt,Supermarket,Dairy,Milk 1L,26,689.82789792174,17935.53,11006.49,6929.04,0
2024-07,Port Harcourt,Open Market/Kiosk,Dairy,Milk 1L,58,654.8322998578283,37980.27,23626.31,14353.96,0
2024-07,Port Harcourt,Convenience Store,Dairy,Milk 1L,28,327.04321873308197,9157.21,5849.43,3307.78,0
2024-07,Port Harcourt,Online,Dairy,Milk 1L,17,774.3134791214188,13163.33,9054.99,4108.34,0
2024-07,Port Harcourt,Supermarket,Dairy,Yogurt 200ml,40,456.7041726063602,18268.17,11889.41,6378.76,0
2024-07,Port Harcourt,Open Market/Kiosk,Dairy,Yogurt 200ml,70,874.575983996233,61220.32,40450.83,20769.49,0
2024-07,Port Harcourt,Convenience Store,Dairy,Yogurt 200ml,29,713.1537724362856,20681.46,14411.87,6269.59,0
2024-07,Port Harcourt,Online,Dairy,Yogurt 200ml,12,516.453156678197,6197.44,4009.04,2188.4,0
2024-07,Port Harcourt,Supermarket,Dairy,Butter 250g,27,890.582988752511,24045.74,17806.06,6239.68,0
2024-07,Port Harcourt,Open Market/Kiosk,Dairy,Butter 250g,38,466.72170093991076,17735.42,10688.59,7046.83,0
2024-07,Port Harcourt,Convenience Store,Dairy,Butter 250g,39,272.28533813558244,10619.13,7815.28,2803.85,0
2024-07,Port Harcourt,Online,Dairy,Butter 250g,13,694.3275416610613,9026.26,5553.06,3473.2,0
2024-07,Kano,Supermarket,Beverages,Cola 50cl,27,308.7935452087272,8337.43,5455.12,2882.31,0
2024-07,Kano,Open Market/Kiosk,Beverages,Cola 50cl,32,269.2392893444985,8615.66,5812.26,2803.4,0
2024-07,Kano,Convenience Store,Beverages,Cola 50cl,26,194.74514650065677,5063.37,3691.48,1371.89,0
2024-07,Kano,Online,Beverages,Cola 50cl,16,286.31150692587903,4580.98,3412.19,1168.79,1
2024-07,Kano,Supermarket,Beverages,Malt Drink 33cl,53,287.8681729352425,15257.01,11052.98,4204.03,0
2024-07,Kano,Open Market/Kiosk,Beverages,Malt Drink 33cl,47,276.31562189581734,12986.83,8644.09,4342.74,0
2024-07,Kano,Convenience Store,Beverages,Malt Drink 33cl,26,288.7354072903844,7507.12,5573.08,1934.04,1
2024-07,Kano,Online,Beverages,Malt Drink 33cl,22,270.10924780020724,5942.4,4338.99,1603.41,0
2024-07,Kano,Supermarket,Beverages,Bottled Water 75cl,23,173.818866037351,3997.83,2404.8,1593.03,0
2024-07,Kano,Open Market/Kiosk,Beverages,Bottled Water 75cl,40,191.65356425351382,7666.14,4885.69,2780.45,0
2024-07,Kano,Convenience Store,Beverages,Bottled Water 75cl,23,212.00000224230902,4876.0,3381.85,1494.15,0
2024-07,Kano,Online,Beverages,Bottled Water 75cl,11,207.42885415362628,2281.72,1507.59,774.13,0
2024-07,Kano,Supermarket,Snacks,Biscuit Pack,30,182.49733893697567,5474.92,3966.74,1508.18,0
2024-07,Kano,Open Market/Kiosk,Snacks,Biscuit Pack,45,307.67016239362624,13845.16,10344.03,3501.13,0
2024-07,Kano,Convenience Store,Snacks,Biscuit Pack,29,327.06001058734563,9484.74,6446.4,3038.34,0
2024-07,Kano,Online,Snacks,Biscuit Pack,15,129.01595006533887,1935.24,1394.71,540.53,0
2024-07,Kano,Supermarket,Snacks,Chips 45g,52,111.47924349679039,5796.92,4334.42,1462.5,0
2024-07,Kano,Open Market/Kiosk,Snacks,Chips 45g,55,200.46258283988504,11025.44,7045.98,3979.46,0
2024-07,Kano,Convenience Store,Snacks,Chips 45g,35,293.211781757923,10262.41,6778.29,3484.12,0
2024-07,Kano,Online,Snacks,Chips 45g,17,251.74958114172128,4279.74,3108.77,1170.97,0
2024-07,Kano,Supermarket,Snacks,Chocolate Bar,32,208.08211591990317,6658.63,4632.68,2025.95,0
2024-07,Kano,Open Market/Kiosk,Snacks,Chocolate Bar,35,352.78815965878994,12347.59,8726.66,3620.93,1
2024-07,Kano,Convenience Store,Snacks,Chocolate Bar,25,306.6679324097342,7666.7,4851.62,2815.08,0
2024-07,Kano,Online,Snacks,Chocolate Bar,18,380.1696913911908,6843.05,4644.93,2198.12,0
2024-07,Kano,Supermarket,Personal Care,Soap Bar,44,1033.231583159989,45462.19,27296.07,18166.12,0
2024-07,Kano,Open Market/Kiosk,Personal Care,Soap Bar,31,488.66689915621157,15148.67,11055.69,4092.98,0
2024-07,Kano,Convenience Store,Personal Care,Soap Bar,34,1194.0750345964161,40598.55,30390.3,10208.25,0
2024-07,Kano,Online,Personal Care,Soap Bar,11,825.8366345455142,9084.2,5854.94,3229.26,1
2024-07,Kano,Supermarket,Personal Care,Toothpaste 100g,41,849.8565924926496,34844.12,25708.03,9136.09,0
2024-07,Kano,Open Market/Kiosk,Personal Care,Toothpaste 100g,50,702.1571290187671,35107.86,21987.93,13119.93,0
2024-07,Kano,Convenience Store,Personal Care,Toothpaste 100g,33,836.2514072106502,27596.3,20416.95,7179.35,0
2024-07,Kano,Online,Personal Care,Toothpaste 100g,18,751.2489912043957,13522.48,9984.04,3538.44,0
2024-07,Kano,Supermarket,Personal Care,Shampoo 200ml,51,1126.2428128933036,57438.38,41477.8,15960.58,0
2024-07,Kano,Open Market/Kiosk,Personal Care,Shampoo 200ml,42,940.1165326226455,39484.89,28338.15,11146.74,0
2024-07,Kano,Convenience Store,Personal Care,Shampoo 200ml,27,315.03998436395364,8506.08,5983.61,2522.47,0
2024-07,Kano,Online,Personal Care,Shampoo 200ml,20,590.0896490432456,11801.79,7798.29,4003.5,0
2024-07,Kano,Supermarket,Household,Detergent 1kg,22,420.93547895201226,9260.58,6055.7,3204.88,0
2024-07,Kano,Open Market/Kiosk,Household,Detergent 1kg,33,1208.8798539956224,39893.04,29877.94,10015.1,0
2024-07,Kano,Convenience Store,Household,Detergent 1kg,26,972.0688327030748,25273.79,17801.43,7472.36,1
2024-07,Kano,Online,Household,Detergent 1kg,17,1419.0552664420675,24123.94,17065.13,7058.81,0
2024-07,Kano,Supermarket,Household,Bleach 500ml,46,723.4327119706147,33277.9,20476.51,12801.39,0
2024-07,Kano,Open Market/Kiosk,Household,Bleach 500ml,45,1404.3364078591699,63195.14,45739.52,17455.62,0
2024-07,Kano,Convenience Store,Household,Bleach 500ml,30,900.8298325220778,27024.89,19553.48,7471.41,0
2024-07,Kano,Online,Household,Bleach 500ml,17,610.7533646932945,10382.81,7704.7,2678.11,0
2024-07,Kano,Supermarket,Household,Air Freshener,22,616.0554954961711,13553.22,9406.06,4147.16,0
2024-07,Kano,Open Market/Kiosk,Household,Air Freshener,37,835.679039308359,30920.12,19747.87,11172.25,0
2024-07,Kano,Convenience Store,Household,Air Freshener,18,959.1150836974167,17264.07,12334.81,4929.26,0
2024-07,Kano,Online,Household,Air Freshener,22,825.1020554006311,18152.25,13496.22,4656.03,0
2024-07,Kano,Supermarket,Dairy,Milk 1L,36,608.9209708075784,21921.15,15935.25,5985.9,0
2024-07,Kano,Open Market/Kiosk,Dairy,Milk 1L,34,478.68164502309173,16275.18,10536.14,5739.04,0
2024-07,Kano,Convenience Store,Dairy,Milk 1L,14,675.7346099903169,9460.28,5762.88,3697.4,0
2024-07,Kano,Online,Dairy,Milk 1L,17,815.5146426729616,13863.75,9287.19,4576.56,0
2024-07,Kano,Supermarket,Dairy,Yogurt 200ml,30,287.3924094145252,8621.77,5791.53,2830.24,0
2024-07,Kano,Open Market/Kiosk,Dairy,Yogurt 200ml,42,589.0648277839236,24740.72,15445.0,9295.72,0
2024-07,Kano,Convenience Store,Dairy,Yogurt 200ml,35,771.5235993382694,27003.33,17343.37,9659.96,0
2024-07,Kano,Online,Dairy,Yogurt 200ml,14,765.7464420652394,10720.45,6773.47,3946.98,0
2024-07,Kano,Supermarket,Dairy,Butter 250g,45,649.9224891811325,29246.51,18268.86,10977.65,0
2024-07,Kano,Open Market/Kiosk,Dairy,Butter 250g,36,753.0341348284348,27109.23,20227.65,6881.58,0
2024-07,Kano,Convenience Store,Dairy,Butter 250g,22,271.86848465344536,5981.11,3647.19,2333.92,0
2024-07,Kano,Online,Dairy,Butter 250g,18,630.9977107059672,11357.96,8424.02,2933.94,0
2024-07,Ibadan,Supermarket,Beverages,Cola 50cl,32,295.1130394661735,9443.62,5884.41,3559.21,0
2024-07,Ibadan,Open Market/Kiosk,Beverages,Cola 50cl,22,182.18105679270008,4007.98,2591.48,1416.5,0
2024-07,Ibadan,Convenience Store,Beverages,Cola 50cl,27,188.0642446312035,5077.73,3063.12,2014.61,0
2024-07,Ibadan,Online,Beverages,Cola 50cl,14,168.10397958984265,2353.46,1556.21,797.25,0
2024-07,Ibadan,Supermarket,Beverages,Malt Drink 33cl,38,172.176121719697,6542.69,4222.16,2320.53,0
2024-07,Ibadan,Open Market/Kiosk,Beverages,Malt Drink 33cl,39,340.76679437499166,13289.9,8846.51,4443.39,0
2024-07,Ibadan,Convenience Store,Beverages,Malt Drink 33cl,30,190.4521755368026,5713.57,4143.98,1569.59,0
2024-07,Ibadan,Online,Beverages,Malt Drink 33cl,18,186.1748076442823,3351.15,2074.62,1276.53,0
2024-07,Ibadan,Supermarket,Beverages,Bottled Water 75cl,25,204.84152101204896,5121.04,3788.53,1332.51,0
2024-07,Ibadan,Open Market/Kiosk,Beverages,Bottled Water 75cl,27,292.508211108723,7897.72,5489.45,2408.27,0
2024-07,Ibadan,Convenience Store,Beverages,Bottled Water 75cl,26,268.9869686994746,6993.66,4832.2,2161.46,0
2024-07,Ibadan,Online,Beverages,Bottled Water 75cl,15,229.0023340027394,3435.04,2231.01,1204.03,0
2024-07,Ibadan,Supermarket,Snacks,Biscuit Pack,34,230.1184839323829,7824.03,5655.93,2168.1,0
2024-07,Ibadan,Open Market/Kiosk,Snacks,Biscuit Pack,22,384.3588314904882,8455.89,6328.43,2127.46,0
2024-07,Ibadan,Convenience Store,Snacks,Biscuit Pack,21,327.87422500452175,6885.36,4501.62,2383.74,1
2024-07,Ibadan,Online,Snacks,Biscuit Pack,21,253.60025698424792,5325.61,3381.24,1944.37,0
2024-07,Ibadan,Supermarket,Snacks,Chips 45g,36,116.2118777043707,4183.63,2856.7,1326.93,0
2024-07,Ibadan,Open Market/Kiosk,Snacks,Chips 45g,41,351.53331585166427,14412.87,10674.86,3738.01,0
2024-07,Ibadan,Convenience Store,Snacks,Chips 45g,23,118.80869166591522,2732.6,1780.56,952.04,0
2024-07,Ibadan,Online,Snacks,Chips 45g,14,302.3383850333121,4232.74,2582.95,1649.79,0
2024-07,Ibadan,Supermarket,Snacks,Chocolate Bar,27,293.8790131122182,7934.73,4860.39,3074.34,0
2024-07,Ibadan,Open Market/Kiosk,Snacks,Chocolate Bar,48,256.05382056955625,12290.58,8907.39,3383.19,0
2024-07,Ibadan,Convenience Store,Snacks,Chocolate Bar,30,354.38877738675995,10631.66,6529.42,4102.24,0
2024-07,Ibadan,Online,Snacks,Chocolate Bar,22,370.26396969645435,8145.81,4909.91,3235.9,0
2024-07,Ibadan,Supermarket,Personal Care,Soap Bar,29,846.6858848290358,24553.89,15834.82,8719.07,0
2024-07,Ibadan,Open Market/Kiosk,Personal Care,Soap Bar,49,623.3373972530378,30543.53,20820.98,9722.55,0
2024-07,Ibadan,Convenience Store,Personal Care,Soap Bar,21,766.5224396717402,16096.97,11842.56,4254.41,0
2024-07,Ibadan,Online,Personal Care,Soap Bar,22,1048.3826578584183,23064.42,14301.22,8763.2,0
2024-07,Ibadan,Supermarket,Personal Care,Toothpaste 100g,40,817.5771353031356,32703.09,19711.2,12991.89,0
2024-07,Ibadan,Open Market/Kiosk,Personal Care,Toothpaste 100g,30,1168.3781394647697,35051.34,22704.46,12346.88,0
2024-07,Ibadan,Convenience Store,Personal Care,Toothpaste 100g,17,1143.094862718377,19432.61,13819.1,5613.51,0
2024-07,Ibadan,Online,Personal Care,Toothpaste 100g,18,923.8888001836276,16630.0,10425.87,6204.13,0
2024-07,Ibadan,Supermarket,Personal Care,Shampoo 200ml,35,536.0806578413783,18762.82,13132.61,5630.21,0
2024-07,Ibadan,Open Market/Kiosk,Personal Care,Shampoo 200ml,32,426.5547211940555,13649.75,8254.47,5395.28,1
2024-07,Ibadan,Convenience Store,Personal Care,Shampoo 200ml,20,1065.563980332252,21311.28,14047.79,7263.49,0
2024-07,Ibadan,Online,Personal Care,Shampoo 200ml,9,335.1505609347952,3016.36,2138.39,877.97,0
2024-07,Ibadan,Supermarket,Household,Detergent 1kg,48,998.1970575269326,47913.46,32777.1,15136.36,0
2024-07,Ibadan,Open Market/Kiosk,Household,Detergent 1kg,38,1337.1859400032477,50813.07,36189.1,14623.97,0
2024-07,Ibadan,Convenience Store,Household,Detergent 1kg,18,921.8655137176785,16593.58,10389.74,6203.84,0
2024-07,Ibadan,Online,Household,Detergent 1kg,20,1030.3777243686245,20607.55,15239.34,5368.21,0
2024-07,Ibadan,Supermarket,Household,Bleach 500ml,21,1042.0662410837572,21883.39,15110.8,6772.59,0
2024-07,Ibadan,Open Market/Kiosk,Household,Bleach 500ml,44,1473.8651362302326,64850.07,48213.62,16636.45,0
2024-07,Ibadan,Convenience Store,Household,Bleach 500ml,19,744.2100977207413,14139.99,9969.09,4170.9,0
2024-07,Ibadan,Online,Household,Bleach 500ml,15,505.0936100470416,7576.4,5508.16,2068.24,0
2024-07,Ibadan,Supermarket,Household,Air Freshener,41,1329.3114874500397,54501.77,38702.33,15799.44,0
2024-07,Ibadan,Open Market/Kiosk,Household,Air Freshener,24,1467.1693588508938,35212.06,22380.39,12831.67,0
2024-07,Ibadan,Convenience Store,Household,Air Freshener,36,1111.6193677622541,40018.3,28563.74,11454.56,0
2024-07,Ibadan,Online,Household,Air Freshener,19,576.6186155889939,10955.75,6670.24,4285.51,0
2024-07,Ibadan,Supermarket,Dairy,Milk 1L,36,610.2395649572738,21968.62,14338.85,7629.77,0
2024-07,Ibadan,Open Market/Kiosk,Dairy,Milk 1L,32,258.4089799789814,8269.09,5184.89,3084.2,0
2024-07,Ibadan,Convenience Store,Dairy,Milk 1L,32,881.1980988727842,28198.34,19107.04,9091.3,0
2024-07,Ibadan,Online,Dairy,Milk 1L,9,738.9676522079869,6650.71,4889.52,1761.19,0
2024-07,Ibadan,Supermarket,Dairy,Yogurt 200ml,37,384.3978086319054,14222.72,9144.04,5078.68,0
2024-07,Ibadan,Open Market/Kiosk,Dairy,Yogurt 200ml,38,578.7965605983884,21994.27,15323.51,6670.76,0
2024-07,Ibadan,Convenience Store,Dairy,Yogurt 200ml,31,548.7503973167674,17011.26,11052.4,5958.86,0
2024-07,Ibadan,Online,Dairy,Yogurt 200ml,9,889.6387220505172,8006.75,5154.44,2852.31,0
2024-07,Ibadan,Supermarket,Dairy,Butter 250g,17,260.80054737265436,4433.61,3218.48,1215.13,0
2024-07,Ibadan,Open Market/Kiosk,Dairy,Butter 250g,32,885.8019691639345,28345.66,21248.63,7097.03,0
2024-07,Ibadan,Convenience Store,Dairy,Butter 250g,20,588.3142193538564,11766.28,8796.34,2969.94,0
2024-07,Ibadan,Online,Dairy,Butter 250g,11,612.7927734864259,6740.72,4641.68,2099.04,0
2024-08,Lagos,Supermarket,Beverages,Cola 50cl,66,174.3224229914402,11505.28,6957.76,4547.52,1
2024-08,Lagos,Open Market/Kiosk,Beverages,Cola 50cl,75,235.95496688827322,17696.62,10625.22,7071.4,0
2024-08,Lagos,Convenience Store,Beverages,Cola 50cl,22,195.43908293754063,4299.66,2642.38,1657.28,0
2024-08,Lagos,Online,Beverages,Cola 50cl,19,214.34730326259245,4072.6,2640.13,1432.47,0
2024-08,Lagos,Supermarket,Beverages,Malt Drink 33cl,54,247.71622899500903,13376.68,9580.77,3795.91,0
2024-08,Lagos,Open Market/Kiosk,Beverages,Malt Drink 33cl,45,255.89297039429334,11515.18,8191.68,3323.5,0
2024-08,Lagos,Convenience Store,Beverages,Malt Drink 33cl,30,172.42385003253978,5172.72,3507.94,1664.78,1
2024-08,Lagos,Online,Beverages,Malt Drink 33cl,24,186.46575251101424,4475.18,2999.7,1475.48,0
2024-08,Lagos,Supermarket,Beverages,Bottled Water 75cl,74,179.76042142569128,13302.27,8271.7,5030.57,0
2024-08,Lagos,Open Market/Kiosk,Beverages,Bottled Water 75cl,84,186.10142396887943,15632.52,10927.77,4704.75,0
2024-08,Lagos,Convenience Store,Beverages,Bottled Water 75cl,20,167.47196293282755,3349.44,2359.1,990.34,0
2024-08,Lagos,Online,Beverages,Bottled Water 75cl,20,309.3316747699675,6186.63,4360.82,1825.81,0
2024-08,Lagos,Supermarket,Snacks,Biscuit Pack,48,238.21165807641148,11434.16,6944.35,4489.81,0
2024-08,Lagos,Open Market/Kiosk,Snacks,Biscuit Pack,71,100.09212251012664,7106.54,4785.85,2320.69,0
2024-08,Lagos,Convenience Store,Snacks,Biscuit Pack,49,379.5392963397996,18597.43,12724.46,5872.97,0
2024-08,Lagos,Online,Snacks,Biscuit Pack,27,374.06876675179086,10099.86,6173.84,3926.02,0
2024-08,Lagos,Supermarket,Snacks,Chips 45g,54,236.37883208641603,12764.46,8123.43,4641.03,0
2024-08,Lagos,Open Market/Kiosk,Snacks,Chips 45g,55,385.8662838654579,21222.65,14610.47,6612.18,0
2024-08,Lagos,Convenience Store,Snacks,Chips 45g,48,298.89876891967026,14347.14,9114.85,5232.29,0
2024-08,Lagos,Online,Snacks,Chips 45g,31,329.3907982854921,10211.11,7091.68,3119.43,0
2024-08,Lagos,Supermarket,Snacks,Chocolate Bar,71,271.99772916671907,19311.84,13896.43,5415.41,0
2024-08,Lagos,Open Market/Kiosk,Snacks,Chocolate Bar,104,245.79654836977176,25562.84,17332.59,8230.25,0
2024-08,Lagos,Convenience Store,Snacks,Chocolate Bar,53,215.25296656132522,11408.41,8067.1,3341.31,0
2024-08,Lagos,Online,Snacks,Chocolate Bar,21,367.25948711073283,7712.45,5169.38,2543.07,0
2024-08,Lagos,Supermarket,Personal Care,Soap Bar,48,828.2869347061105,39757.77,25186.22,14571.55,0
2024-08,Lagos,Open Market/Kiosk,Personal Care,Soap Bar,83,445.09117252653294,36942.57,23265.73,13676.84,0
2024-08,Lagos,Convenience Store,Personal Care,Soap Bar,45,604.1029301341143,27184.63,18460.89,8723.74,0
2024-08,Lagos,Online,Personal Care,Soap Bar,20,760.615425031072,15212.31,10096.8,5115.51,0
2024-08,Lagos,Supermarket,Personal Care,Toothpaste 100g,68,581.7611903813101,39559.76,24500.77,15058.99,0
2024-08,Lagos,Open Market/Kiosk,Personal Care,Toothpaste 100g,33,454.2898270603695,14991.56,9989.75,5001.81,0
2024-08,Lagos,Convenience Store,Personal Care,Toothpaste 100g,62,313.6556857546513,19446.65,13908.15,5538.5,0
2024-08,Lagos,Online,Personal Care,Toothpaste 100g,29,638.1306969798752,18505.79,11686.61,6819.18,0
2024-08,Lagos,Supermarket,Personal Care,Shampoo 200ml,57,1047.1290285473347,59686.35,38416.68,21269.67,0
2024-08,Lagos,Open Market/Kiosk,Personal Care,Shampoo 200ml,78,448.5335974680751,34985.62,24786.61,10199.01,0
2024-08,Lagos,Convenience Store,Personal Care,Shampoo 200ml,36,769.7242836140867,27710.07,17571.55,10138.52,0
2024-08,Lagos,Online,Personal Care,Shampoo 200ml,17,348.3976151538442,5922.76,3856.37,2066.39,0
2024-08,Lagos,Supermarket,Household,Detergent 1kg,83,1364.5233466827044,113255.44,74873.35,38382.09,0
2024-08,Lagos,Open Market/Kiosk,Household,Detergent 1kg,69,653.2018404674017,45070.93,27826.34,17244.59,0
2024-08,Lagos,Convenience Store,Household,Detergent 1kg,30,1123.6498561654666,33709.5,22203.11,11506.39,0
2024-08,Lagos,Online,Household,Detergent 1kg,24,1367.8424457269198,32828.22,19985.59,12842.63,0
2024-08,Lagos,Supermarket,Household,Bleach 500ml,33,1349.634715078933,44537.95,30234.05,14303.9,0
2024-08,Lagos,Open Market/Kiosk,Household,Bleach 500ml,48,1379.1569078278765,66199.53,47596.53,18603.0,0
2024-08,Lagos,Convenience Store,Household,Bleach 500ml,57,1041.0416247878989,59339.37,43272.56,16066.81,0
2024-08,Lagos,Online,Household,Bleach 500ml,35,1263.403369895802,44219.12,27241.94,16977.18,0
2024-08,Lagos,Supermarket,Household,Air Freshener,51,1115.8768558920874,56909.72,37852.6,19057.12,0
2024-08,Lagos,Open Market/Kiosk,Household,Air Freshener,91,727.3725671935688,66190.9,46474.12,19716.78,0
2024-08,Lagos,Convenience Store,Household,Air Freshener,49,1306.765571508773,64031.51,46629.77,17401.74,0
2024-08,Lagos,Online,Household,Air Freshener,18,1226.0705856338163,22069.27,13916.28,8152.99,0
2024-08,Lagos,Supermarket,Dairy,Milk 1L,47,272.9464654341453,12828.48,9572.75,3255.73,0
2024-08,Lagos,Open Market/Kiosk,Dairy,Milk 1L,47,532.7313942906054,25038.38,17473.5,7564.88,0
2024-08,Lagos,Convenience Store,Dairy,Milk 1L,33,835.0629274510266,27557.08,19952.62,7604.46,0
2024-08,Lagos,Online,Dairy,Milk 1L,29,820.9891934182016,23808.69,15631.42,8177.27,0
2024-08,Lagos,Supermarket,Dairy,Yogurt 200ml,44,746.9357646734857,32865.17,20245.06,12620.11,0
2024-08,Lagos,Open Market/Kiosk,Dairy,Yogurt 200ml,68,756.6054852587442,51449.17,37974.24,13474.93,0
2024-08,Lagos,Convenience Store,Dairy,Yogurt 200ml,45,847.9363816789333,38157.14,25694.84,12462.3,0
2024-08,Lagos,Online,Dairy,Yogurt 200ml,21,536.0269539752314,11256.57,7049.66,4206.91,1
2024-08,Lagos,Supermarket,Dairy,Butter 250g,48,578.1699209331397,27752.16,18683.01,9069.15,0
2024-08,Lagos,Open Market/Kiosk,Dairy,Butter 250g,78,280.39400897725807,21870.73,14887.75,6982.98,0
2024-08,Lagos,Convenience Store,Dairy,Butter 250g,37,302.7764840332108,11202.73,8216.76,2985.97,0
2024-08,Lagos,Online,Dairy,Butter 250g,43,860.7654745072258,37012.92,25783.17,11229.75,0
2024-08,Abuja,Supermarket,Beverages,Cola 50cl,46,211.3531641305903,9722.25,5910.91,3811.34,0
2024-08,Abuja,Open Market/Kiosk,Beverages,Cola 50cl,49,240.62508138072099,11790.63,7384.57,4406.06,0
2024-08,Abuja,Convenience Store,Beverages,Cola 50cl,26,320.41900360940906,8330.89,5814.94,2515.95,1
2024-08,Abuja,Online,Beverages,Cola 50cl,24,217.4657553667184,5219.18,3396.83,1822.35,0
2024-08,Abuja,Supermarket,Beverages,Malt Drink 33cl,55,270.6089138599096,14883.49,10443.16,4440.33,0
2024-08,Abuja,Open Market/Kiosk,Beverages,Malt Drink 33cl,66,157.36716342066066,10386.23,7472.32,2913.91,0
2024-08,Abuja,Convenience Store,Beverages,Malt Drink 33cl,42,299.515623895195,12579.66,9344.83,3234.83,0
2024-08,Abuja,Online,Beverages,Malt Drink 33cl,16,326.4842416973901,5223.75,3277.49,1946.26,0
2024-08,Abuja,Supermarket,Beverages,Bottled Water 75cl,55,316.9881606427425,17434.35,11045.56,6388.79,0
2024-08,Abuja,Open Market/Kiosk,Beverages,Bottled Water 75cl,43,230.45492480471293,9909.56,6917.75,2991.81,0
2024-08,Abuja,Convenience Store,Beverages,Bottled Water 75cl,33,272.15685396090754,8981.18,6623.04,2358.14,0
2024-08,Abuja,Online,Beverages,Bottled Water 75cl,24,320.4695601905276,7691.27,5372.0,2319.27,0
2024-08,Abuja,Supermarket,Snacks,Biscuit Pack,46,344.2179023345026,15834.02,10537.31,5296.71,0
2024-08,Abuja,Open Market/Kiosk,Snacks,Biscuit Pack,75,265.8520026292158,19938.9,12212.62,7726.28,0
2024-08,Abuja,Convenience Store,Snacks,Biscuit Pack,28,200.63857424234675,5617.88,3869.6,1748.28,0
2024-08,Abuja,Online,Snacks,Biscuit Pack,18,169.34974589617607,3048.3,2052.93,995.37,0
2024-08,Abuja,Supermarket,Snacks,Chips 45g,55,317.7461562082854,17476.04,11214.37,6261.67,0
2024-08,Abuja,Open Market/Kiosk,Snacks,Chips 45g,53,332.30811585447645,17612.33,12878.78,4733.55,0
2024-08,Abuja,Convenience Store,Snacks,Chips 45g,31,172.13443762242383,5336.17,3715.34,1620.83,0
2024-08,Abuja,Online,Snacks,Chips 45g,26,395.64888141762566,10286.87,7323.17,2963.7,0
2024-08,Abuja,Supermarket,Snacks,Chocolate Bar,39,163.34814098882572,6370.58,4752.52,1618.06,0
2024-08,Abuja,Open Market/Kiosk,Snacks,Chocolate Bar,41,255.02819028903988,10456.16,6601.75,3854.41,0
2024-08,Abuja,Convenience Store,Snacks,Chocolate Bar,32,322.5646504969508,10322.07,7360.4,2961.67,0
2024-08,Abuja,Online,Snacks,Chocolate Bar,20,184.77724976125972,3695.54,2414.2,1281.34,0
2024-08,Abuja,Supermarket,Personal Care,Soap Bar,58,529.3207420293572,30700.6,20513.39,10187.21,0
2024-08,Abuja,Open Market/Kiosk,Personal Care,Soap Bar,48,1089.3107630485683,52286.92,31970.53,20316.39,1
2024-08,Abuja,Convenience Store,Personal Care,Soap Bar,22,1197.2198003679955,26338.84,18004.9,8333.94,0
2024-08,Abuja,Online,Personal Care,Soap Bar,13,1121.4539634795578,14578.9,9283.37,5295.53,0
2024-08,Abuja,Supermarket,Personal Care,Toothpaste 100g,34,604.8047323987475,20563.36,13406.1,7157.26,0
2024-08,Abuja,Open Market/Kiosk,Personal Care,Toothpaste 100g,45,498.90260309218297,22450.62,15338.53,7112.09,0
2024-08,Abuja,Convenience Store,Personal Care,Toothpaste 100g,38,677.3322885830526,25738.63,16980.97,8757.66,0
2024-08,Abuja,Online,Personal Care,Toothpaste 100g,31,1184.522285734517,36720.19,26102.39,10617.8,0
2024-08,Abuja,Supermarket,Personal Care,Shampoo 200ml,68,309.94895882730856,21076.53,14072.52,7004.01,0
2024-08,Abuja,Open Market/Kiosk,Personal Care,Shampoo 200ml,81,702.2442336285794,56881.78,36932.22,19949.56,0
2024-08,Abuja,Convenience Store,Personal Care,Shampoo 200ml,25,1159.0464256093017,28976.16,20793.87,8182.29,0
2024-08,Abuja,Online,Personal Care,Shampoo 200ml,22,308.15678836797997,6779.45,4077.73,2701.72,0
2024-08,Abuja,Supermarket,Household,Detergent 1kg,55,735.7132178839479,40464.23,27003.98,13460.25,0
2024-08,Abuja,Open Market/Kiosk,Household,Detergent 1kg,38,958.5831732783649,36426.16,22726.87,13699.29,0
2024-08,Abuja,Convenience Store,Household,Detergent 1kg,26,671.2674400482592,17452.95,12516.46,4936.49,0
2024-08,Abuja,Online,Household,Detergent 1kg,14,1130.5581329655038,15827.81,11804.01,4023.8,0
2024-08,Abuja,Supermarket,Household,Bleach 500ml,57,854.6764905636969,48716.56,34446.68,14269.88,0
2024-08,Abuja,Open Market/Kiosk,Household,Bleach 500ml,42,560.5218775515664,23541.92,15715.88,7826.04,0
2024-08,Abuja,Convenience Store,Household,Bleach 500ml,22,1308.9205014310876,28796.25,19159.35,9636.9,0
2024-08,Abuja,Online,Household,Bleach 500ml,24,1197.2609224518264,28734.26,20229.04,8505.22,0
2024-08,Abuja,Supermarket,Household,Air Freshener,57,1199.4130449025902,68366.54,48973.36,19393.18,0
2024-08,Abuja,Open Market/Kiosk,Household,Air Freshener,65,409.8937220991742,26643.09,16438.53,10204.56,0
2024-08,Abuja,Convenience Store,Household,Air Freshener,25,847.850693265005,21196.27,15214.2,5982.07,0
2024-08,Abuja,Online,Household,Air Freshener,28,1312.406103379344,36747.37,22423.99,14323.38,0
2024-08,Abuja,Supermarket,Dairy,Milk 1L,32,293.1870606816352,9381.99,6861.97,2520.02,1
2024-08,Abuja,Open Market/Kiosk,Dairy,Milk 1L,43,630.6346863932953,27117.29,17496.81,9620.48,0
2024-08,Abuja,Convenience Store,Dairy,Milk 1L,32,598.2693926176694,19144.62,13350.33,5794.29,0
2024-08,Abuja,Online,Dairy,Milk 1L,14,875.1915580893577,12252.68,8435.47,3817.21,0
2024-08,Abuja,Supermarket,Dairy,Yogurt 200ml,31,798.3463889393371,24748.74,15073.51,9675.23,0
2024-08,Abuja,Open Market/Kiosk,Dairy,Yogurt 200ml,69,313.97941484307114,21664.58,13339.2,8325.38,0
2024-08,Abuja,Convenience Store,Dairy,Yogurt 200ml,25,321.32934068809243,8033.23,5242.71,2790.52,0
2024-08,Abuja,Online,Dairy,Yogurt 200ml,23,311.5253472558654,7165.08,4617.93,2547.15,1
2024-08,Abuja,Supermarket,Dairy,Butter 250g,55,413.83045878684584,22760.68,16336.07,6424.61,0
2024-08,Abuja,Open Market/Kiosk,Dairy,Butter 250g,49,746.2391821244419,36565.72,25854.02,10711.7,0
2024-08,Abuja,Convenience Store,Dairy,Butter 250g,21,623.2733482405838,13088.74,8029.36,5059.38,0
2024-08,Abuja,Online,Dairy,Butter 250g,32,582.9746880098937,18655.19,12314.21,6340.98,1
2024-08,Port Harcourt,Supermarket,Beverages,Cola 50cl,47,287.7378301862335,13523.68,8554.4,4969.28,0
2024-08,Port Harcourt,Open Market/Kiosk,Beverages,Cola 50cl,43,276.0832056838237,11871.58,8691.61,3179.97,0
2024-08,Port Harcourt,Convenience Store,Beverages,Cola 50cl,30,302.9779057222288,9089.34,6490.76,2598.58,0
2024-08,Port Harcourt,Online,Beverages,Cola 50cl,24,225.34323078706734,5408.24,3922.52,1485.72,0
2024-08,Port Harcourt,Supermarket,Beverages,Malt Drink 33cl,44,330.26353303271685,14531.6,9709.57,4822.03,0
2024-08,Port Harcourt,Open Market/Kiosk,Beverages,Malt Drink 33cl,59,180.6227061811467,10656.74,7547.67,3109.07,0
2024-08,Port Harcourt,Convenience Store,Beverages,Malt Drink 33cl,27,321.4662740265319,8679.59,6132.99,2546.6,0
2024-08,Port Harcourt,Online,Beverages,Malt Drink 33cl,16,190.9166744300877,3054.67,2120.65,934.02,0
2024-08,Port Harcourt,Supermarket,Beverages,Bottled Water 75cl,37,188.61445475934624,6978.73,4600.93,2377.8,0
2024-08,Port Harcourt,Open Market/Kiosk,Beverages,Bottled Water 75cl,42,328.52306681780635,13797.97,10298.05,3499.92,0
2024-08,Port Harcourt,Convenience Store,Beverages,Bottled Water 75cl,34,235.7908224465088,8016.89,5219.34,2797.55,0
2024-08,Port Harcourt,Online,Beverages,Bottled Water 75cl,29,293.06940425749485,8499.01,5313.2,3185.81,0
2024-08,Port Harcourt,Supermarket,Snacks,Biscuit Pack,52,349.35638680493344,18166.53,12913.79,5252.74,0
2024-08,Port Harcourt,Open Market/Kiosk,Snacks,Biscuit Pack,40,123.27067217864035,4930.83,3007.49,1923.34,0
2024-08,Port Harcourt,Convenience Store,Snacks,Biscuit Pack,28,219.71536560134624,6152.03,4255.06,1896.97,0
2024-08,Port Harcourt,Online,Snacks,Biscuit Pack,24,317.849925909748,7628.4,5139.08,2489.32,0
2024-08,Port Harcourt,Supermarket,Snacks,Chips 45g,34,249.90787557129204,8496.87,5104.0,3392.87,0
2024-08,Port Harcourt,Open Market/Kiosk,Snacks,Chips 45g,35,167.131687474256,5849.61,3631.57,2218.04,0
2024-08,Port Harcourt,Convenience Store,Snacks,Chips 45g,30,341.1629131432598,10234.89,6806.23,3428.66,0
2024-08,Port Harcourt,Online,Snacks,Chips 45g,19,298.48344895251773,5671.19,4175.69,1495.5,0
2024-08,Port Harcourt,Supermarket,Snacks,Chocolate Bar,74,122.1232495423482,9037.12,5606.37,3430.75,0
2024-08,Port Harcourt,Open Market/Kiosk,Snacks,Chocolate Bar,53,171.95252454426685,9113.48,6166.76,2946.72,0
2024-08,Port Harcourt,Convenience Store,Snacks,Chocolate Bar,23,156.3423332672707,3595.87,2292.09,1303.78,0
2024-08,Port Harcourt,Online,Snacks,Chocolate Bar,33,136.98893991137433,4520.64,3297.84,1222.8,0
2024-08,Port Harcourt,Supermarket,Personal Care,Soap Bar,52,302.68211770409783,15739.47,9664.41,6075.06,0
2024-08,Port Harcourt,Open Market/Kiosk,Personal Care,Soap Bar,48,437.9090882111501,21019.64,12787.03,8232.61,0
2024-08,Port Harcourt,Convenience Store,Personal Care,Soap Bar,17,889.8847509927937,15128.04,10485.75,4642.29,0
2024-08,Port Harcourt,Online,Personal Care,Soap Bar,11,894.1053865126386,9835.16,6485.72,3349.44,0
2024-08,Port Harcourt,Supermarket,Personal Care,Toothpaste 100g,57,1038.5600288548383,59197.92,36006.82,23191.1,0
2024-08,Port Harcourt,Open Market/Kiosk,Personal Care,Toothpaste 100g,70,509.8844249852122,35691.91,23368.12,12323.79,0
2024-08,Port Harcourt,Convenience Store,Personal Care,Toothpaste 100g,21,301.48723932777403,6331.23,4489.26,1841.97,0
2024-08,Port Harcourt,Online,Personal Care,Toothpaste 100g,18,850.7827771772039,15314.09,9609.71,5704.38,0
2024-08,Port Harcourt,Supermarket,Personal Care,Shampoo 200ml,24,377.5500240612735,9061.2,6689.33,2371.87,0
2024-08,Port Harcourt,Open Market/Kiosk,Personal Care,Shampoo 200ml,47,514.3926475462329,24176.45,17143.09,7033.36,0
2024-08,Port Harcourt,Convenience Store,Personal Care,Shampoo 200ml,31,450.63556638612243,13969.7,9495.99,4473.71,0
2024-08,Port Harcourt,Online,Personal Care,Shampoo 200ml,20,880.7753361158447,17615.51,12971.77,4643.74,0
2024-08,Port Harcourt,Supermarket,Household,Detergent 1kg,50,857.2057233126133,42860.29,28434.4,14425.89,0
2024-08,Port Harcourt,Open Market/Kiosk,Household,Detergent 1kg,22,1234.399412986275,27156.79,17992.02,9164.77,0
2024-08,Port Harcourt,Convenience Store,Household,Detergent 1kg,16,1472.0854284883221,23553.37,17153.43,6399.94,0
2024-08,Port Harcourt,Online,Household,Detergent 1kg,21,404.15600372382477,8487.28,6020.27,2467.01,0
2024-08,Port Harcourt,Supermarket,Household,Bleach 500ml,38,446.1189898157819,16952.52,10681.73,6270.79,0
2024-08,Port Harcourt,Open Market/Kiosk,Household,Bleach 500ml,65,1365.211444638956,88738.74,58215.16,30523.58,0
2024-08,Port Harcourt,Convenience Store,Household,Bleach 500ml,25,1053.9104533799596,26347.76,16940.81,9406.95,0
2024-08,Port Harcourt,Online,Household,Bleach 500ml,20,1415.2792460075625,28305.58,21164.21,7141.37,0
2024-08,Port Harcourt,Supermarket,Household,Air Freshener,53,1205.523692754096,63892.76,38979.46,24913.3,0
2024-08,Port Harcourt,Open Market/Kiosk,Household,Air Freshener,35,590.4504704012157,20665.77,14215.69,6450.08,0
2024-08,Port Harcourt,Convenience Store,Household,Air Freshener,29,505.3927376224767,14656.39,10086.75,4569.64,0
2024-08,Port Harcourt,Online,Household,Air Freshener,11,519.9162189879567,5719.08,3632.94,2086.14,1
2024-08,Port Harcourt,Supermarket,Dairy,Milk 1L,45,878.8874720734065,39549.94,29558.99,9990.95,0
2024-08,Port Harcourt,Open Market/Kiosk,Dairy,Milk 1L,52,400.23570940664183,20812.26,13745.17,7067.09,0
2024-08,Port Harcourt,Convenience Store,Dairy,Milk 1L,25,442.35047719071156,11058.76,7077.02,3981.74,0
2024-08,Port Harcourt,Online,Dairy,Milk 1L,17,534.5011248460626,9086.52,6294.46,2792.06,0
2024-08,Port Harcourt,Supermarket,Dairy,Yogurt 200ml,50,292.17149176106,14608.57,9872.71,4735.86,0
2024-08,Port Harcourt,Open Market/Kiosk,Dairy,Yogurt 200ml,40,572.0490865620342,22881.96,16999.55,5882.41,0
2024-08,Port Harcourt,Convenience Store,Dairy,Yogurt 200ml,23,844.9638140326728,19434.17,12258.35,7175.82,0
2024-08,Port Harcourt,Online,Dairy,Yogurt 200ml,21,691.8642808263708,14529.15,10249.04,4280.11,1
2024-08,Port Harcourt,Supermarket,Dairy,Butter 250g,40,488.25038536582144,19530.02,14589.22,4940.8,0
2024-08,Port Harcourt,Open Market/Kiosk,Dairy,Butter 250g,32,685.5694172194733,21938.22,15663.19,6275.03,0
2024-08,Port Harcourt,Convenience Store,Dairy,Butter 250g,35,789.6582931807648,27638.04,17542.36,10095.68,0
2024-08,Port Harcourt,Online,Dairy,Butter 250g,20,806.7517934477165,16135.04,10932.0,5203.04,0
2024-08,Kano,Supermarket,Beverages,Cola 50cl,38,347.59047364131294,13208.44,9654.45,3553.99,0
2024-08,Kano,Open Market/Kiosk,Beverages,Cola 50cl,36,205.29807913697576,7390.73,4846.76,2543.97,0
2024-08,Kano,Convenience Store,Beverages,Cola 50cl,31,297.49529437979777,9222.35,6835.14,2387.21,0
2024-08,Kano,Online,Beverages,Cola 50cl,10,348.71947314234205,3487.19,2502.07,985.12,0
2024-08,Kano,Supermarket,Beverages,Malt Drink 33cl,33,186.14806130784433,6142.89,4052.06,2090.83,0
2024-08,Kano,Open Market/Kiosk,Beverages,Malt Drink 33cl,46,214.89013072926792,9884.95,7345.17,2539.78,0
2024-08,Kano,Convenience Store,Beverages,Malt Drink 33cl,23,205.54280650371305,4727.48,2881.29,1846.19,0
2024-08,Kano,Online,Beverages,Malt Drink 33cl,24,186.71422053062943,4481.14,2896.37,1584.77,0
2024-08,Kano,Supermarket,Beverages,Bottled Water 75cl,25,203.13395117128832,5078.35,3701.63,1376.72,0
2024-08,Kano,Open Market/Kiosk,Beverages,Bottled Water 75cl,41,215.9277648655447,8853.04,6242.71,2610.33,0
2024-08,Kano,Convenience Store,Beverages,Bottled Water 75cl,27,197.74273836974675,5339.05,3735.84,1603.21,0
2024-08,Kano,Online,Beverages,Bottled Water 75cl,10,235.89833573956875,2358.98,1530.79,828.19,0
2024-08,Kano,Supermarket,Snacks,Biscuit Pack,35,191.73604419688303,6710.76,4610.08,2100.68,0
2024-08,Kano,Open Market/Kiosk,Snacks,Biscuit Pack,34,252.02885718523297,8568.98,5582.06,2986.92,0
2024-08,Kano,Convenience Store,Snacks,Biscuit Pack,25,365.12078684081644,9128.02,6537.23,2590.79,0
2024-08,Kano,Online,Snacks,Biscuit Pack,14,188.27512242653836,2635.85,1906.5,729.35,0
2024-08,Kano,Supermarket,Snacks,Chips 45g,52,196.59816889802948,10223.1,7409.17,2813.93,0
2024-08,Kano,Open Market/Kiosk,Snacks,Chips 45g,42,147.65174431187404,6201.37,3887.87,2313.5,0
2024-08,Kano,Convenience Store,Snacks,Chips 45g,31,140.49867079919056,4355.46,2855.88,1499.58,0
2024-08,Kano,Online,Snacks,Chips 45g,20,202.25255652342042,4045.05,2801.98,1243.07,0
2024-08,Kano,Supermarket,Snacks,Chocolate Bar,26,202.68455290959832,5269.8,3806.51,1463.29,0
2024-08,Kano,Open Market/Kiosk,Snacks,Chocolate Bar,36,282.04235038073006,10153.52,7144.66,3008.86,1
2024-08,Kano,Convenience Store,Snacks,Chocolate Bar,17,257.7605584684803,4381.93,3267.6,1114.33,0
2024-08,Kano,Online,Snacks,Chocolate Bar,10,263.41746299673537,2634.17,1870.1,764.07,0
2024-08,Kano,Supermarket,Personal Care,Soap Bar,33,519.019067926454,17127.63,10499.21,6628.42,0
2024-08,Kano,Open Market/Kiosk,Personal Care,Soap Bar,24,547.6701651847875,13144.08,8572.65,4571.43,0
2024-08,Kano,Convenience Store,Personal Care,Soap Bar,28,1009.4946560590596,28265.85,19109.24,9156.61,0
2024-08,Kano,Online,Personal Care,Soap Bar,18,515.6443406275911,9281.6,6787.59,2494.01,0
2024-08,Kano,Supermarket,Personal Care,Toothpaste 100g,32,780.3303360736545,24970.57,16013.2,8957.37,0
2024-08,Kano,Open Market/Kiosk,Personal Care,Toothpaste 100g,32,889.5531156065244,28465.7,18204.29,10261.41,0
2024-08,Kano,Convenience Store,Personal Care,Toothpaste 100g,18,1166.3126286398692,20993.63,13945.46,7048.17,0
2024-08,Kano,Online,Personal Care,Toothpaste 100g,15,1126.659135619695,16899.89,11695.55,5204.34,0
2024-08,Kano,Supermarket,Personal Care,Shampoo 200ml,30,823.8969148622001,24716.91,15509.57,9207.34,0
2024-08,Kano,Open Market/Kiosk,Personal Care,Shampoo 200ml,32,856.5991247403092,27411.17,20369.1,7042.07,0
2024-08,Kano,Convenience Store,Personal Care,Shampoo 200ml,27,889.4131790566261,24014.16,16156.2,7857.96,1
2024-08,Kano,Online,Personal Care,Shampoo 200ml,19,647.2747320074416,12298.22,8188.5,4109.72,0
2024-08,Kano,Supermarket,Household,Detergent 1kg,27,997.1408861344729,26922.8,18952.66,7970.14,0
2024-08,Kano,Open Market/Kiosk,Household,Detergent 1kg,49,550.3571516962712,26967.5,19994.02,6973.48,0
2024-08,Kano,Convenience Store,Household,Detergent 1kg,36,592.9045827944151,21344.56,15203.98,6140.58,0
2024-08,Kano,Online,Household,Detergent 1kg,13,511.89028844359194,6654.57,4304.34,2350.23,0
2024-08,Kano,Supermarket,Household,Bleach 500ml,24,967.349516441096,23216.39,14848.45,8367.94,0
2024-08,Kano,Open Market/Kiosk,Household,Bleach 500ml,31,1288.9162309998,39956.4,23984.06,15972.34,0
2024-08,Kano,Convenience Store,Household,Bleach 500ml,28,631.9402695258111,17694.33,13137.47,4556.86,0
2024-08,Kano,Online,Household,Bleach 500ml,14,873.1808977659496,12224.53,8324.47,3900.06,1
2024-08,Kano,Supermarket,Household,Air Freshener,19,1252.7324489575885,23801.92,16400.53,7401.39,0
2024-08,Kano,Open Market/Kiosk,Household,Air Freshener,31,541.9587251603467,16800.72,11555.33,5245.39,0
2024-08,Kano,Convenience Store,Household,Air Freshener,23,1428.710133503327,32860.33,24632.95,8227.38,1
2024-08,Kano,Online,Household,Air Freshener,18,1469.5744142552512,26452.34,17943.31,8509.03,0
2024-08,Kano,Supermarket,Dairy,Milk 1L,35,587.2412393013685,20553.44,13403.32,7150.12,0
2024-08,Kano,Open Market/Kiosk,Dairy,Milk 1L,36,671.6718372589962,24180.19,16574.61,7605.58,0
2024-08,Kano,Convenience Store,Dairy,Milk 1L,31,869.28529064515,26947.84,19372.28,7575.56,0
2024-08,Kano,Online,Dairy,Milk 1L,11,818.3852103544835,9002.24,6380.42,2621.82,0
2024-08,Kano,Supermarket,Dairy,Yogurt 200ml,45,861.4890942192541,38767.01,25018.1,13748.91,0
2024-08,Kano,Open Market/Kiosk,Dairy,Yogurt 200ml,45,509.8554059880264,22943.49,14342.77,8600.72,0
2024-08,Kano,Convenience Store,Dairy,Yogurt 200ml,27,554.3951293208456,14968.67,9903.45,5065.22,0
2024-08,Kano,Online,Dairy,Yogurt 200ml,15,875.1995129424424,13127.99,8635.5,4492.49,0
2024-08,Kano,Supermarket,Dairy,Butter 250g,44,464.5460202919504,20440.02,13581.94,6858.08,0
2024-08,Kano,Open Market/Kiosk,Dairy,Butter 250g,66,282.75856625819813,18662.07,12541.87,6120.2,0
2024-08,Kano,Convenience Store,Dairy,Butter 250g,23,629.8194634527292,14485.85,10011.61,4474.24,0
2024-08,Kano,Online,Dairy,Butter 250g,13,355.37108102963094,4619.82,3200.92,1418.9,0
2024-08,Ibadan,Supermarket,Beverages,Cola 50cl,29,245.47230539213905,7118.7,5204.95,1913.75,0
2024-08,Ibadan,Open Market/Kiosk,Beverages,Cola 50cl,29,256.3942034128784,7435.43,4948.75,2486.68,0
2024-08,Ibadan,Convenience Store,Beverages,Cola 50cl,24,173.20370225582792,4156.89,2589.19,1567.7,0
2024-08,Ibadan,Online,Beverages,Cola 50cl,18,198.1971179092589,3567.55,2467.94,1099.61,0
2024-08,Ibadan,Supermarket,Beverages,Malt Drink 33cl,30,277.3188055236601,8319.56,5828.07,2491.49,0
2024-08,Ibadan,Open Market/Kiosk,Beverages,Malt Drink 33cl,58,265.30700015363175,15387.81,9663.18,5724.63,1
2024-08,Ibadan,Convenience Store,Beverages,Malt Drink 33cl,27,256.8223676805027,6934.2,4826.43,2107.77,0
2024-08,Ibadan,Online,Beverages,Malt Drink 33cl,7,265.95300178010183,1861.67,1376.62,485.05,0
2024-08,Ibadan,Supermarket,Beverages,Bottled Water 75cl,23,288.93442169581067,6645.49,4738.84,1906.65,0
2024-08,Ibadan,Open Market/Kiosk,Beverages,Bottled Water 75cl,52,339.3770888749234,17647.61,11307.22,6340.39,0
2024-08,Ibadan,Convenience Store,Beverages,Bottled Water 75cl,14,330.3326829353516,4624.66,3331.87,1292.79,1
2024-08,Ibadan,Online,Beverages,Bottled Water 75cl,16,209.85457854880616,3357.67,2270.47,1087.2,0
2024-08,Ibadan,Supermarket,Snacks,Biscuit Pack,55,319.2682162260086,17559.75,11034.97,6524.78,0
2024-08,Ibadan,Open Market/Kiosk,Snacks,Biscuit Pack,46,147.5965509889282,6789.44,4549.22,2240.22,0
2024-08,Ibadan,Convenience Store,Snacks,Biscuit Pack,12,137.69876488345176,1652.39,1100.37,552.02,0
2024-08,Ibadan,Online,Snacks,Biscuit Pack,13,147.96920808818143,1923.6,1335.26,588.34,0
2024-08,Ibadan,Supermarket,Snacks,Chips 45g,33,216.14731184003062,7132.86,4967.78,2165.08,0
2024-08,Ibadan,Open Market/Kiosk,Snacks,Chips 45g,43,371.27989254576056,15965.04,10788.65,5176.39,0
2024-08,Ibadan,Convenience Store,Snacks,Chips 45g,26,357.83973339116966,9303.83,5942.64,3361.19,1
2024-08,Ibadan,Online,Snacks,Chips 45g,11,156.271947345627,1718.99,1195.41,523.58,0
2024-08,Ibadan,Supermarket,Snacks,Chocolate Bar,30,386.9443291693681,11608.33,8473.14,3135.19,0
2024-08,Ibadan,Open Market/Kiosk,Snacks,Chocolate Bar,32,246.44356285817963,7886.19,5725.12,2161.07,1
2024-08,Ibadan,Convenience Store,Snacks,Chocolate Bar,33,384.1107363511163,12675.65,7885.27,4790.38,1
2024-08,Ibadan,Online,Snacks,Chocolate Bar,14,107.2422331367001,1501.39,939.46,561.93,0
2024-08,Ibadan,Supermarket,Personal Care,Soap Bar,23,1015.8448567103561,23364.43,17293.08,6071.35,0
2024-08,Ibadan,Open Market/Kiosk,Personal Care,Soap Bar,41,682.0467370744507,27963.92,19237.9,8726.02,0
2024-08,Ibadan,Convenience Store,Personal Care,Soap Bar,25,1181.8291565004197,29545.73,18021.92,11523.81,0
2024-08,Ibadan,Online,Personal Care,Soap Bar,15,1064.9860819492876,15974.79,10792.68,5182.11,0
2024-08,Ibadan,Supermarket,Personal Care,Toothpaste 100g,26,340.428049717922,8851.13,5854.32,2996.81,0
2024-08,Ibadan,Open Market/Kiosk,Personal Care,Toothpaste 100g,39,971.3701270974763,37883.43,25968.58,11914.85,0
2024-08,Ibadan,Convenience Store,Personal Care,Toothpaste 100g,29,763.6682629853544,22146.38,15445.11,6701.27,0
2024-08,Ibadan,Online,Personal Care,Toothpaste 100g,16,330.23387017155676,5283.74,3219.23,2064.51,0
2024-08,Ibadan,Supermarket,Personal Care,Shampoo 200ml,23,470.21640314313595,10814.98,7158.36,3656.62,1
2024-08,Ibadan,Open Market/Kiosk,Personal Care,Shampoo 200ml,32,719.9055346289357,23036.98,13992.41,9044.57,0
2024-08,Ibadan,Convenience Store,Personal Care,Shampoo 200ml,19,390.4104208021574,7417.8,4734.45,2683.35,0
2024-08,Ibadan,Online,Personal Care,Shampoo 200ml,12,679.6530591314644,8155.84,5607.83,2548.01,1
2024-08,Ibadan,Supermarket,Household,Detergent 1kg,32,804.3775630964659,25740.08,15557.1,10182.98,0
2024-08,Ibadan,Open Market/Kiosk,Household,Detergent 1kg,33,1250.8986032093953,41279.65,26882.85,14396.8,1
2024-08,Ibadan,Convenience Store,Household,Detergent 1kg,23,1256.198490173988,28892.57,18514.17,10378.4,0
2024-08,Ibadan,Online,Household,Detergent 1kg,14,1291.2732888664186,18077.83,12971.24,5106.59,1
2024-08,Ibadan,Supermarket,Household,Bleach 500ml,43,1094.648110956017,47069.87,31410.41,15659.46,0
2024-08,Ibadan,Open Market/Kiosk,Household,Bleach 500ml,37,996.9946036320803,36888.8,24733.08,12155.72,0
2024-08,Ibadan,Convenience Store,Household,Bleach 500ml,29,1455.162443115523,42199.71,28682.96,13516.75,0
2024-08,Ibadan,Online,Household,Bleach 500ml,17,1468.815547724766,24969.86,16060.02,8909.84,0
2024-08,Ibadan,Supermarket,Household,Air Freshener,28,1106.0763348633272,30970.14,21309.94,9660.2,0
2024-08,Ibadan,Open Market/Kiosk,Household,Air Freshener,41,484.7054265224141,19872.92,12618.52,7254.4,0
2024-08,Ibadan,Convenience Store,Household,Air Freshener,23,787.8183564667337,18119.82,11684.35,6435.47,0
2024-08,Ibadan,Online,Household,Air Freshener,10,1144.574068432235,11445.74,7948.72,3497.02,0
2024-08,Ibadan,Supermarket,Dairy,Milk 1L,30,355.62835143846854,10668.85,6803.74,3865.11,0
2024-08,Ibadan,Open Market/Kiosk,Dairy,Milk 1L,48,811.4781622035423,38950.95,26338.24,12612.71,1
2024-08,Ibadan,Convenience Store,Dairy,Milk 1L,25,634.4619259483653,15861.55,10403.16,5458.39,0
2024-08,Ibadan,Online,Dairy,Milk 1L,19,316.8106260622427,6019.4,4102.02,1917.38,0
2024-08,Ibadan,Supermarket,Dairy,Yogurt 200ml,34,601.7999281947436,20461.2,14947.99,5513.21,0
2024-08,Ibadan,Open Market/Kiosk,Dairy,Yogurt 200ml,47,407.39405483051286,19147.52,13986.03,5161.49,0
2024-08,Ibadan,Convenience Store,Dairy,Yogurt 200ml,20,609.6039662407547,12192.08,7922.43,4269.65,0
2024-08,Ibadan,Online,Dairy,Yogurt 200ml,17,732.6224393297871,12454.58,7911.47,4543.11,0
2024-08,Ibadan,Supermarket,Dairy,Butter 250g,27,318.42749043412,8597.54,5883.78,2713.76,0
2024-08,Ibadan,Open Market/Kiosk,Dairy,Butter 250g,33,255.5018740512512,8431.56,6283.72,2147.84,0
2024-08,Ibadan,Convenience Store,Dairy,Butter 250g,20,613.2727241664013,12265.45,7578.34,4687.11,0
2024-08,Ibadan,Online,Dairy,Butter 250g,13,415.0918419832641,5396.19,3632.56,1763.63,0
2024-09,Lagos,Supermarket,Beverages,Cola 50cl,44,164.37757828102454,7232.61,5142.74,2089.87,0
2024-09,Lagos,Open Market/Kiosk,Beverages,Cola 50cl,58,198.0191792556975,11485.11,7353.19,4131.92,0
2024-09,Lagos,Convenience Store,Beverages,Cola 50cl,24,182.20366656484728,4372.89,2648.79,1724.1,1
2024-09,Lagos,Online,Beverages,Cola 50cl,14,339.6438894990065,4755.01,3329.12,1425.89,1
2024-09,Lagos,Supermarket,Beverages,Malt Drink 33cl,42,275.5624858140011,11573.62,7340.26,4233.36,0
2024-09,Lagos,Open Market/Kiosk,Beverages,Malt Drink 33cl,51,159.93374118016186,8156.62,4973.82,3182.8,0
2024-09,Lagos,Convenience Store,Beverages,Malt Drink 33cl,40,207.41132122383115,8296.45,5883.5,2412.95,0
2024-09,Lagos,Online,Beverages,Malt Drink 33cl,31,187.89592401910346,5824.77,4051.67,1773.1,1
2024-09,Lagos,Supermarket,Beverages,Bottled Water 75cl,40,343.223264498551,13728.93,8933.12,4795.81,0
2024-09,Lagos,Open Market/Kiosk,Beverages,Bottled Water 75cl,88,163.4345673790018,14382.24,10523.09,3859.15,0
2024-09,Lagos,Convenience Store,Beverages,Bottled Water 75cl,29,238.7002765100083,6922.31,4260.81,2661.5,0
2024-09,Lagos,Online,Beverages,Bottled Water 75cl,27,338.32854754747893,9134.87,6431.02,2703.85,0
2024-09,Lagos,Supermarket,Snacks,Biscuit Pack,78,121.62972074505399,9487.12,6171.67,3315.45,0
2024-09,Lagos,Open Market/Kiosk,Snacks,Biscuit Pack,64,385.8475944839431,24694.25,16715.52,7978.73,0
2024-09,Lagos,Convenience Store,Snacks,Biscuit Pack,30,268.704366680596,8061.13,5871.53,2189.6,0
2024-09,Lagos,Online,Snacks,Biscuit Pack,26,342.4504932737617,8903.71,5811.7,3092.01,0
2024-09,Lagos,Supermarket,Snacks,Chips 45g,62,357.93389649114897,22191.9,15187.48,7004.42,0
2024-09,Lagos,Open Market/Kiosk,Snacks,Chips 45g,56,249.52012769860573,13973.13,8732.21,5240.92,0
2024-09,Lagos,Convenience Store,Snacks,Chips 45g,44,123.75010014260862,5445.0,3782.3,1662.7,0
2024-09,Lagos,Online,Snacks,Chips 45g,16,101.34384307591229,1621.5,1047.69,573.81,0
2024-09,Lagos,Supermarket,Snacks,Chocolate Bar,71,376.2584695544631,26714.35,17948.4,8765.95,1
2024-09,Lagos,Open Market/Kiosk,Snacks,Chocolate Bar,50,239.34197858790176,11967.1,7396.19,4570.91,0
2024-09,Lagos,Convenience Store,Snacks,Chocolate Bar,29,165.90628762884452,4811.28,3272.48,1538.8,0
2024-09,Lagos,Online,Snacks,Chocolate Bar,28,378.52621328317787,10598.73,6997.25,3601.48,0
2024-09,Lagos,Supermarket,Personal Care,Soap Bar,68,322.7291055220403,21945.58,13325.77,8619.81,0
2024-09,Lagos,Open Market/Kiosk,Personal Care,Soap Bar,87,951.3339833703276,82766.06,59406.02,23360.04,0
2024-09,Lagos,Convenience Store,Personal Care,Soap Bar,40,814.1882264004314,32567.53,20650.65,11916.88,0
2024-09,Lagos,Online,Personal Care,Soap Bar,19,1017.6842373448643,19336.0,13282.4,6053.6,0
2024-09,Lagos,Supermarket,Personal Care,Toothpaste 100g,53,874.5182257373648,46349.47,29563.59,16785.88,0
2024-09,Lagos,Open Market/Kiosk,Personal Care,Toothpaste 100g,47,740.7057589649057,34813.17,22493.67,12319.5,0
2024-09,Lagos,Convenience Store,Personal Care,Toothpaste 100g,45,534.9362999762968,24072.13,17850.56,6221.57,0
2024-09,Lagos,Online,Personal Care,Toothpaste 100g,20,1174.7910887226535,23495.82,14432.64,9063.18,0
2024-09,Lagos,Supermarket,Personal Care,Shampoo 200ml,42,1166.3774966521933,48987.85,31289.13,17698.72,1
2024-09,Lagos,Open Market/Kiosk,Personal Care,Shampoo 200ml,50,563.6972162203788,28184.86,19897.75,8287.11,0
2024-09,Lagos,Convenience Store,Personal Care,Shampoo 200ml,31,696.7922098213776,21600.56,14483.56,7117.0,1
2024-09,Lagos,Online,Personal Care,Shampoo 200ml,19,596.198352956459,11327.77,6806.86,4520.91,0
2024-09,Lagos,Supermarket,Household,Detergent 1kg,52,1257.1412117095292,65371.34,41240.53,24130.81,0
2024-09,Lagos,Open Market/Kiosk,Household,Detergent 1kg,67,1389.7152000777187,93110.92,66221.7,26889.22,0
2024-09,Lagos,Convenience Store,Household,Detergent 1kg,40,1176.4095848103211,47056.38,32302.12,14754.26,0
2024-09,Lagos,Online,Household,Detergent 1kg,14,883.9014883034358,12374.62,8474.26,3900.36,0
2024-09,Lagos,Supermarket,Household,Bleach 500ml,23,645.3001991423256,14841.9,9988.01,4853.89,0
2024-09,Lagos,Open Market/Kiosk,Household,Bleach 500ml,77,818.1022403204004,62993.87,40248.12,22745.75,0
2024-09,Lagos,Convenience Store,Household,Bleach 500ml,35,1142.0244162396853,39970.85,27241.5,12729.35,0
2024-09,Lagos,Online,Household,Bleach 500ml,16,823.4911425094442,13175.86,9365.12,3810.74,0
2024-09,Lagos,Supermarket,Household,Air Freshener,61,461.23303208476113,28135.21,20257.43,7877.78,0
2024-09,Lagos,Open Market/Kiosk,Household,Air Freshener,49,1017.8402547228388,49874.17,34799.7,15074.47,0
2024-09,Lagos,Convenience Store,Household,Air Freshener,31,1118.8197752555172,34683.41,25758.8,8924.61,0
2024-09,Lagos,Online,Household,Air Freshener,18,641.6511719877999,11549.72,7669.08,3880.64,0
2024-09,Lagos,Supermarket,Dairy,Milk 1L,67,836.2554484104055,56029.12,41198.37,14830.75,1
2024-09,Lagos,Open Market/Kiosk,Dairy,Milk 1L,100,653.5226554247158,65352.27,43155.15,22197.12,0
2024-09,Lagos,Convenience Store,Dairy,Milk 1L,45,639.4571676886583,28775.57,19300.6,9474.97,0
2024-09,Lagos,Online,Dairy,Milk 1L,29,895.5645417815672,25971.37,18529.69,7441.68,0
2024-09,Lagos,Supermarket,Dairy,Yogurt 200ml,43,761.5864622997265,32748.22,23289.65,9458.57,0
2024-09,Lagos,Open Market/Kiosk,Dairy,Yogurt 200ml,71,761.0238861423529,54032.7,33619.09,20413.61,0
2024-09,Lagos,Convenience Store,Dairy,Yogurt 200ml,44,250.94270578423266,11041.48,7012.71,4028.77,0
2024-09,Lagos,Online,Dairy,Yogurt 200ml,14,700.1819657865607,9802.55,6546.53,3256.02,0
2024-09,Lagos,Supermarket,Dairy,Butter 250g,49,685.3542999242864,33582.36,23425.41,10156.95,0
2024-09,Lagos,Open Market/Kiosk,Dairy,Butter 250g,95,777.0596301872145,73820.66,49101.09,24719.57,0
2024-09,Lagos,Convenience Store,Dairy,Butter 250g,34,770.9371015351792,26211.86,17791.92,8419.94,0
2024-09,Lagos,Online,Dairy,Butter 250g,24,659.2567168717094,15822.16,10000.03,5822.13,0
2024-09,Abuja,Supermarket,Beverages,Cola 50cl,43,286.6085494169172,12324.17,8569.56,3754.61,0
2024-09,Abuja,Open Market/Kiosk,Beverages,Cola 50cl,45,192.12330769857235,8645.55,5514.21,3131.34,0
2024-09,Abuja,Convenience Store,Beverages,Cola 50cl,35,272.8659082121461,9550.31,6202.57,3347.74,0
2024-09,Abuja,Online,Beverages,Cola 50cl,16,297.05920960410225,4752.95,2866.86,1886.09,0
2024-09,Abuja,Supermarket,Beverages,Malt Drink 33cl,41,349.626023184765,14334.67,9983.72,4350.95,0
2024-09,Abuja,Open Market/Kiosk,Beverages,Malt Drink 33cl,30,231.47666516088677,6944.3,5086.86,1857.44,0
2024-09,Abuja,Convenience Store,Beverages,Malt Drink 33cl,22,160.7267082048896,3535.99,2507.29,1028.7,0
2024-09,Abuja,Online,Beverages,Malt Drink 33cl,30,300.6199359543267,9018.6,5813.48,3205.12,0
2024-09,Abuja,Supermarket,Beverages,Bottled Water 75cl,32,296.19300631718625,9478.18,5961.23,3516.95,0
2024-09,Abuja,Open Market/Kiosk,Beverages,Bottled Water 75cl,71,290.81660718012597,20647.98,14069.24,6578.74,1
2024-09,Abuja,Convenience Store,Beverages,Bottled Water 75cl,22,278.4106495311779,6125.03,4458.64,1666.39,0
2024-09,Abuja,Online,Beverages,Bottled Water 75cl,14,326.4986254838293,4570.98,2806.53,1764.45,0
2024-09,Abuja,Supermarket,Snacks,Biscuit Pack,48,392.7658564059596,18852.76,12631.96,6220.8,0
2024-09,Abuja,Open Market/Kiosk,Snacks,Biscuit Pack,59,337.2896196606097,19900.09,14039.22,5860.87,1
2024-09,Abuja,Convenience Store,Snacks,Biscuit Pack,24,198.37586541143494,4761.02,2893.02,1868.0,0
2024-09,Abuja,Online,Snacks,Biscuit Pack,30,182.76964507655435,5483.09,3786.62,1696.47,0
2024-09,Abuja,Supermarket,Snacks,Chips 45g,58,217.51255924443177,12615.73,8359.34,4256.39,0
2024-09,Abuja,Open Market/Kiosk,Snacks,Chips 45g,38,211.96742296649433,8054.76,5209.35,2845.41,0
2024-09,Abuja,Convenience Store,Snacks,Chips 45g,16,271.2325053898911,4339.72,2684.94,1654.78,0
2024-09,Abuja,Online,Snacks,Chips 45g,18,177.27070975710913,3190.87,2209.94,980.93,0
2024-09,Abuja,Supermarket,Snacks,Chocolate Bar,25,283.1527945713984,7078.82,5280.61,1798.21,0
2024-09,Abuja,Open Market/Kiosk,Snacks,Chocolate Bar,82,337.60641795382736,27683.73,18147.74,9535.99,0
2024-09,Abuja,Convenience Store,Snacks,Chocolate Bar,34,347.96279682171297,11830.74,7785.83,4044.91,0
2024-09,Abuja,Online,Snacks,Chocolate Bar,21,348.6375115900587,7321.39,5156.66,2164.73,0
2024-09,Abuja,Supermarket,Personal Care,Soap Bar,42,747.9830451917112,31415.29,20457.9,10957.39,0
2024-09,Abuja,Open Market/Kiosk,Personal Care,Soap Bar,47,747.8271333361823,35147.88,23773.71,11374.17,0
2024-09,Abuja,Convenience Store,Personal Care,Soap Bar,37,544.7936786342153,20157.37,14240.22,5917.15,0
2024-09,Abuja,Online,Personal Care,Soap Bar,19,310.6977679626453,5903.26,3737.02,2166.24,0
2024-09,Abuja,Supermarket,Personal Care,Toothpaste 100g,38,427.22151881889357,16234.42,11587.85,4646.57,0
2024-09,Abuja,Open Market/Kiosk,Personal Care,Toothpaste 100g,70,370.93317522963076,25965.32,17916.67,8048.65,0
2024-09,Abuja,Convenience Store,Personal Care,Toothpaste 100g,28,695.9643388159909,19487.0,14365.47,5121.53,0
2024-09,Abuja,Online,Personal Care,Toothpaste 100g,24,437.12515592885836,10491.0,7206.53,3284.47,1
2024-09,Abuja,Supermarket,Personal Care,Shampoo 200ml,48,470.0776812337127,22563.73,15333.87,7229.86,0
2024-09,Abuja,Open Market/Kiosk,Personal Care,Shampoo 200ml,60,897.6194460479813,53857.17,33320.63,20536.54,0
2024-09,Abuja,Convenience Store,Personal Care,Shampoo 200ml,22,1082.204388039884,23808.5,15436.94,8371.56,0
2024-09,Abuja,Online,Personal Care,Shampoo 200ml,26,1000.715939362121,26018.61,18087.47,7931.14,0
2024-09,Abuja,Supermarket,Household,Detergent 1kg,47,1498.2233680089194,70416.5,46687.37,23729.13,0
2024-09,Abuja,Open Market/Kiosk,Household,Detergent 1kg,48,1002.2918737541564,48110.01,30460.72,17649.29,0
2024-09,Abuja,Convenience Store,Household,Detergent 1kg,28,993.0734957057344,27806.06,18375.7,9430.36,0
2024-09,Abuja,Online,Household,Detergent 1kg,14,749.5518125293604,10493.73,6836.35,3657.38,0
2024-09,Abuja,Supermarket,Household,Bleach 500ml,63,463.385719852578,29193.3,17804.22,11389.08,0
2024-09,Abuja,Open Market/Kiosk,Household,Bleach 500ml,46,1055.0713508662775,48533.28,32887.89,15645.39,1
2024-09,Abuja,Convenience Store,Household,Bleach 500ml,35,1455.332973688202,50936.65,32825.51,18111.14,0
2024-09,Abuja,Online,Household,Bleach 500ml,22,1447.2267048865303,31838.99,22708.87,9130.12,0
2024-09,Abuja,Supermarket,Household,Air Freshener,28,416.1471585745088,11652.12,6991.46,4660.66,0
2024-09,Abuja,Open Market/Kiosk,Household,Air Freshener,38,963.5632807965412,36615.4,24782.56,11832.84,0
2024-09,Abuja,Convenience Store,Household,Air Freshener,24,685.4123476170264,16449.9,10787.14,5662.76,0
2024-09,Abuja,Online,Household,Air Freshener,21,613.5141438838189,12883.8,8366.94,4516.86,0
2024-09,Abuja,Supermarket,Dairy,Milk 1L,33,606.8844109074848,20027.19,12762.98,7264.21,0
2024-09,Abuja,Open Market/Kiosk,Dairy,Milk 1L,45,480.02226420134656,21601.0,14452.81,7148.19,0
2024-09,Abuja,Convenience Store,Dairy,Milk 1L,49,885.3233084944652,43380.84,26681.51,16699.33,0
2024-09,Abuja,Online,Dairy,Milk 1L,25,829.8151487122078,20745.38,14695.56,6049.82,0
2024-09,Abuja,Supermarket,Dairy,Yogurt 200ml,45,690.0226594175831,31051.02,21005.01,10046.01,1
2024-09,Abuja,Open Market/Kiosk,Dairy,Yogurt 200ml,44,336.59930972994755,14810.37,8898.13,5912.24,0
2024-09,Abuja,Convenience Store,Dairy,Yogurt 200ml,40,287.39449920185206,11495.78,7112.67,4383.11,0
2024-09,Abuja,Online,Dairy,Yogurt 200ml,18,298.1129936663312,5366.03,3409.76,1956.27,0
2024-09,Abuja,Supermarket,Dairy,Butter 250g,42,575.7267762652061,24180.52,16852.09,7328.43,0
2024-09,Abuja,Open Market/Kiosk,Dairy,Butter 250g,55,311.89175139511536,17154.05,10944.53,6209.52,0
2024-09,Abuja,Convenience Store,Dairy,Butter 250g,37,375.1884941199485,13881.97,9916.45,3965.52,0
2024-09,Abuja,Online,Dairy,Butter 250g,23,439.1431847840731,10100.29,6721.33,3378.96,0
2024-09,Port Harcourt,Supermarket,Beverages,Cola 50cl,23,288.72990287793095,6640.79,4545.21,2095.58,0
2024-09,Port Harcourt,Open Market/Kiosk,Beverages,Cola 50cl,57,161.35614785126137,9197.3,6675.61,2521.69,0
2024-09,Port Harcourt,Convenience Store,Beverages,Cola 50cl,38,296.4124194138682,11263.67,8314.85,2948.82,0
2024-09,Port Harcourt,Online,Beverages,Cola 50cl,18,239.4481416457018,4310.07,2702.72,1607.35,0
2024-09,Port Harcourt,Supermarket,Beverages,Malt Drink 33cl,41,152.7088647848804,6261.06,4225.03,2036.03,0
2024-09,Port Harcourt,Open Market/Kiosk,Beverages,Malt Drink 33cl,59,294.13685005426305,17354.07,12099.55,5254.52,0
2024-09,Port Harcourt,Convenience Store,Beverages,Malt Drink 33cl,41,344.91223674735227,14141.4,8644.06,5497.34,0
2024-09,Port Harcourt,Online,Beverages,Malt Drink 33cl,11,304.2363392236456,3346.6,2010.99,1335.61,0
2024-09,Port Harcourt,Supermarket,Beverages,Bottled Water 75cl,44,194.81048240647002,8571.66,5581.23,2990.43,0
2024-09,Port Harcourt,Open Market/Kiosk,Beverages,Bottled Water 75cl,42,257.7263295064608,10824.51,7050.37,3774.14,0
2024-09,Port Harcourt,Convenience Store,Beverages,Bottled Water 75cl,33,340.60083104194405,11239.83,7543.37,3696.46,0
2024-09,Port Harcourt,Online,Beverages,Bottled Water 75cl,14,265.71929393590926,3720.07,2612.36,1107.71,0
2024-09,Port Harcourt,Supermarket,Snacks,Biscuit Pack,43,301.0796034141355,12946.42,7812.96,5133.46,0
2024-09,Port Harcourt,Open Market/Kiosk,Snacks,Biscuit Pack,31,181.06875196227213,5613.13,4196.78,1416.35,0
2024-09,Port Harcourt,Convenience Store,Snacks,Biscuit Pack,33,151.4050728885935,4996.37,3642.97,1353.4,0
2024-09,Port Harcourt,Online,Snacks,Biscuit Pack,13,256.08661926145135,3329.13,2257.54,1071.59,0
2024-09,Port Harcourt,Supermarket,Snacks,Chips 45g,51,222.61777848287943,11353.51,7253.13,4100.38,0
2024-09,Port Harcourt,Open Market/Kiosk,Snacks,Chips 45g,66,217.16429401733797,14332.84,8858.58,5474.26,0
2024-09,Port Harcourt,Convenience Store,Snacks,Chips 45g,26,327.3471982091364,8511.03,6191.51,2319.52,0
2024-09,Port Harcourt,Online,Snacks,Chips 45g,12,234.50503211225836,2814.06,2006.93,807.13,0
2024-09,Port Harcourt,Supermarket,Snacks,Chocolate Bar,35,161.67689837417305,5658.69,4213.65,1445.04,0
2024-09,Port Harcourt,Open Market/Kiosk,Snacks,Chocolate Bar,51,201.72102583568392,10287.77,6902.56,3385.21,0
2024-09,Port Harcourt,Convenience Store,Snacks,Chocolate Bar,30,289.8487939163835,8695.46,5971.63,2723.83,0
2024-09,Port Harcourt,Online,Snacks,Chocolate Bar,13,227.7777338074231,2961.11,1888.25,1072.86,0
2024-09,Port Harcourt,Supermarket,Personal Care,Soap Bar,43,737.9694138404033,31732.68,20316.22,11416.46,0
2024-09,Port Harcourt,Open Market/Kiosk,Personal Care,Soap Bar,69,930.7690300282484,64223.06,41722.01,22501.05,0
2024-09,Port Harcourt,Convenience Store,Personal Care,Soap Bar,23,475.3344299364163,10932.69,7756.04,3176.65,0
2024-09,Port Harcourt,Online,Personal Care,Soap Bar,10,303.84761219444187,3038.48,1940.77,1097.71,0
2024-09,Port Harcourt,Supermarket,Personal Care,Toothpaste 100g,43,1108.4955923314678,47665.31,33201.79,14463.52,1
2024-09,Port Harcourt,Open Market/Kiosk,Personal Care,Toothpaste 100g,61,520.1035958381603,31726.32,23592.68,8133.64,0
2024-09,Port Harcourt,Convenience Store,Personal Care,Toothpaste 100g,28,836.8010305570775,23430.43,15399.05,8031.38,0
2024-09,Port Harcourt,Online,Personal Care,Toothpaste 100g,16,375.0819079900382,6001.31,3906.68,2094.63,0
2024-09,Port Harcourt,Supermarket,Personal Care,Shampoo 200ml,28,1174.117649592316,32875.29,19859.88,13015.41,0
2024-09,Port Harcourt,Open Market/Kiosk,Personal Care,Shampoo 200ml,39,1115.850248862066,43518.16,26392.91,17125.25,0
2024-09,Port Harcourt,Convenience Store,Personal Care,Shampoo 200ml,27,587.7790049214539,15870.03,11693.52,4176.51,0
2024-09,Port Harcourt,Online,Personal Care,Shampoo 200ml,23,419.7884419464698,9655.13,5826.88,3828.25,0
2024-09,Port Harcourt,Supermarket,Household,Detergent 1kg,53,611.5877200055918,32414.15,22486.03,9928.12,0
2024-09,Port Harcourt,Open Market/Kiosk,Household,Detergent 1kg,54,434.26327811163367,23450.22,16777.99,6672.23,0
2024-09,Port Harcourt,Convenience Store,Household,Detergent 1kg,43,696.457104225131,29947.66,21854.95,8092.71,0
2024-09,Port Harcourt,Online,Household,Detergent 1kg,24,1210.5922127500576,29054.21,17469.58,11584.63,0
2024-09,Port Harcourt,Supermarket,Household,Bleach 500ml,50,1460.7881863041823,73039.41,52909.76,20129.65,0
2024-09,Port Harcourt,Open Market/Kiosk,Household,Bleach 500ml,43,984.0381041796012,42313.64,25888.51,16425.13,0
2024-09,Port Harcourt,Convenience Store,Household,Bleach 500ml,37,1316.6010526344303,48714.24,32179.38,16534.86,0
2024-09,Port Harcourt,Online,Household,Bleach 500ml,16,1093.3349253162155,17493.36,12967.7,4525.66,1
2024-09,Port Harcourt,Supermarket,Household,Air Freshener,40,1456.6066310852366,58264.27,35910.38,22353.89,0
2024-09,Port Harcourt,Open Market/Kiosk,Household,Air Freshener,46,1145.6363027375182,52699.27,37190.95,15508.32,0
2024-09,Port Harcourt,Convenience Store,Household,Air Freshener,46,860.8481847924465,39599.02,29051.29,10547.73,0
2024-09,Port Harcourt,Online,Household,Air Freshener,12,1463.8279602612727,17565.94,12331.87,5234.07,0
2024-09,Port Harcourt,Supermarket,Dairy,Milk 1L,34,708.2548581784893,24080.67,18033.29,6047.38,0
2024-09,Port Harcourt,Open Market/Kiosk,Dairy,Milk 1L,48,316.35197853322165,15184.89,9288.43,5896.46,0
2024-09,Port Harcourt,Convenience Store,Dairy,Milk 1L,15,521.9728594487631,7829.59,5062.34,2767.25,0
2024-09,Port Harcourt,Online,Dairy,Milk 1L,19,740.9978377513019,14078.96,8744.67,5334.29,0
2024-09,Port Harcourt,Supermarket,Dairy,Yogurt 200ml,49,586.8818455919753,28757.21,19208.53,9548.68,0
2024-09,Port Harcourt,Open Market/Kiosk,Dairy,Yogurt 200ml,50,651.9570648765473,32597.85,21418.18,11179.67,0
2024-09,Port Harcourt,Convenience Store,Dairy,Yogurt 200ml,31,889.1590384642031,27563.93,17749.34,9814.59,0
2024-09,Port Harcourt,Online,Dairy,Yogurt 200ml,16,756.3964415892043,12102.34,8642.89,3459.45,0
2024-09,Port Harcourt,Supermarket,Dairy,Butter 250g,50,488.5511323850744,24427.56,16724.02,7703.54,0
2024-09,Port Harcourt,Open Market/Kiosk,Dairy,Butter 250g,55,815.9550720839735,44877.53,29284.63,15592.9,0
2024-09,Port Harcourt,Convenience Store,Dairy,Butter 250g,35,680.0574599960537,23802.01,14843.22,8958.79,0
2024-09,Port Harcourt,Online,Dairy,Butter 250g,15,321.0754351438229,4816.13,3607.51,1208.62,0
2024-09,Kano,Supermarket,Beverages,Cola 50cl,51,235.73064357045368,12022.26,7321.58,4700.68,0
2024-09,Kano,Open Market/Kiosk,Beverages,Cola 50cl,49,157.45374455270797,7715.23,4919.88,2795.35,0
2024-09,Kano,Convenience Store,Beverages,Cola 50cl,27,159.92687080731568,4318.03,3234.7,1083.33,0
2024-09,Kano,Online,Beverages,Cola 50cl,17,228.52901636724164,3884.99,2465.34,1419.65,0
2024-09,Kano,Supermarket,Beverages,Malt Drink 33cl,50,159.2842770893508,7964.21,5352.77,2611.44,0
2024-09,Kano,Open Market/Kiosk,Beverages,Malt Drink 33cl,31,221.39031390281727,6863.1,4905.72,1957.38,0
2024-09,Kano,Convenience Store,Beverages,Malt Drink 33cl,25,314.5267110632329,7863.17,5177.51,2685.66,0
2024-09,Kano,Online,Beverages,Malt Drink 33cl,11,269.39024343214714,2963.29,1835.94,1127.35,0
2024-09,Kano,Supermarket,Beverages,Bottled Water 75cl,39,283.0773247570064,11040.02,7390.7,3649.32,0
2024-09,Kano,Open Market/Kiosk,Beverages,Bottled Water 75cl,28,165.56002266441976,4635.68,3301.06,1334.62,0
2024-09,Kano,Convenience Store,Beverages,Bottled Water 75cl,19,267.07844220732886,5074.49,3674.73,1399.76,0
2024-09,Kano,Online,Beverages,Bottled Water 75cl,16,307.11761681058397,4913.88,3552.96,1360.92,0
2024-09,Kano,Supermarket,Snacks,Biscuit Pack,30,215.6145259824602,6468.44,4710.46,1757.98,0
2024-09,Kano,Open Market/Kiosk,Snacks,Biscuit Pack,31,320.68243195063496,9941.16,6213.48,3727.68,0
2024-09,Kano,Convenience Store,Snacks,Biscuit Pack,16,286.93320627641685,4590.93,2754.72,1836.21,0
2024-09,Kano,Online,Snacks,Biscuit Pack,13,250.54603475809012,3257.1,2428.36,828.74,0
2024-09,Kano,Supermarket,Snacks,Chips 45g,23,380.03199677207783,8740.74,6243.92,2496.82,0
2024-09,Kano,Open Market/Kiosk,Snacks,Chips 45g,47,312.0098767086289,14664.46,8846.64,5817.82,0
2024-09,Kano,Convenience Store,Snacks,Chips 45g,12,293.97750513707797,3527.73,2466.48,1061.25,0
2024-09,Kano,Online,Snacks,Chips 45g,17,243.94605442223204,4147.08,3026.11,1120.97,0
2024-09,Kano,Supermarket,Snacks,Chocolate Bar,44,370.67649081300556,16309.77,10237.71,6072.06,0
2024-09,Kano,Open Market/Kiosk,Snacks,Chocolate Bar,51,310.9216065721438,15857.0,10514.87,5342.13,0
2024-09,Kano,Convenience Store,Snacks,Chocolate Bar,15,344.0357725692353,5160.54,3757.18,1403.36,0
2024-09,Kano,Online,Snacks,Chocolate Bar,11,232.80336236324246,2560.84,1647.38,913.46,0
2024-09,Kano,Supermarket,Personal Care,Soap Bar,40,654.3843603416069,26175.37,18069.64,8105.73,0
2024-09,Kano,Open Market/Kiosk,Personal Care,Soap Bar,44,675.2625815682968,29711.55,19892.16,9819.39,0
2024-09,Kano,Convenience Store,Personal Care,Soap Bar,20,741.445186473318,14828.9,10684.76,4144.14,0
2024-09,Kano,Online,Personal Care,Soap Bar,13,325.98864233916277,4237.85,3157.65,1080.2,0
2024-09,Kano,Supermarket,Personal Care,Toothpaste 100g,22,410.9826110478101,9041.62,6542.32,2499.3,0
2024-09,Kano,Open Market/Kiosk,Personal Care,Toothpaste 100g,30,717.7252821368103,21531.76,13657.45,7874.31,0
2024-09,Kano,Convenience Store,Personal Care,Toothpaste 100g,27,798.9462352483589,21571.55,16163.59,5407.96,0
2024-09,Kano,Online,Personal Care,Toothpaste 100g,25,1047.7616546175434,26194.04,17028.57,9165.47,0
2024-09,Kano,Supermarket,Personal Care,Shampoo 200ml,30,895.3437183728859,26860.31,19474.72,7385.59,0
2024-09,Kano,Open Market/Kiosk,Personal Care,Shampoo 200ml,43,408.5097144795004,17565.92,11958.01,5607.91,0
2024-09,Kano,Convenience Store,Personal Care,Shampoo 200ml,43,362.8532577986127,15602.69,10287.74,5314.95,0
2024-09,Kano,Online,Personal Care,Shampoo 200ml,20,898.4829227142277,17969.66,12975.19,4994.47,1
2024-09,Kano,Supermarket,Household,Detergent 1kg,38,623.7983555821504,23704.34,16905.47,6798.87,0
2024-09,Kano,Open Market/Kiosk,Household,Detergent 1kg,42,464.69032670395006,19516.99,11926.1,7590.89,0
2024-09,Kano,Convenience Store,Household,Detergent 1kg,21,1441.8311070717887,30278.45,20794.49,9483.96,0
2024-09,Kano,Online,Household,Detergent 1kg,17,1175.6234874688782,19985.6,12025.26,7960.34,0
2024-09,Kano,Supermarket,Household,Bleach 500ml,46,910.615453309442,41888.31,26142.83,15745.48,0
2024-09,Kano,Open Market/Kiosk,Household,Bleach 500ml,44,1086.9352117183828,47825.15,29007.31,18817.84,0
2024-09,Kano,Convenience Store,Household,Bleach 500ml,27,428.30533528083225,11564.24,7498.7,4065.54,0
2024-09,Kano,Online,Household,Bleach 500ml,21,489.8862327399353,10287.61,6374.48,3913.13,0
2024-09,Kano,Supermarket,Household,Air Freshener,24,576.0837787426965,13826.01,8669.86,5156.15,0
2024-09,Kano,Open Market/Kiosk,Household,Air Freshener,39,800.638749223108,31224.91,21514.52,9710.39,0
2024-09,Kano,Convenience Store,Household,Air Freshener,19,736.7689183453108,13998.61,9063.43,4935.18,0
2024-09,Kano,Online,Household,Air Freshener,23,443.2102427277511,10193.84,6242.81,3951.03,0
2024-09,Kano,Supermarket,Dairy,Milk 1L,43,704.7207143995162,30302.99,21389.82,8913.17,0
2024-09,Kano,Open Market/Kiosk,Dairy,Milk 1L,37,859.7554186855001,31810.95,23394.93,8416.02,0
2024-09,Kano,Convenience Store,Dairy,Milk 1L,35,325.85614947536385,11404.97,8416.43,2988.54,0
2024-09,Kano,Online,Dairy,Milk 1L,14,438.8862043247448,6144.41,4147.54,1996.87,0
2024-09,Kano,Supermarket,Dairy,Yogurt 200ml,29,277.2828193795541,8041.2,5410.01,2631.19,0
2024-09,Kano,Open Market/Kiosk,Dairy,Yogurt 200ml,41,372.5144538589515,15273.09,9749.52,5523.57,0
2024-09,Kano,Convenience Store,Dairy,Yogurt 200ml,25,257.8033366896593,6445.08,3923.96,2521.12,0
2024-09,Kano,Online,Dairy,Yogurt 200ml,10,862.0013250354847,8620.01,5972.52,2647.49,0
2024-09,Kano,Supermarket,Dairy,Butter 250g,24,502.05623267970043,12049.35,8753.31,3296.04,0
2024-09,Kano,Open Market/Kiosk,Dairy,Butter 250g,49,653.8059303260898,32036.49,21341.31,10695.18,0
2024-09,Kano,Convenience Store,Dairy,Butter 250g,29,862.9174965680053,25024.61,16251.19,8773.42,0
2024-09,Kano,Online,Dairy,Butter 250g,20,415.82563701584274,8316.51,5028.8,3287.71,0
2024-09,Ibadan,Supermarket,Beverages,Cola 50cl,35,254.68276542362256,8913.9,5843.77,3070.13,1
2024-09,Ibadan,Open Market/Kiosk,Beverages,Cola 50cl,27,255.49727575906715,6898.43,4935.28,1963.15,0
2024-09,Ibadan,Convenience Store,Beverages,Cola 50cl,16,285.51964215768845,4568.31,3182.81,1385.5,0
2024-09,Ibadan,Online,Beverages,Cola 50cl,21,288.97121595786393,6068.4,3649.43,2418.97,0
2024-09,Ibadan,Supermarket,Beverages,Malt Drink 33cl,29,280.3059370730015,8128.87,5318.86,2810.01,0
2024-09,Ibadan,Open Market/Kiosk,Beverages,Malt Drink 33cl,31,293.07070925357715,9085.19,6372.87,2712.32,0
2024-09,Ibadan,Convenience Store,Beverages,Malt Drink 33cl,13,292.61087920525745,3803.94,2345.79,1458.15,0
2024-09,Ibadan,Online,Beverages,Malt Drink 33cl,15,259.2124993260916,3888.19,2633.99,1254.2,0
2024-09,Ibadan,Supermarket,Beverages,Bottled Water 75cl,21,313.89335029888434,6591.76,4916.12,1675.64,0
2024-09,Ibadan,Open Market/Kiosk,Beverages,Bottled Water 75cl,34,228.25966719661375,7760.83,5096.13,2664.7,0
2024-09,Ibadan,Convenience Store,Beverages,Bottled Water 75cl,15,239.01522839859106,3585.23,2369.92,1215.31,0
2024-09,Ibadan,Online,Beverages,Bottled Water 75cl,9,340.7951428161085,3067.16,1938.14,1129.02,0
2024-09,Ibadan,Supermarket,Snacks,Biscuit Pack,56,380.83780626454023,21326.92,15093.84,6233.08,0
2024-09,Ibadan,Open Market/Kiosk,Snacks,Biscuit Pack,27,203.80512226918285,5502.74,3893.49,1609.25,0
2024-09,Ibadan,Convenience Store,Snacks,Biscuit Pack,30,318.8944625263657,9566.83,5792.29,3774.54,0
2024-09,Ibadan,Online,Snacks,Biscuit Pack,14,255.62093073669828,3578.69,2428.2,1150.49,0
2024-09,Ibadan,Supermarket,Snacks,Chips 45g,31,392.87723191522633,12179.19,8924.1,3255.09,0
2024-09,Ibadan,Open Market/Kiosk,Snacks,Chips 45g,42,375.27483520895237,15761.54,10177.45,5584.09,0
2024-09,Ibadan,Convenience Store,Snacks,Chips 45g,19,388.2623068063816,7376.98,4688.77,2688.21,0
2024-09,Ibadan,Online,Snacks,Chips 45g,19,182.91424633188058,3475.37,2321.11,1154.26,0
2024-09,Ibadan,Supermarket,Snacks,Chocolate Bar,23,110.7639045366547,2547.57,1556.65,990.92,0
2024-09,Ibadan,Open Market/Kiosk,Snacks,Chocolate Bar,37,102.78004883698901,3802.86,2828.78,974.08,0
2024-09,Ibadan,Convenience Store,Snacks,Chocolate Bar,17,349.64433620311377,5943.95,4241.21,1702.74,0
2024-09,Ibadan,Online,Snacks,Chocolate Bar,10,243.60407626005244,2436.04,1622.46,813.58,0
2024-09,Ibadan,Supermarket,Personal Care,Soap Bar,19,823.2092433657689,15640.98,10264.23,5376.75,0
2024-09,Ibadan,Open Market/Kiosk,Personal Care,Soap Bar,24,481.0215996088788,11544.52,8166.36,3378.16,0
2024-09,Ibadan,Convenience Store,Personal Care,Soap Bar,24,676.2464426667202,16229.91,10977.57,5252.34,1
2024-09,Ibadan,Online,Personal Care,Soap Bar,15,591.8322006281659,8877.48,6109.56,2767.92,0
2024-09,Ibadan,Supermarket,Personal Care,Toothpaste 100g,37,896.1303856680127,33156.82,23967.75,9189.07,0
2024-09,Ibadan,Open Market/Kiosk,Personal Care,Toothpaste 100g,35,327.33649089441343,11456.78,7121.68,4335.1,0
2024-09,Ibadan,Convenience Store,Personal Care,Toothpaste 100g,29,404.4962278693957,11730.39,7748.64,3981.75,0
2024-09,Ibadan,Online,Personal Care,Toothpaste 100g,15,618.041898238981,9270.63,6703.98,2566.65,0
2024-09,Ibadan,Supermarket,Personal Care,Shampoo 200ml,33,415.5557839478988,13713.34,10038.66,3674.68,0
2024-09,Ibadan,Open Market/Kiosk,Personal Care,Shampoo 200ml,21,775.1743588275293,16278.66,11753.72,4524.94,1
2024-09,Ibadan,Convenience Store,Personal Care,Shampoo 200ml,17,742.3610315036265,12620.14,8226.14,4394.0,0
2024-09,Ibadan,Online,Personal Care,Shampoo 200ml,15,357.1969170409252,5357.95,3564.22,1793.73,0
2024-09,Ibadan,Supermarket,Household,Detergent 1kg,26,1113.7882377967835,28958.49,20899.57,8058.92,0
2024-09,Ibadan,Open Market/Kiosk,Household,Detergent 1kg,30,1052.905098454771,31587.15,19890.9,11696.25,0
2024-09,Ibadan,Convenience Store,Household,Detergent 1kg,31,496.1146074974698,15379.55,9641.5,5738.05,0
2024-09,Ibadan,Online,Household,Detergent 1kg,12,920.2020413571586,11042.42,8053.65,2988.77,0
2024-09,Ibadan,Supermarket,Household,Bleach 500ml,26,1281.7923350091633,33326.6,20780.26,12546.34,0
2024-09,Ibadan,Open Market/Kiosk,Household,Bleach 500ml,47,502.1485677445758,23600.98,15787.4,7813.58,0
2024-09,Ibadan,Convenience Store,Household,Bleach 500ml,20,1281.1966350174994,25623.93,16735.39,8888.54,0
2024-09,Ibadan,Online,Household,Bleach 500ml,8,1105.278976429695,8842.23,6200.49,2641.74,0
2024-09,Ibadan,Supermarket,Household,Air Freshener,40,1283.6442034279426,51345.77,34187.35,17158.42,0
2024-09,Ibadan,Open Market/Kiosk,Household,Air Freshener,35,804.7145266541077,28165.01,20540.17,7624.84,0
2024-09,Ibadan,Convenience Store,Household,Air Freshener,15,700.4800594609608,10507.2,6413.52,4093.68,0
2024-09,Ibadan,Online,Household,Air Freshener,11,716.9889432021771,7886.88,5160.94,2725.94,0
2024-09,Ibadan,Supermarket,Dairy,Milk 1L,33,374.86576738960304,12370.57,7619.89,4750.68,0
2024-09,Ibadan,Open Market/Kiosk,Dairy,Milk 1L,47,684.9689675757768,32193.54,22918.18,9275.36,0
2024-09,Ibadan,Convenience Store,Dairy,Milk 1L,23,496.0399782511146,11408.92,8437.4,2971.52,0
2024-09,Ibadan,Online,Dairy,Milk 1L,14,297.42262831446635,4163.92,2970.81,1193.11,0
2024-09,Ibadan,Supermarket,Dairy,Yogurt 200ml,30,426.58342434395956,12797.5,8632.29,4165.21,0
2024-09,Ibadan,Open Market/Kiosk,Dairy,Yogurt 200ml,35,426.4894465996836,14927.13,9908.26,5018.87,0
2024-09,Ibadan,Convenience Store,Dairy,Yogurt 200ml,17,515.3246581518139,8760.52,6116.27,2644.25,1
2024-09,Ibadan,Online,Dairy,Yogurt 200ml,17,505.2959376159255,8590.03,5558.37,3031.66,1
2024-09,Ibadan,Supermarket,Dairy,Butter 250g,40,786.7352134737697,31469.41,21039.0,10430.41,0
2024-09,Ibadan,Open Market/Kiosk,Dairy,Butter 250g,29,433.866577600814,12582.13,7614.37,4967.76,0
2024-09,Ibadan,Convenience Store,Dairy,Butter 250g,28,865.776847630447,24241.75,15708.47,8533.28,0
2024-09,Ibadan,Online,Dairy,Butter 250g,15,735.724842319232,11035.87,8138.74,2897.13,0
2024-10,Lagos,Supermarket,Beverages,Cola 50cl,47,246.10259723834716,11566.82,7552.48,4014.34,0
2024-10,Lagos,Open Market/Kiosk,Beverages,Cola 50cl,71,227.87223289955693,16178.93,9763.53,6415.4,0
2024-10,Lagos,Convenience Store,Beverages,Cola 50cl,40,152.04760051519906,6081.9,3867.68,2214.22,0
2024-10,Lagos,Online,Beverages,Cola 50cl,23,216.2149477396353,4972.94,3224.81,1748.13,0
2024-10,Lagos,Supermarket,Beverages,Malt Drink 33cl,66,158.57918190621524,10466.23,6686.76,3779.47,0
2024-10,Lagos,Open Market/Kiosk,Beverages,Malt Drink 33cl,103,254.96967090875853,26261.88,16659.33,9602.55,0
2024-10,Lagos,Convenience Store,Beverages,Malt Drink 33cl,28,307.0540131820149,8597.51,5245.45,3352.06,0
2024-10,Lagos,Online,Beverages,Malt Drink 33cl,23,258.80066475110414,5952.42,3696.95,2255.47,0
2024-10,Lagos,Supermarket,Beverages,Bottled Water 75cl,38,274.1226487891948,10416.66,7574.51,2842.15,0
2024-10,Lagos,Open Market/Kiosk,Beverages,Bottled Water 75cl,56,336.8087585294987,18861.29,13335.89,5525.4,0
2024-10,Lagos,Convenience Store,Beverages,Bottled Water 75cl,29,311.52468630035946,9034.22,6067.42,2966.8,1
2024-10,Lagos,Online,Beverages,Bottled Water 75cl,24,197.25754160790424,4734.18,3143.54,1590.64,0
2024-10,Lagos,Supermarket,Snacks,Biscuit Pack,76,108.28491283147889,8229.65,5288.7,2940.95,0
2024-10,Lagos,Open Market/Kiosk,Snacks,Biscuit Pack,48,171.12442147938145,8213.97,5271.87,2942.1,0
2024-10,Lagos,Convenience Store,Snacks,Biscuit Pack,50,352.39094487319227,17619.55,13080.51,4539.04,1
2024-10,Lagos,Online,Snacks,Biscuit Pack,25,156.30419029629326,3907.6,2873.83,1033.77,0
2024-10,Lagos,Supermarket,Snacks,Chips 45g,52,254.15492305606492,13216.06,9896.31,3319.75,0
2024-10,Lagos,Open Market/Kiosk,Snacks,Chips 45g,65,273.2418694358428,17760.72,10685.55,7075.17,0
2024-10,Lagos,Convenience Store,Snacks,Chips 45g,28,146.44939545803402,4100.58,2533.39,1567.19,0
2024-10,Lagos,Online,Snacks,Chips 45g,15,279.3750575203734,4190.63,2665.47,1525.16,0
2024-10,Lagos,Supermarket,Snacks,Chocolate Bar,44,162.90363339852362,7167.76,5145.75,2022.01,0
2024-10,Lagos,Open Market/Kiosk,Snacks,Chocolate Bar,116,359.5786687395417,41711.13,31240.53,10470.6,1
2024-10,Lagos,Convenience Store,Snacks,Chocolate Bar,33,150.33391183132693,4961.02,3136.45,1824.57,0
2024-10,Lagos,Online,Snacks,Chocolate Bar,23,198.01860717625186,4554.43,3249.75,1304.68,0
2024-10,Lagos,Supermarket,Personal Care,Soap Bar,58,517.9958792972332,30043.76,20909.73,9134.03,0
2024-10,Lagos,Open Market/Kiosk,Personal Care,Soap Bar,51,495.4035457353772,25265.58,15506.32,9759.26,1
2024-10,Lagos,Convenience Store,Personal Care,Soap Bar,50,549.4285574216159,27471.43,18757.67,8713.76,0
2024-10,Lagos,Online,Personal Care,Soap Bar,16,1047.760752053479,16764.17,12152.29,4611.88,0
2024-10,Lagos,Supermarket,Personal Care,Toothpaste 100g,56,835.5277680073618,46789.56,33335.93,13453.63,0
2024-10,Lagos,Open Market/Kiosk,Personal Care,Toothpaste 100g,58,1176.5151060933033,68237.88,51055.29,17182.59,0
2024-10,Lagos,Convenience Store,Personal Care,Toothpaste 100g,48,1092.3084672863845,52430.81,32458.23,19972.58,0
2024-10,Lagos,Online,Personal Care,Toothpaste 100g,21,849.128740567976,17831.7,12415.64,5416.06,0
2024-10,Lagos,Supermarket,Personal Care,Shampoo 200ml,33,888.6297062834167,29324.78,21260.65,8064.13,0
2024-10,Lagos,Open Market/Kiosk,Personal Care,Shampoo 200ml,43,874.0534188090845,37584.3,22583.94,15000.36,0
2024-10,Lagos,Convenience Store,Personal Care,Shampoo 200ml,28,547.1082095018818,15319.03,10002.87,5316.16,0
2024-10,Lagos,Online,Personal Care,Shampoo 200ml,25,485.17156384147876,12129.29,7723.29,4406.0,0
2024-10,Lagos,Supermarket,Household,Detergent 1kg,49,559.5247139972108,27416.71,18252.55,9164.16,0
2024-10,Lagos,Open Market/Kiosk,Household,Detergent 1kg,53,658.0271758573022,34875.44,25287.96,9587.48,0
2024-10,Lagos,Convenience Store,Household,Detergent 1kg,30,1308.5666643190157,39257.0,25602.84,13654.16,0
2024-10,Lagos,Online,Household,Detergent 1kg,23,581.1424125687229,13366.28,8873.99,4492.29,0
2024-10,Lagos,Supermarket,Household,Bleach 500ml,38,1137.214069576059,43214.13,32080.2,11133.93,0
2024-10,Lagos,Open Market/Kiosk,Household,Bleach 500ml,58,903.3590438842559,52394.82,32112.93,20281.89,0
2024-10,Lagos,Convenience Store,Household,Bleach 500ml,39,1388.265567150691,54142.36,35945.75,18196.61,1
2024-10,Lagos,Online,Household,Bleach 500ml,28,903.2001203768389,25289.6,16937.23,8352.37,0
2024-10,Lagos,Supermarket,Household,Air Freshener,42,1244.397930371782,52264.71,32781.46,19483.25,0
2024-10,Lagos,Open Market/Kiosk,Household,Air Freshener,81,831.5140034304293,67352.63,42682.88,24669.75,0
2024-10,Lagos,Convenience Store,Household,Air Freshener,31,648.3494889672136,20098.83,12670.4,7428.43,0
2024-10,Lagos,Online,Household,Air Freshener,31,662.8631869474561,20548.76,13227.77,7320.99,0
2024-10,Lagos,Supermarket,Dairy,Milk 1L,65,305.2069191514836,19838.45,13471.58,6366.87,0
2024-10,Lagos,Open Market/Kiosk,Dairy,Milk 1L,93,701.9467619430385,65281.05,44043.13,21237.92,0
2024-10,Lagos,Convenience Store,Dairy,Milk 1L,46,631.3117484301995,29040.34,20816.61,8223.73,0
2024-10,Lagos,Online,Dairy,Milk 1L,23,574.0105987546121,13202.24,9113.9,4088.34,0
2024-10,Lagos,Supermarket,Dairy,Yogurt 200ml,45,326.23814719655684,14680.72,9659.3,5021.42,0
2024-10,Lagos,Open Market/Kiosk,Dairy,Yogurt 200ml,54,492.27542816671183,26582.87,16111.63,10471.24,0
2024-10,Lagos,Convenience Store,Dairy,Yogurt 200ml,50,449.81266477910265,22490.63,16323.13,6167.5,0
2024-10,Lagos,Online,Dairy,Yogurt 200ml,22,774.8372925864534,17046.42,11904.33,5142.09,0
2024-10,Lagos,Supermarket,Dairy,Butter 250g,48,270.6747886006628,12992.39,8853.5,4138.89,0
2024-10,Lagos,Open Market/Kiosk,Dairy,Butter 250g,47,768.0146163540775,36096.69,24534.38,11562.31,0
2024-10,Lagos,Convenience Store,Dairy,Butter 250g,54,395.8105471655267,21373.77,14761.43,6612.34,0
2024-10,Lagos,Online,Dairy,Butter 250g,18,302.498020135326,5444.96,3777.26,1667.7,0
2024-10,Abuja,Supermarket,Beverages,Cola 50cl,60,235.4936291039755,14129.62,9728.3,4401.32,0
2024-10,Abuja,Open Market/Kiosk,Beverages,Cola 50cl,69,307.1364163552062,21192.41,15521.6,5670.81,0
2024-10,Abuja,Convenience Store,Beverages,Cola 50cl,38,211.7795204590808,8047.62,4929.06,3118.56,0
2024-10,Abuja,Online,Beverages,Cola 50cl,29,250.16340861876802,7254.74,4938.67,2316.07,0
2024-10,Abuja,Supermarket,Beverages,Malt Drink 33cl,45,180.85772297161938,8138.6,5265.53,2873.07,0
2024-10,Abuja,Open Market/Kiosk,Beverages,Malt Drink 33cl,41,164.55030505532636,6746.56,4317.47,2429.09,0
2024-10,Abuja,Convenience Store,Beverages,Malt Drink 33cl,31,258.8906430893569,8025.61,5797.85,2227.76,0
2024-10,Abuja,Online,Beverages,Malt Drink 33cl,24,174.40434572623496,4185.7,2589.05,1596.65,0
2024-10,Abuja,Supermarket,Beverages,Bottled Water 75cl,38,246.90746853771049,9382.48,6727.3,2655.18,0
2024-10,Abuja,Open Market/Kiosk,Beverages,Bottled Water 75cl,38,208.28961668639062,7915.01,5185.7,2729.31,0
2024-10,Abuja,Convenience Store,Beverages,Bottled Water 75cl,27,167.40131741121206,4519.84,3090.83,1429.01,0
2024-10,Abuja,Online,Beverages,Bottled Water 75cl,14,248.81720864623222,3483.44,2562.58,920.86,0
2024-10,Abuja,Supermarket,Snacks,Biscuit Pack,35,267.079950642114,9347.8,6000.27,3347.53,0
2024-10,Abuja,Open Market/Kiosk,Snacks,Biscuit Pack,47,361.5275589398013,16991.8,11774.42,5217.38,0
2024-10,Abuja,Convenience Store,Snacks,Biscuit Pack,31,278.1945366976975,8624.03,6013.53,2610.5,0
2024-10,Abuja,Online,Snacks,Biscuit Pack,17,113.58853865275036,1931.01,1385.11,545.9,0
2024-10,Abuja,Supermarket,Snacks,Chips 45g,57,398.15441885661534,22694.8,13695.81,8998.99,0
2024-10,Abuja,Open Market/Kiosk,Snacks,Chips 45g,54,194.87453254458228,10523.22,6683.55,3839.67,0
2024-10,Abuja,Convenience Store,Snacks,Chips 45g,30,130.48364551036394,3914.51,2446.05,1468.46,0
2024-10,Abuja,Online,Snacks,Chips 45g,19,256.0733699830583,4865.39,3064.73,1800.66,0
2024-10,Abuja,Supermarket,Snacks,Chocolate Bar,60,170.52202316922558,10231.32,6666.21,3565.11,0
2024-10,Abuja,Open Market/Kiosk,Snacks,Chocolate Bar,50,219.35640273377115,10967.82,7021.94,3945.88,0
2024-10,Abuja,Convenience Store,Snacks,Chocolate Bar,31,348.20498903234875,10794.35,7445.64,3348.71,0
2024-10,Abuja,Online,Snacks,Chocolate Bar,22,233.2143528513981,5130.72,3753.08,1377.64,0
2024-10,Abuja,Supermarket,Personal Care,Soap Bar,63,477.2712927804389,30068.09,20928.65,9139.44,0
2024-10,Abuja,Open Market/Kiosk,Personal Care,Soap Bar,49,924.589455833249,45304.88,29908.48,15396.4,0
2024-10,Abuja,Convenience Store,Personal Care,Soap Bar,41,731.0702205112318,29973.88,19598.86,10375.02,0
2024-10,Abuja,Online,Personal Care,Soap Bar,16,852.4235330578207,13638.78,9302.1,4336.68,0
2024-10,Abuja,Supermarket,Personal Care,Toothpaste 100g,50,348.84279634489855,17442.14,12071.59,5370.55,0
2024-10,Abuja,Open Market/Kiosk,Personal Care,Toothpaste 100g,57,445.6071610335729,25399.61,17942.94,7456.67,0
2024-10,Abuja,Convenience Store,Personal Care,Toothpaste 100g,33,1107.1041317967456,36534.44,24463.45,12070.99,0
2024-10,Abuja,Online,Personal Care,Toothpaste 100g,25,379.2369069338842,9480.92,6684.28,2796.64,0
2024-10,Abuja,Supermarket,Personal Care,Shampoo 200ml,43,1160.6980799135463,49910.02,34684.11,15225.91,0
2024-10,Abuja,Open Market/Kiosk,Personal Care,Shampoo 200ml,38,361.24414950446754,13727.28,9835.69,3891.59,0
2024-10,Abuja,Convenience Store,Personal Care,Shampoo 200ml,25,900.4863495193946,22512.16,13942.16,8570.0,1
2024-10,Abuja,Online,Personal Care,Shampoo 200ml,15,918.1618836345534,13772.43,9017.33,4755.1,0
2024-10,Abuja,Supermarket,Household,Detergent 1kg,32,629.0917073881752,20130.93,14370.35,5760.58,0
2024-10,Abuja,Open Market/Kiosk,Household,Detergent 1kg,51,780.3406396036919,39797.37,28216.59,11580.78,0
2024-10,Abuja,Convenience Store,Household,Detergent 1kg,32,851.2258794698835,27239.23,19530.78,7708.45,0
2024-10,Abuja,Online,Household,Detergent 1kg,14,1087.9861964866125,15231.81,9544.49,5687.32,0
2024-10,Abuja,Supermarket,Household,Bleach 500ml,56,741.5904528881473,41529.07,27762.18,13766.89,0
2024-10,Abuja,Open Market/Kiosk,Household,Bleach 500ml,47,1018.7833273120201,47882.82,34193.57,13689.25,0
2024-10,Abuja,Convenience Store,Household,Bleach 500ml,34,1209.1086545116352,41109.69,26972.71,14136.98,0
2024-10,Abuja,Online,Household,Bleach 500ml,18,762.1431671074603,13718.58,9974.33,3744.25,1
2024-10,Abuja,Supermarket,Household,Air Freshener,34,604.4986188893494,20552.95,14746.36,5806.59,0
2024-10,Abuja,Open Market/Kiosk,Household,Air Freshener,78,867.9788219815593,67702.35,44177.47,23524.88,0
2024-10,Abuja,Convenience Store,Household,Air Freshener,23,536.6622363002595,12343.23,8966.61,3376.62,0
2024-10,Abuja,Online,Household,Air Freshener,16,1386.0755173600382,22177.21,16481.58,5695.63,0
2024-10,Abuja,Supermarket,Dairy,Milk 1L,63,679.3051505397094,42796.22,31063.78,11732.44,0
2024-10,Abuja,Open Market/Kiosk,Dairy,Milk 1L,64,572.8330176131781,36661.31,23597.53,13063.78,1
2024-10,Abuja,Convenience Store,Dairy,Milk 1L,29,488.5221232890956,14167.14,8691.83,5475.31,0
2024-10,Abuja,Online,Dairy,Milk 1L,16,509.19750143940666,8147.16,5047.27,3099.89,0
2024-10,Abuja,Supermarket,Dairy,Yogurt 200ml,34,327.90903471887646,11148.91,7477.58,3671.33,0
2024-10,Abuja,Open Market/Kiosk,Dairy,Yogurt 200ml,59,345.54938065617995,20387.41,14903.56,5483.85,0
2024-10,Abuja,Convenience Store,Dairy,Yogurt 200ml,31,601.6754456595927,18651.94,12009.72,6642.22,0
2024-10,Abuja,Online,Dairy,Yogurt 200ml,24,689.2510539130685,16542.03,10260.6,6281.43,0
2024-10,Abuja,Supermarket,Dairy,Butter 250g,24,736.8751259538654,17685.0,10909.62,6775.38,0
2024-10,Abuja,Open Market/Kiosk,Dairy,Butter 250g,56,378.1130595284067,21174.33,14295.3,6879.03,0
2024-10,Abuja,Convenience Store,Dairy,Butter 250g,26,660.9473522515615,17184.63,11273.39,5911.24,0
2024-10,Abuja,Online,Dairy,Butter 250g,13,705.9052980859472,9176.77,6701.89,2474.88,0
2024-10,Port Harcourt,Supermarket,Beverages,Cola 50cl,25,155.92357164355485,3898.09,2628.25,1269.84,0
2024-10,Port Harcourt,Open Market/Kiosk,Beverages,Cola 50cl,31,284.83748216173103,8829.96,6441.08,2388.88,0
2024-10,Port Harcourt,Convenience Store,Beverages,Cola 50cl,28,221.6691017345717,6206.73,4481.79,1724.94,1
2024-10,Port Harcourt,Online,Beverages,Cola 50cl,18,174.4854597111271,3140.74,2053.67,1087.07,0
2024-10,Port Harcourt,Supermarket,Beverages,Malt Drink 33cl,42,194.81340938304248,8182.16,5697.48,2484.68,0
2024-10,Port Harcourt,Open Market/Kiosk,Beverages,Malt Drink 33cl,32,251.52976593685997,8048.95,5561.22,2487.73,0
2024-10,Port Harcourt,Convenience Store,Beverages,Malt Drink 33cl,30,254.11307922827297,7623.39,5380.94,2242.45,0
2024-10,Port Harcourt,Online,Beverages,Malt Drink 33cl,18,297.6504087153847,5357.71,3317.07,2040.64,0
2024-10,Port Harcourt,Supermarket,Beverages,Bottled Water 75cl,30,279.52110211634295,8385.63,5760.99,2624.64,1
2024-10,Port Harcourt,Open Market/Kiosk,Beverages,Bottled Water 75cl,44,298.03456804734236,13113.52,8084.34,5029.18,0
2024-10,Port Harcourt,Convenience Store,Beverages,Bottled Water 75cl,13,298.92964819111506,3886.09,2556.99,1329.1,0
2024-10,Port Harcourt,Online,Beverages,Bottled Water 75cl,12,322.14210465939766,3865.71,2639.31,1226.4,0
2024-10,Port Harcourt,Supermarket,Snacks,Biscuit Pack,37,171.5877846137816,6348.75,3903.57,2445.18,0
2024-10,Port Harcourt,Open Market/Kiosk,Snacks,Biscuit Pack,43,119.53140775147398,5139.85,3493.82,1646.03,0
2024-10,Port Harcourt,Convenience Store,Snacks,Biscuit Pack,18,121.43209018264717,2185.78,1405.41,780.37,0
2024-10,Port Harcourt,Online,Snacks,Biscuit Pack,16,115.15506686795271,1842.48,1146.12,696.36,1
2024-10,Port Harcourt,Supermarket,Snacks,Chips 45g,28,296.3862805600943,8298.82,5456.25,2842.57,0
2024-10,Port Harcourt,Open Market/Kiosk,Snacks,Chips 45g,53,377.3091885057069,19997.39,13273.47,6723.92,0
2024-10,Port Harcourt,Convenience Store,Snacks,Chips 45g,28,150.1440624979329,4204.03,2953.51,1250.52,0
2024-10,Port Harcourt,Online,Snacks,Chips 45g,12,145.22064504423497,1742.65,1052.02,690.63,0
2024-10,Port Harcourt,Supermarket,Snacks,Chocolate Bar,48,174.15928676196935,8359.65,5701.86,2657.79,0
2024-10,Port Harcourt,Open Market/Kiosk,Snacks,Chocolate Bar,35,281.3322749025682,9846.63,6764.04,3082.59,0
2024-10,Port Harcourt,Convenience Store,Snacks,Chocolate Bar,21,254.68931659360973,5348.48,3594.98,1753.5,0
2024-10,Port Harcourt,Online,Snacks,Chocolate Bar,18,397.12950948518727,7148.33,5232.97,1915.36,1
2024-10,Port Harcourt,Supermarket,Personal Care,Soap Bar,41,837.1530407963476,34323.27,25001.09,9322.18,0
2024-10,Port Harcourt,Open Market/Kiosk,Personal Care,Soap Bar,50,1032.0325376817505,51601.63,33316.48,18285.15,0
2024-10,Port Harcourt,Convenience Store,Personal Care,Soap Bar,33,745.0951710874656,24588.14,18055.14,6533.0,0
2024-10,Port Harcourt,Online,Personal Care,Soap Bar,13,1035.6994077932247,13464.09,8330.96,5133.13,1
2024-10,Port Harcourt,Supermarket,Personal Care,Toothpaste 100g,45,390.4172477937352,17568.78,12612.29,4956.49,1
2024-10,Port Harcourt,Open Market/Kiosk,Personal Care,Toothpaste 100g,55,388.3134480121447,21357.24,14637.0,6720.24,0
2024-10,Port Harcourt,Convenience Store,Personal Care,Toothpaste 100g,36,743.6015122513788,26769.65,18446.49,8323.16,0
2024-10,Port Harcourt,Online,Personal Care,Toothpaste 100g,12,1169.8308056140704,14037.97,9142.0,4895.97,0
2024-10,Port Harcourt,Supermarket,Personal Care,Shampoo 200ml,36,483.95850929587175,17422.51,12692.5,4730.01,0
2024-10,Port Harcourt,Open Market/Kiosk,Personal Care,Shampoo 200ml,48,759.3024408975174,36446.52,23763.26,12683.26,0
2024-10,Port Harcourt,Convenience Store,Personal Care,Shampoo 200ml,23,1053.0607642973948,24220.4,16623.52,7596.88,0
2024-10,Port Harcourt,Online,Personal Care,Shampoo 200ml,15,885.5573739619764,13283.36,9016.6,4266.76,1
2024-10,Port Harcourt,Supermarket,Household,Detergent 1kg,31,852.1268407319319,26415.93,16837.13,9578.8,0
2024-10,Port Harcourt,Open Market/Kiosk,Household,Detergent 1kg,31,870.4811292156667,26984.92,18229.12,8755.8,0
2024-10,Port Harcourt,Convenience Store,Household,Detergent 1kg,33,1305.0056498906165,43065.19,27675.48,15389.71,0
2024-10,Port Harcourt,Online,Household,Detergent 1kg,27,694.6851896000942,18756.5,11813.28,6943.22,0
2024-10,Port Harcourt,Supermarket,Household,Bleach 500ml,37,1034.5964938993568,38280.07,27295.77,10984.3,0
2024-10,Port Harcourt,Open Market/Kiosk,Household,Bleach 500ml,59,686.5526965994716,40506.61,29421.01,11085.6,0
2024-10,Port Harcourt,Convenience Store,Household,Bleach 500ml,35,930.5504380743567,32569.27,22032.17,10537.1,0
2024-10,Port Harcourt,Online,Household,Bleach 500ml,24,482.35924121570577,11576.62,7989.9,3586.72,0
2024-10,Port Harcourt,Supermarket,Household,Air Freshener,33,1263.9069688821983,41708.93,25323.42,16385.51,0
2024-10,Port Harcourt,Open Market/Kiosk,Household,Air Freshener,48,1133.7823997041717,54421.56,38157.92,16263.64,0
2024-10,Port Harcourt,Convenience Store,Household,Air Freshener,38,1299.6464444088556,49386.56,36513.59,12872.97,0
2024-10,Port Harcourt,Online,Household,Air Freshener,27,690.7780289019922,18651.01,13821.72,4829.29,0
2024-10,Port Harcourt,Supermarket,Dairy,Milk 1L,53,370.85316506151327,19655.22,12116.46,7538.76,0
2024-10,Port Harcourt,Open Market/Kiosk,Dairy,Milk 1L,48,393.0584558564959,18866.81,13061.41,5805.4,1
2024-10,Port Harcourt,Convenience Store,Dairy,Milk 1L,16,550.8569058400581,8813.71,6490.27,2323.44,0
2024-10,Port Harcourt,Online,Dairy,Milk 1L,26,730.001215253066,18980.03,13501.67,5478.36,0
2024-10,Port Harcourt,Supermarket,Dairy,Yogurt 200ml,44,389.852027971991,17153.49,12505.75,4647.74,0
2024-10,Port Harcourt,Open Market/Kiosk,Dairy,Yogurt 200ml,35,691.249728061432,24193.74,15532.16,8661.58,0
2024-10,Port Harcourt,Convenience Store,Dairy,Yogurt 200ml,32,508.8674530628266,16283.76,10704.03,5579.73,0
2024-10,Port Harcourt,Online,Dairy,Yogurt 200ml,19,423.64024957074923,8049.16,4919.22,3129.94,0
2024-10,Port Harcourt,Supermarket,Dairy,Butter 250g,30,396.7838804476127,11903.52,7609.29,4294.23,0
2024-10,Port Harcourt,Open Market/Kiosk,Dairy,Butter 250g,49,401.25838581043035,19661.66,14702.61,4959.05,0
2024-10,Port Harcourt,Convenience Store,Dairy,Butter 250g,28,885.4589138967829,24792.85,17797.83,6995.02,0
2024-10,Port Harcourt,Online,Dairy,Butter 250g,19,442.73302856386636,8411.93,5262.58,3149.35,0
2024-10,Kano,Supermarket,Beverages,Cola 50cl,50,258.966082665957,12948.3,8240.85,4707.45,0
2024-10,Kano,Open Market/Kiosk,Beverages,Cola 50cl,45,279.7898697588974,12590.54,7886.06,4704.48,0
2024-10,Kano,Convenience Store,Beverages,Cola 50cl,18,186.18616294841792,3351.35,2397.76,953.59,0
2024-10,Kano,Online,Beverages,Cola 50cl,16,214.72743504804782,3435.64,2203.04,1232.6,0
2024-10,Kano,Supermarket,Beverages,Malt Drink 33cl,31,340.35493211813275,10551.0,7772.77,2778.23,0
2024-10,Kano,Open Market/Kiosk,Beverages,Malt Drink 33cl,40,265.5755706500109,10623.02,6605.21,4017.81,0
2024-10,Kano,Convenience Store,Beverages,Malt Drink 33cl,24,214.30598050280824,5143.34,3102.87,2040.47,0
2024-10,Kano,Online,Beverages,Malt Drink 33cl,9,166.3052183744109,1496.75,963.27,533.48,0
2024-10,Kano,Supermarket,Beverages,Bottled Water 75cl,24,318.45482052662317,7642.92,4725.74,2917.18,0
2024-10,Kano,Open Market/Kiosk,Beverages,Bottled Water 75cl,29,227.57445344529359,6599.66,4582.12,2017.54,0
2024-10,Kano,Convenience Store,Beverages,Bottled Water 75cl,23,305.414198264575,7024.53,5002.69,2021.84,0
2024-10,Kano,Online,Beverages,Bottled Water 75cl,16,241.8584907068386,3869.74,2801.05,1068.69,0
2024-10,Kano,Supermarket,Snacks,Biscuit Pack,36,384.9722827992863,13859.0,8369.17,5489.83,0
2024-10,Kano,Open Market/Kiosk,Snacks,Biscuit Pack,56,228.8094461167531,12813.33,8099.31,4714.02,0
2024-10,Kano,Convenience Store,Snacks,Biscuit Pack,24,391.40580252581645,9393.74,7004.73,2389.01,0
2024-10,Kano,Online,Snacks,Biscuit Pack,8,253.65036525028052,2029.2,1267.16,762.04,0
2024-10,Kano,Supermarket,Snacks,Chips 45g,32,272.748294014207,8727.95,6305.88,2422.07,0
2024-10,Kano,Open Market/Kiosk,Snacks,Chips 45g,43,308.0341722694934,13245.47,8220.27,5025.2,0
2024-10,Kano,Convenience Store,Snacks,Chips 45g,17,240.16928582524426,4082.88,2695.41,1387.47,0
2024-10,Kano,Online,Snacks,Chips 45g,18,324.05941334036135,5833.07,4164.57,1668.5,0
2024-10,Kano,Supermarket,Snacks,Chocolate Bar,38,315.8879723548424,12003.74,7761.2,4242.54,0
2024-10,Kano,Open Market/Kiosk,Snacks,Chocolate Bar,36,107.27588081297652,3861.93,2342.67,1519.26,0
2024-10,Kano,Convenience Store,Snacks,Chocolate Bar,28,158.7067520741258,4443.79,2898.87,1544.92,0
2024-10,Kano,Online,Snacks,Chocolate Bar,21,329.7974919075815,6925.75,4284.69,2641.06,0
2024-10,Kano,Supermarket,Personal Care,Soap Bar,58,1113.5361475614795,64585.1,47140.14,17444.96,1
2024-10,Kano,Open Market/Kiosk,Personal Care,Soap Bar,42,366.50293069218054,15393.12,9913.15,5479.97,0
2024-10,Kano,Convenience Store,Personal Care,Soap Bar,35,510.4589300365167,17866.06,10743.24,7122.82,0
2024-10,Kano,Online,Personal Care,Soap Bar,23,1065.3421047432062,24502.87,17975.12,6527.75,1
2024-10,Kano,Supermarket,Personal Care,Toothpaste 100g,32,856.6036232276005,27411.32,16840.88,10570.44,0
2024-10,Kano,Open Market/Kiosk,Personal Care,Toothpaste 100g,36,620.0115194649525,22320.41,14606.88,7713.53,0
2024-10,Kano,Convenience Store,Personal Care,Toothpaste 100g,28,946.173996066926,26492.87,19511.42,6981.45,0
2024-10,Kano,Online,Personal Care,Toothpaste 100g,24,1063.177570990109,25516.26,18467.22,7049.04,0
2024-10,Kano,Supermarket,Personal Care,Shampoo 200ml,33,390.41992137392515,12883.86,9164.72,3719.14,0
2024-10,Kano,Open Market/Kiosk,Personal Care,Shampoo 200ml,46,937.0102412189129,43102.47,30521.87,12580.6,0
2024-10,Kano,Convenience Store,Personal Care,Shampoo 200ml,30,545.8258880445451,16374.78,12176.17,4198.61,0
2024-10,Kano,Online,Personal Care,Shampoo 200ml,26,875.3363058791313,22758.74,15968.24,6790.5,0
2024-10,Kano,Supermarket,Household,Detergent 1kg,43,552.2906103402632,23748.5,16585.34,7163.16,0
2024-10,Kano,Open Market/Kiosk,Household,Detergent 1kg,30,664.2626008856002,19927.88,12273.07,7654.81,0
2024-10,Kano,Convenience Store,Household,Detergent 1kg,19,742.7310388409483,14111.89,10200.03,3911.86,0
2024-10,Kano,Online,Household,Detergent 1kg,13,583.8521979560819,7590.08,5575.05,2015.03,1
2024-10,Kano,Supermarket,Household,Bleach 500ml,31,642.3420279079276,19912.6,14301.76,5610.84,0
2024-10,Kano,Open Market/Kiosk,Household,Bleach 500ml,41,439.30900146824723,18011.67,11501.33,6510.34,0
2024-10,Kano,Convenience Store,Household,Bleach 500ml,27,692.1437170824454,18687.88,13016.42,5671.46,1
2024-10,Kano,Online,Household,Bleach 500ml,11,1106.5279357063082,12171.81,7448.6,4723.21,0
2024-10,Kano,Supermarket,Household,Air Freshener,32,961.6328757116003,30772.25,20104.02,10668.23,0
2024-10,Kano,Open Market/Kiosk,Household,Air Freshener,34,930.01092079935,31620.37,20892.27,10728.1,0
2024-10,Kano,Convenience Store,Household,Air Freshener,33,814.6875662334041,26884.69,16928.0,9956.69,0
2024-10,Kano,Online,Household,Air Freshener,21,917.656828629609,19270.79,12180.54,7090.25,0
2024-10,Kano,Supermarket,Dairy,Milk 1L,25,439.8935039334434,10997.34,6959.29,4038.05,0
2024-10,Kano,Open Market/Kiosk,Dairy,Milk 1L,45,849.2193483235894,38214.87,28259.13,9955.74,0
2024-10,Kano,Convenience Store,Dairy,Milk 1L,25,384.9473876194878,9623.68,6877.85,2745.83,1
2024-10,Kano,Online,Dairy,Milk 1L,10,391.27677172102835,3912.77,2410.63,1502.14,0
2024-10,Kano,Supermarket,Dairy,Yogurt 200ml,51,760.1444611842763,38767.37,24413.2,14354.17,0
2024-10,Kano,Open Market/Kiosk,Dairy,Yogurt 200ml,25,462.0355986279336,11550.89,7301.92,4248.97,1
2024-10,Kano,Convenience Store,Dairy,Yogurt 200ml,20,887.9282523120627,17758.57,11825.78,5932.79,0
2024-10,Kano,Online,Dairy,Yogurt 200ml,18,576.4279939788166,10375.7,7359.55,3016.15,0
2024-10,Kano,Supermarket,Dairy,Butter 250g,27,335.85657939442024,9068.13,6084.57,2983.56,0
2024-10,Kano,Open Market/Kiosk,Dairy,Butter 250g,37,614.2746371003144,22728.16,16069.06,6659.1,0
2024-10,Kano,Convenience Store,Dairy,Butter 250g,19,537.4945285092138,10212.4,6705.23,3507.17,0
2024-10,Kano,Online,Dairy,Butter 250g,13,539.6887361273216,7015.95,4432.56,2583.39,0
2024-10,Ibadan,Supermarket,Beverages,Cola 50cl,33,339.30146449409034,11196.95,7905.49,3291.46,0
2024-10,Ibadan,Open Market/Kiosk,Beverages,Cola 50cl,34,225.257235020996,7658.75,4904.46,2754.29,0
2024-10,Ibadan,Convenience Store,Beverages,Cola 50cl,28,239.6760479806556,6710.93,4909.82,1801.11,0
2024-10,Ibadan,Online,Beverages,Cola 50cl,14,332.3310678327586,4652.63,3168.16,1484.47,0
2024-10,Ibadan,Supermarket,Beverages,Malt Drink 33cl,28,233.79419007655574,6546.24,4222.5,2323.74,0
2024-10,Ibadan,Open Market/Kiosk,Beverages,Malt Drink 33cl,58,298.68721835552583,17323.86,11782.31,5541.55,0
2024-10,Ibadan,Convenience Store,Beverages,Malt Drink 33cl,21,292.4588775132978,6141.64,4541.11,1600.53,0
2024-10,Ibadan,Online,Beverages,Malt Drink 33cl,20,307.5376804501984,6150.75,4438.45,1712.3,0
2024-10,Ibadan,Supermarket,Beverages,Bottled Water 75cl,29,160.03575538327266,4641.04,2829.71,1811.33,0
2024-10,Ibadan,Open Market/Kiosk,Beverages,Bottled Water 75cl,44,174.67072263581426,7685.51,5742.48,1943.03,0
2024-10,Ibadan,Convenience Store,Beverages,Bottled Water 75cl,17,188.35957316454193,3202.11,2172.04,1030.07,0
2024-10,Ibadan,Online,Beverages,Bottled Water 75cl,19,238.86030719501392,4538.35,3097.9,1440.45,0
2024-10,Ibadan,Supermarket,Snacks,Biscuit Pack,30,395.98385700529263,11879.52,8279.87,3599.65,0
2024-10,Ibadan,Open Market/Kiosk,Snacks,Biscuit Pack,25,126.50783604582915,3162.7,2047.45,1115.25,0
2024-10,Ibadan,Convenience Store,Snacks,Biscuit Pack,25,384.47262537425394,9611.82,6748.52,2863.3,0
2024-10,Ibadan,Online,Snacks,Biscuit Pack,9,193.25448127814803,1739.29,1107.85,631.44,0
2024-10,Ibadan,Supermarket,Snacks,Chips 45g,37,387.93115433803644,14353.45,10627.03,3726.42,0
2024-10,Ibadan,Open Market/Kiosk,Snacks,Chips 45g,28,323.3657788611299,9054.24,5522.54,3531.7,0
2024-10,Ibadan,Convenience Store,Snacks,Chips 45g,34,148.95022682873423,5064.31,3786.29,1278.02,0
2024-10,Ibadan,Online,Snacks,Chips 45g,15,174.0180409505639,2610.27,1790.41,819.86,0
2024-10,Ibadan,Supermarket,Snacks,Chocolate Bar,37,298.6180631251058,11048.87,7001.19,4047.68,0
2024-10,Ibadan,Open Market/Kiosk,Snacks,Chocolate Bar,50,318.941481974647,15947.07,10046.85,5900.22,0
2024-10,Ibadan,Convenience Store,Snacks,Chocolate Bar,25,124.62841797723223,3115.71,1887.83,1227.88,0
2024-10,Ibadan,Online,Snacks,Chocolate Bar,14,330.6004301174912,4628.41,3440.43,1187.98,0
2024-10,Ibadan,Supermarket,Personal Care,Soap Bar,43,516.8683660977459,22225.34,13904.91,8320.43,0
2024-10,Ibadan,Open Market/Kiosk,Personal Care,Soap Bar,35,936.987027417159,32794.55,20564.11,12230.44,0
2024-10,Ibadan,Convenience Store,Personal Care,Soap Bar,21,1183.4424675430555,24852.29,15575.75,9276.54,0
2024-10,Ibadan,Online,Personal Care,Soap Bar,16,953.0312181025578,15248.5,10782.05,4466.45,0
2024-10,Ibadan,Supermarket,Personal Care,Toothpaste 100g,34,310.8753709629859,10569.76,7476.09,3093.67,0
2024-10,Ibadan,Open Market/Kiosk,Personal Care,Toothpaste 100g,40,952.5683194598116,38102.73,24091.22,14011.51,0
2024-10,Ibadan,Convenience Store,Personal Care,Toothpaste 100g,19,1152.819239990805,21903.57,16260.96,5642.61,0
2024-10,Ibadan,Online,Personal Care,Toothpaste 100g,25,1070.0729617754807,26751.82,18964.42,7787.4,0
2024-10,Ibadan,Supermarket,Personal Care,Shampoo 200ml,46,405.43815006864554,18650.15,12552.62,6097.53,0
2024-10,Ibadan,Open Market/Kiosk,Personal Care,Shampoo 200ml,55,487.4389314010868,26809.14,16745.94,10063.2,0
2024-10,Ibadan,Convenience Store,Personal Care,Shampoo 200ml,11,584.5938493281207,6430.53,4413.41,2017.12,0
2024-10,Ibadan,Online,Personal Care,Shampoo 200ml,16,526.7377242140731,8427.8,5679.92,2747.88,1
2024-10,Ibadan,Supermarket,Household,Detergent 1kg,25,1065.0237733510232,26625.59,18572.53,8053.06,0
2024-10,Ibadan,Open Market/Kiosk,Household,Detergent 1kg,40,536.8095781630466,21472.38,15569.05,5903.33,0
2024-10,Ibadan,Convenience Store,Household,Detergent 1kg,30,511.2082755817623,15336.25,9544.86,5791.39,0
2024-10,Ibadan,Online,Household,Detergent 1kg,16,752.3135013410208,12037.02,8288.21,3748.81,0
2024-10,Ibadan,Supermarket,Household,Bleach 500ml,37,1176.8115831279706,43542.03,28581.22,14960.81,0
2024-10,Ibadan,Open Market/Kiosk,Household,Bleach 500ml,52,714.8688402333746,37173.18,26878.03,10295.15,0
2024-10,Ibadan,Convenience Store,Household,Bleach 500ml,30,737.4470393111262,22123.41,14934.73,7188.68,0
2024-10,Ibadan,Online,Household,Bleach 500ml,15,1140.7794916491039,17111.69,12512.29,4599.4,0
2024-10,Ibadan,Supermarket,Household,Air Freshener,27,559.8270890434645,15115.33,10827.3,4288.03,0
2024-10,Ibadan,Open Market/Kiosk,Household,Air Freshener,41,663.8973171143391,27219.79,19312.3,7907.49,1
2024-10,Ibadan,Convenience Store,Household,Air Freshener,17,855.3898213942009,14541.63,9151.66,5389.97,1
2024-10,Ibadan,Online,Household,Air Freshener,22,816.0815027079144,17953.79,12826.42,5127.37,0
2024-10,Ibadan,Supermarket,Dairy,Milk 1L,41,307.56026378174175,12609.97,7613.45,4996.52,0
2024-10,Ibadan,Open Market/Kiosk,Dairy,Milk 1L,27,481.3595223475387,12996.71,9028.89,3967.82,0
2024-10,Ibadan,Convenience Store,Dairy,Milk 1L,20,481.35236125353464,9627.05,6920.99,2706.06,0
2024-10,Ibadan,Online,Dairy,Milk 1L,20,291.2001825946804,5824.0,3955.27,1868.73,0
2024-10,Ibadan,Supermarket,Dairy,Yogurt 200ml,34,692.1648875449512,23533.61,14937.58,8596.03,0
2024-10,Ibadan,Open Market/Kiosk,Dairy,Yogurt 200ml,34,792.3084628275528,26938.49,17707.14,9231.35,0
2024-10,Ibadan,Convenience Store,Dairy,Yogurt 200ml,17,882.516223710206,15002.78,10609.39,4393.39,0
2024-10,Ibadan,Online,Dairy,Yogurt 200ml,14,484.53207995316467,6783.45,4512.61,2270.84,0
2024-10,Ibadan,Supermarket,Dairy,Butter 250g,31,494.83104035166775,15339.76,10622.28,4717.48,0
2024-10,Ibadan,Open Market/Kiosk,Dairy,Butter 250g,34,545.0314636868793,18531.07,12689.59,5841.48,0
2024-10,Ibadan,Convenience Store,Dairy,Butter 250g,21,773.4009799523973,16241.42,10985.26,5256.16,0
2024-10,Ibadan,Online,Dairy,Butter 250g,17,874.4183914030057,14865.11,9395.13,5469.98,1
2024-11,Lagos,Supermarket,Beverages,Cola 50cl,70,331.4016242521242,23198.11,16977.81,6220.3,0
2024-11,Lagos,Open Market/Kiosk,Beverages,Cola 50cl,111,346.5834232062373,38470.76,25866.7,12604.06,0
2024-11,Lagos,Convenience Store,Beverages,Cola 50cl,34,153.19516576867647,5208.64,3816.01,1392.63,0
2024-11,Lagos,Online,Beverages,Cola 50cl,26,225.0299791658869,5850.78,4111.23,1739.55,0
2024-11,Lagos,Supermarket,Beverages,Malt Drink 33cl,49,248.93907099167333,12198.01,7356.54,4841.47,0
2024-11,Lagos,Open Market/Kiosk,Beverages,Malt Drink 33cl,109,345.2310580250563,37630.19,25980.22,11649.97,0
2024-11,Lagos,Convenience Store,Beverages,Malt Drink 33cl,61,320.2025152434927,19532.35,14612.04,4920.31,1
2024-11,Lagos,Online,Beverages,Malt Drink 33cl,26,233.207399322178,6063.39,4249.95,1813.44,0
2024-11,Lagos,Supermarket,Beverages,Bottled Water 75cl,41,213.94812130529724,8771.87,6453.38,2318.49,0
2024-11,Lagos,Open Market/Kiosk,Beverages,Bottled Water 75cl,78,214.23495610905127,16710.33,10379.7,6330.63,1
2024-11,Lagos,Convenience Store,Beverages,Bottled Water 75cl,39,217.12674517646522,8467.94,5089.33,3378.61,1
2024-11,Lagos,Online,Beverages,Bottled Water 75cl,27,184.32166994949523,4976.69,3489.16,1487.53,0
2024-11,Lagos,Supermarket,Snacks,Biscuit Pack,84,208.04569943652643,17475.84,12301.03,5174.81,0
2024-11,Lagos,Open Market/Kiosk,Snacks,Biscuit Pack,67,264.44647898985363,17717.91,12858.35,4859.56,1
2024-11,Lagos,Convenience Store,Snacks,Biscuit Pack,54,202.81603893339383,10952.07,7729.16,3222.91,0
2024-11,Lagos,Online,Snacks,Biscuit Pack,30,390.12637293343414,11703.79,7156.18,4547.61,0
2024-11,Lagos,Supermarket,Snacks,Chips 45g,48,284.62827289970807,13662.16,8848.2,4813.96,0
2024-11,Lagos,Open Market/Kiosk,Snacks,Chips 45g,101,240.90515601027977,24331.42,16935.13,7396.29,0
2024-11,Lagos,Convenience Store,Snacks,Chips 45g,26,226.20114245482134,5881.23,3853.61,2027.62,0
2024-11,Lagos,Online,Snacks,Chips 45g,37,263.19287738795236,9738.14,6168.12,3570.02,0
2024-11,Lagos,Supermarket,Snacks,Chocolate Bar,107,125.05711150538404,13381.11,8302.39,5078.72,0
2024-11,Lagos,Open Market/Kiosk,Snacks,Chocolate Bar,79,317.32650555191225,25068.79,16155.22,8913.57,0
2024-11,Lagos,Convenience Store,Snacks,Chocolate Bar,68,190.03747842784952,12922.55,9658.94,3263.61,0
2024-11,Lagos,Online,Snacks,Chocolate Bar,23,155.46594908260857,3575.72,2619.95,955.77,0
2024-11,Lagos,Supermarket,Personal Care,Soap Bar,66,416.81982073200595,27510.11,20586.73,6923.38,0
2024-11,Lagos,Open Market/Kiosk,Personal Care,Soap Bar,85,1022.9890143213639,86954.07,54375.19,32578.88,1
2024-11,Lagos,Convenience Store,Personal Care,Soap Bar,62,793.6123278332041,49203.96,36883.78,12320.18,0
2024-11,Lagos,Online,Personal Care,Soap Bar,34,754.0375699486543,25637.28,15570.44,10066.84,0
2024-11,Lagos,Supermarket,Personal Care,Toothpaste 100g,67,564.8914688093605,37847.73,23660.81,14186.92,0
2024-11,Lagos,Open Market/Kiosk,Personal Care,Toothpaste 100g,49,566.4512202883695,27756.11,17217.68,10538.43,0
2024-11,Lagos,Convenience Store,Personal Care,Toothpaste 100g,51,1101.3885794433745,56170.82,34486.52,21684.3,1
2024-11,Lagos,Online,Personal Care,Toothpaste 100g,29,781.53356069089,22664.47,13734.34,8930.13,0
2024-11,Lagos,Supermarket,Personal Care,Shampoo 200ml,100,1118.2206680011604,111822.07,77185.22,34636.85,0
2024-11,Lagos,Open Market/Kiosk,Personal Care,Shampoo 200ml,64,522.0154788488015,33408.99,23181.88,10227.11,1
2024-11,Lagos,Convenience Store,Personal Care,Shampoo 200ml,57,527.3995804531239,30061.78,19077.29,10984.49,0
2024-11,Lagos,Online,Personal Care,Shampoo 200ml,23,431.41369334071294,9922.51,6286.29,3636.22,1
2024-11,Lagos,Supermarket,Household,Detergent 1kg,78,1348.5185320546411,105184.45,72062.98,33121.47,0
2024-11,Lagos,Open Market/Kiosk,Household,Detergent 1kg,73,910.4989239804997,66466.42,46913.72,19552.7,0
2024-11,Lagos,Convenience Store,Household,Detergent 1kg,59,744.184717882541,43906.9,28620.0,15286.9,0
2024-11,Lagos,Online,Household,Detergent 1kg,39,846.5910706503169,33017.05,22854.75,10162.3,1
2024-11,Lagos,Supermarket,Household,Bleach 500ml,56,1389.9437616618668,77836.85,47816.42,30020.43,0
2024-11,Lagos,Open Market/Kiosk,Household,Bleach 500ml,81,693.246150786525,56152.94,34421.84,21731.1,0
2024-11,Lagos,Convenience Store,Household,Bleach 500ml,53,1340.7349888596013,71058.95,52831.18,18227.77,0
2024-11,Lagos,Online,Household,Bleach 500ml,43,858.6780259485116,36923.16,27405.63,9517.53,0
2024-11,Lagos,Supermarket,Household,Air Freshener,75,1188.7191415012426,89153.94,65042.5,24111.44,0
2024-11,Lagos,Open Market/Kiosk,Household,Air Freshener,58,742.2091054967725,43048.13,31494.45,11553.68,0
2024-11,Lagos,Convenience Store,Household,Air Freshener,43,422.3783302756704,18162.27,11508.03,6654.24,0
2024-11,Lagos,Online,Household,Air Freshener,28,1001.9551127828314,28054.74,20701.35,7353.39,0
2024-11,Lagos,Supermarket,Dairy,Milk 1L,50,835.4258467970578,41771.29,31011.64,10759.65,1
2024-11,Lagos,Open Market/Kiosk,Dairy,Milk 1L,104,846.4746423446634,88033.36,52994.73,35038.63,0
2024-11,Lagos,Convenience Store,Dairy,Milk 1L,51,721.5604979166176,36799.59,25591.09,11208.5,0
2024-11,Lagos,Online,Dairy,Milk 1L,18,503.2708801793143,9058.88,6130.14,2928.74,1
2024-11,Lagos,Supermarket,Dairy,Yogurt 200ml,53,870.1923462058381,46120.19,28647.62,17472.57,0
2024-11,Lagos,Open Market/Kiosk,Dairy,Yogurt 200ml,77,694.1644438128892,53450.66,33629.41,19821.25,0
2024-11,Lagos,Convenience Store,Dairy,Yogurt 200ml,38,824.6896761374046,31338.21,19148.02,12190.19,0
2024-11,Lagos,Online,Dairy,Yogurt 200ml,20,549.7334270576498,10994.67,7233.51,3761.16,0
2024-11,Lagos,Supermarket,Dairy,Butter 250g,43,448.0756401479332,19267.25,11830.74,7436.51,0
2024-11,Lagos,Open Market/Kiosk,Dairy,Butter 250g,55,361.6201536432941,19889.11,14874.6,5014.51,0
2024-11,Lagos,Convenience Store,Dairy,Butter 250g,46,547.1210698276059,25167.57,15467.43,9700.14,0
2024-11,Lagos,Online,Dairy,Butter 250g,28,338.9212874570423,9489.8,6901.53,2588.27,1
2024-11,Abuja,Supermarket,Beverages,Cola 50cl,45,312.8260728921614,14077.17,9143.75,4933.42,0
2024-11,Abuja,Open Market/Kiosk,Beverages,Cola 50cl,66,180.84294969771614,11935.63,8574.57,3361.06,0
2024-11,Abuja,Convenience Store,Beverages,Cola 50cl,53,285.00213853616685,15105.11,10731.34,4373.77,0
2024-11,Abuja,Online,Beverages,Cola 50cl,28,341.5599183099972,9563.68,6768.32,2795.36,0
2024-11,Abuja,Supermarket,Beverages,Malt Drink 33cl,39,321.6799362416321,12545.52,8443.79,4101.73,0
2024-11,Abuja,Open Market/Kiosk,Beverages,Malt Drink 33cl,62,270.9082453223408,16796.31,10833.5,5962.81,0
2024-11,Abuja,Convenience Store,Beverages,Malt Drink 33cl,35,186.63951904390774,6532.38,4233.66,2298.72,0
2024-11,Abuja,Online,Beverages,Malt Drink 33cl,26,250.23656944903283,6506.15,4067.72,2438.43,0
2024-11,Abuja,Supermarket,Beverages,Bottled Water 75cl,59,309.1170713564241,18237.91,12024.04,6213.87,0
2024-11,Abuja,Open Market/Kiosk,Beverages,Bottled Water 75cl,82,173.75688426487534,14248.06,10474.06,3774.0,1
2024-11,Abuja,Convenience Store,Beverages,Bottled Water 75cl,43,168.2738621698872,7235.78,4913.66,2322.12,0
2024-11,Abuja,Online,Beverages,Bottled Water 75cl,21,258.29511512673673,5424.2,3646.23,1777.97,0
2024-11,Abuja,Supermarket,Snacks,Biscuit Pack,45,328.20840792587205,14769.38,8923.13,5846.25,0
2024-11,Abuja,Open Market/Kiosk,Snacks,Biscuit Pack,60,211.51689937181317,12691.01,8444.16,4246.85,1
2024-11,Abuja,Convenience Store,Snacks,Biscuit Pack,57,166.99697165205146,9518.83,6525.46,2993.37,1
2024-11,Abuja,Online,Snacks,Biscuit Pack,29,225.17259959882995,6530.01,4312.74,2217.27,0
2024-11,Abuja,Supermarket,Snacks,Chips 45g,42,129.72308120338815,5448.37,3401.99,2046.38,0
2024-11,Abuja,Open Market/Kiosk,Snacks,Chips 45g,54,309.5582688908238,16716.15,10569.61,6146.54,0
2024-11,Abuja,Convenience Store,Snacks,Chips 45g,38,183.88665089639352,6987.69,4787.53,2200.16,0
2024-11,Abuja,Online,Snacks,Chips 45g,26,232.05423230510712,6033.41,4066.97,1966.44,0
2024-11,Abuja,Supermarket,Snacks,Chocolate Bar,73,326.09379417975265,23804.85,16913.19,6891.66,0
2024-11,Abuja,Open Market/Kiosk,Snacks,Chocolate Bar,99,130.5458252460343,12924.04,8669.8,4254.24,0
2024-11,Abuja,Convenience Store,Snacks,Chocolate Bar,48,398.1381389911365,19110.63,14302.63,4808.0,0
2024-11,Abuja,Online,Snacks,Chocolate Bar,27,288.8051773082636,7797.74,5660.32,2137.42,0
2024-11,Abuja,Supermarket,Personal Care,Soap Bar,30,1019.3888532083967,30581.67,20932.54,9649.13,0
2024-11,Abuja,Open Market/Kiosk,Personal Care,Soap Bar,31,577.4550711208603,17901.11,13421.49,4479.62,0
2024-11,Abuja,Convenience Store,Personal Care,Soap Bar,21,974.0816699644445,20455.72,14854.77,5600.95,1
2024-11,Abuja,Online,Personal Care,Soap Bar,31,890.8929092199669,27617.68,16848.02,10769.66,0
2024-11,Abuja,Supermarket,Personal Care,Toothpaste 100g,74,1118.2037476865635,82747.08,58096.35,24650.73,0
2024-11,Abuja,Open Market/Kiosk,Personal Care,Toothpaste 100g,68,829.685865517835,56418.64,35510.14,20908.5,0
2024-11,Abuja,Convenience Store,Personal Care,Toothpaste 100g,32,331.7114183814942,10614.77,6577.03,4037.74,0
2024-11,Abuja,Online,Personal Care,Toothpaste 100g,20,809.5328322066879,16190.66,11411.32,4779.34,0
2024-11,Abuja,Supermarket,Personal Care,Shampoo 200ml,55,674.9337987148547,37121.36,27400.16,9721.2,0
2024-11,Abuja,Open Market/Kiosk,Personal Care,Shampoo 200ml,56,443.4997405867134,24835.99,16859.72,7976.27,0
2024-11,Abuja,Convenience Store,Personal Care,Shampoo 200ml,20,562.7760362771576,11255.52,7854.42,3401.1,0
2024-11,Abuja,Online,Personal Care,Shampoo 200ml,27,613.6683999080888,16569.05,10973.63,5595.42,0
2024-11,Abuja,Supermarket,Household,Detergent 1kg,44,482.4252944400817,21226.71,13435.38,7791.33,0
2024-11,Abuja,Open Market/Kiosk,Household,Detergent 1kg,58,1164.6732615387841,67551.05,43358.7,24192.35,0
2024-11,Abuja,Convenience Store,Household,Detergent 1kg,62,613.5441275613282,38039.74,27705.47,10334.27,1
2024-11,Abuja,Online,Household,Detergent 1kg,23,858.0501064999075,19735.15,14661.03,5074.12,0
2024-11,Abuja,Supermarket,Household,Bleach 500ml,42,503.7958990867034,21159.43,14785.33,6374.1,0
2024-11,Abuja,Open Market/Kiosk,Household,Bleach 500ml,70,1107.9471039760733,77556.3,54331.79,23224.51,0
2024-11,Abuja,Convenience Store,Household,Bleach 500ml,35,898.8778762531306,31460.73,20799.49,10661.24,0
2024-11,Abuja,Online,Household,Bleach 500ml,25,1377.673667515684,34441.84,21809.06,12632.78,0
2024-11,Abuja,Supermarket,Household,Air Freshener,51,960.9910105759111,49010.54,33700.68,15309.86,0
2024-11,Abuja,Open Market/Kiosk,Household,Air Freshener,58,415.91538968045916,24123.09,16666.08,7457.01,0
2024-11,Abuja,Convenience Store,Household,Air Freshener,44,1139.2275243318884,50126.01,31621.06,18504.95,0
2024-11,Abuja,Online,Household,Air Freshener,19,457.67802820567,8695.88,5436.76,3259.12,0
2024-11,Abuja,Supermarket,Dairy,Milk 1L,59,721.5753778946465,42572.95,25613.99,16958.96,0
2024-11,Abuja,Open Market/Kiosk,Dairy,Milk 1L,66,757.9465944202595,50024.48,31185.01,18839.47,0
2024-11,Abuja,Convenience Store,Dairy,Milk 1L,51,394.93264985392653,20141.57,12733.19,7408.38,0
2024-11,Abuja,Online,Dairy,Milk 1L,20,694.1572452723437,13883.14,8345.65,5537.49,0
2024-11,Abuja,Supermarket,Dairy,Yogurt 200ml,72,543.3006040950722,39117.64,24522.02,14595.62,0
2024-11,Abuja,Open Market/Kiosk,Dairy,Yogurt 200ml,72,888.2106574178637,63951.17,42065.42,21885.75,0
2024-11,Abuja,Convenience Store,Dairy,Yogurt 200ml,44,545.0910286286019,23984.01,16172.84,7811.17,0
2024-11,Abuja,Online,Dairy,Yogurt 200ml,33,300.7189228033433,9923.72,7213.94,2709.78,0
2024-11,Abuja,Supermarket,Dairy,Butter 250g,68,387.82018924565307,26371.77,19425.61,6946.16,0
2024-11,Abuja,Open Market/Kiosk,Dairy,Butter 250g,64,463.57019351319,29668.49,20060.27,9608.22,0
2024-11,Abuja,Convenience Store,Dairy,Butter 250g,34,815.6806973789664,27733.14,20567.82,7165.32,0
2024-11,Abuja,Online,Dairy,Butter 250g,15,828.0814042434173,12421.22,8607.86,3813.36,0
2024-11,Port Harcourt,Supermarket,Beverages,Cola 50cl,56,253.30373736489062,14185.01,9980.5,4204.51,0
2024-11,Port Harcourt,Open Market/Kiosk,Beverages,Cola 50cl,83,216.93699022062356,18005.77,13023.95,4981.82,0
2024-11,Port Harcourt,Convenience Store,Beverages,Cola 50cl,51,192.8080314887522,9833.21,6222.4,3610.81,0
2024-11,Port Harcourt,Online,Beverages,Cola 50cl,25,306.4696888457008,7661.74,5711.51,1950.23,0
2024-11,Port Harcourt,Supermarket,Beverages,Malt Drink 33cl,53,231.83939363858974,12287.49,8545.58,3741.91,0
2024-11,Port Harcourt,Open Market/Kiosk,Beverages,Malt Drink 33cl,84,207.4316990867142,17424.26,11179.17,6245.09,0
2024-11,Port Harcourt,Convenience Store,Beverages,Malt Drink 33cl,45,157.21237845583343,7074.56,4526.79,2547.77,0
2024-11,Port Harcourt,Online,Beverages,Malt Drink 33cl,22,307.18818357274,6758.14,4846.58,1911.56,0
2024-11,Port Harcourt,Supermarket,Beverages,Bottled Water 75cl,66,159.15349063005385,10504.13,7373.15,3130.98,0
2024-11,Port Harcourt,Open Market/Kiosk,Beverages,Bottled Water 75cl,39,207.52897727184614,8093.63,5248.24,2845.39,0
2024-11,Port Harcourt,Convenience Store,Beverages,Bottled Water 75cl,28,334.464769317015,9365.01,6370.09,2994.92,0
2024-11,Port Harcourt,Online,Beverages,Bottled Water 75cl,18,328.25196598449884,5908.54,3791.91,2116.63,0
2024-11,Port Harcourt,Supermarket,Snacks,Biscuit Pack,38,309.7605787737832,11770.9,7219.09,4551.81,0
2024-11,Port Harcourt,Open Market/Kiosk,Snacks,Biscuit Pack,56,298.80956126182866,16733.34,11674.65,5058.69,0
2024-11,Port Harcourt,Convenience Store,Snacks,Biscuit Pack,36,333.8330239468726,12017.99,8272.59,3745.4,0
2024-11,Port Harcourt,Online,Snacks,Biscuit Pack,23,314.96159116272025,7244.12,5386.71,1857.41,1
2024-11,Port Harcourt,Supermarket,Snacks,Chips 45g,45,255.87354553036565,11514.31,6939.08,4575.23,0
2024-11,Port Harcourt,Open Market/Kiosk,Snacks,Chips 45g,45,103.54520073346316,4659.53,2863.25,1796.28,0
2024-11,Port Harcourt,Convenience Store,Snacks,Chips 45g,64,183.97460816096356,11774.37,7170.55,4603.82,0
2024-11,Port Harcourt,Online,Snacks,Chips 45g,18,161.19815220817696,2901.57,2076.93,824.64,0
2024-11,Port Harcourt,Supermarket,Snacks,Chocolate Bar,36,329.2936115287706,11854.57,8007.45,3847.12,0
2024-11,Port Harcourt,Open Market/Kiosk,Snacks,Chocolate Bar,69,390.3551665365895,26934.51,19459.93,7474.58,0
2024-11,Port Harcourt,Convenience Store,Snacks,Chocolate Bar,34,311.75103213001375,10599.54,6883.93,3715.61,0
2024-11,Port Harcourt,Online,Snacks,Chocolate Bar,21,300.4935086048247,6310.36,4059.49,2250.87,0
2024-11,Port Harcourt,Supermarket,Personal Care,Soap Bar,75,713.8606910983283,53539.55,36744.59,16794.96,0
2024-11,Port Harcourt,Open Market/Kiosk,Personal Care,Soap Bar,65,307.53252722364783,19989.61,13557.44,6432.17,0
2024-11,Port Harcourt,Convenience Store,Personal Care,Soap Bar,36,742.4604575504837,26728.58,16155.24,10573.34,1
2024-11,Port Harcourt,Online,Personal Care,Soap Bar,20,585.2600534627024,11705.2,8064.16,3641.04,0
2024-11,Port Harcourt,Supermarket,Personal Care,Toothpaste 100g,45,793.14122090926,35691.35,23511.82,12179.53,0
2024-11,Port Harcourt,Open Market/Kiosk,Personal Care,Toothpaste 100g,60,1044.179435599996,62650.77,44719.41,17931.36,0
2024-11,Port Harcourt,Convenience Store,Personal Care,Toothpaste 100g,22,1133.3360013629194,24933.39,17452.33,7481.06,0
2024-11,Port Harcourt,Online,Personal Care,Toothpaste 100g,14,717.2754227369721,10041.86,6252.36,3789.5,0
2024-11,Port Harcourt,Supermarket,Personal Care,Shampoo 200ml,57,411.3291528539098,23445.76,16075.35,7370.41,0
2024-11,Port Harcourt,Open Market/Kiosk,Personal Care,Shampoo 200ml,32,744.3017946527814,23817.66,15831.55,7986.11,0
2024-11,Port Harcourt,Convenience Store,Personal Care,Shampoo 200ml,27,910.1796000113812,24574.85,17474.96,7099.89,0
2024-11,Port Harcourt,Online,Personal Care,Shampoo 200ml,25,474.89308682002473,11872.33,7501.81,4370.52,0
2024-11,Port Harcourt,Supermarket,Household,Detergent 1kg,43,1333.3489206002719,57334.0,42347.45,14986.55,0
2024-11,Port Harcourt,Open Market/Kiosk,Household,Detergent 1kg,60,849.90125518863,50994.08,38086.69,12907.39,0
2024-11,Port Harcourt,Convenience Store,Household,Detergent 1kg,30,1420.0464549826347,42601.39,28421.36,14180.03,1
2024-11,Port Harcourt,Online,Household,Detergent 1kg,20,966.0192353378175,19320.38,13458.13,5862.25,0
2024-11,Port Harcourt,Supermarket,Household,Bleach 500ml,61,728.30423396333,44426.56,27176.43,17250.13,0
2024-11,Port Harcourt,Open Market/Kiosk,Household,Bleach 500ml,44,1072.3759769550206,47184.54,34108.17,13076.37,0
2024-11,Port Harcourt,Convenience Store,Household,Bleach 500ml,36,934.3800716110513,33637.68,24237.59,9400.09,0
2024-11,Port Harcourt,Online,Household,Bleach 500ml,20,955.4379936796189,19108.76,11891.42,7217.34,0
2024-11,Port Harcourt,Supermarket,Household,Air Freshener,32,1197.085631054474,38306.74,28126.36,10180.38,0
2024-11,Port Harcourt,Open Market/Kiosk,Household,Air Freshener,53,769.2247353060133,40768.91,29383.23,11385.68,1
2024-11,Port Harcourt,Convenience Store,Household,Air Freshener,38,862.5010418245372,32775.04,21394.01,11381.03,0
2024-11,Port Harcourt,Online,Household,Air Freshener,19,539.7897735006189,10256.01,6402.41,3853.6,0
2024-11,Port Harcourt,Supermarket,Dairy,Milk 1L,60,505.85864473750803,30351.52,19774.19,10577.33,0
2024-11,Port Harcourt,Open Market/Kiosk,Dairy,Milk 1L,61,457.6974083164727,27919.54,18226.35,9693.19,0
2024-11,Port Harcourt,Convenience Store,Dairy,Milk 1L,40,684.0696560782728,27362.79,18506.05,8856.74,0
2024-11,Port Harcourt,Online,Dairy,Milk 1L,18,310.79014261254827,5594.22,4044.59,1549.63,0
2024-11,Port Harcourt,Supermarket,Dairy,Yogurt 200ml,38,875.0958968944664,33253.64,23130.15,10123.49,0
2024-11,Port Harcourt,Open Market/Kiosk,Dairy,Yogurt 200ml,70,575.8082535652861,40306.58,27841.78,12464.8,0
2024-11,Port Harcourt,Convenience Store,Dairy,Yogurt 200ml,30,276.91185846977515,8307.36,5535.24,2772.12,0
2024-11,Port Harcourt,Online,Dairy,Yogurt 200ml,31,720.5257960725178,22336.3,15992.49,6343.81,0
2024-11,Port Harcourt,Supermarket,Dairy,Butter 250g,74,779.4685924672722,57680.68,39485.55,18195.13,0
2024-11,Port Harcourt,Open Market/Kiosk,Dairy,Butter 250g,55,592.2284614983953,32572.57,21672.02,10900.55,0
2024-11,Port Harcourt,Convenience Store,Dairy,Butter 250g,49,432.3937316811776,21187.29,14378.29,6809.0,0
2024-11,Port Harcourt,Online,Dairy,Butter 250g,16,384.9261750553426,6158.82,4165.53,1993.29,0
2024-11,Kano,Supermarket,Beverages,Cola 50cl,54,341.89871936560115,18462.53,12815.43,5647.1,0
2024-11,Kano,Open Market/Kiosk,Beverages,Cola 50cl,52,233.01794052557517,12116.93,8840.53,3276.4,0
2024-11,Kano,Convenience Store,Beverages,Cola 50cl,28,279.68577509199554,7831.2,4858.25,2972.95,0
2024-11,Kano,Online,Beverages,Cola 50cl,26,295.63806019615845,7686.59,5665.22,2021.37,0
2024-11,Kano,Supermarket,Beverages,Malt Drink 33cl,58,260.6724511191045,15119.0,11118.9,4000.1,0
2024-11,Kano,Open Market/Kiosk,Beverages,Malt Drink 33cl,54,299.7598210206064,16187.03,11020.95,5166.08,0
2024-11,Kano,Convenience Store,Beverages,Malt Drink 33cl,43,202.1937695963072,8694.33,5693.23,3001.1,0
2024-11,Kano,Online,Beverages,Malt Drink 33cl,15,239.9760090835523,3599.64,2541.3,1058.34,1
2024-11,Kano,Supermarket,Beverages,Bottled Water 75cl,22,256.445686151386,5641.81,4219.37,1422.44,0
2024-11,Kano,Open Market/Kiosk,Beverages,Bottled Water 75cl,23,336.5222855733025,7740.01,4820.9,2919.11,0
2024-11,Kano,Convenience Store,Beverages,Bottled Water 75cl,23,318.0198031335385,7314.46,4884.28,2430.18,1
2024-11,Kano,Online,Beverages,Bottled Water 75cl,13,269.42846975816775,3502.57,2158.24,1344.33,0
2024-11,Kano,Supermarket,Snacks,Biscuit Pack,38,361.61614783200434,13741.41,8260.12,5481.29,0
2024-11,Kano,Open Market/Kiosk,Snacks,Biscuit Pack,54,320.73255760525865,17319.56,11943.67,5375.89,0
2024-11,Kano,Convenience Store,Snacks,Biscuit Pack,22,162.60069059161154,3577.22,2319.87,1257.35,0
2024-11,Kano,Online,Snacks,Biscuit Pack,16,260.0167851911233,4160.27,2573.54,1586.73,1
2024-11,Kano,Supermarket,Snacks,Chips 45g,60,255.668270510483,15340.1,10879.16,4460.94,0
2024-11,Kano,Open Market/Kiosk,Snacks,Chips 45g,50,147.2525914320779,7362.63,5058.09,2304.54,0
2024-11,Kano,Convenience Store,Snacks,Chips 45g,20,199.34777384604308,3986.96,2494.51,1492.45,0
2024-11,Kano,Online,Snacks,Chips 45g,21,101.95182036400382,2140.99,1511.7,629.29,1
2024-11,Kano,Supermarket,Snacks,Chocolate Bar,34,338.0453846032548,11493.54,7520.99,3972.55,0
2024-11,Kano,Open Market/Kiosk,Snacks,Chocolate Bar,35,252.4242322670738,8834.85,5881.9,2952.95,0
2024-11,Kano,Convenience Store,Snacks,Chocolate Bar,20,262.0765175721849,5241.53,3611.77,1629.76,0
2024-11,Kano,Online,Snacks,Chocolate Bar,20,188.60266068067202,3772.05,2706.19,1065.86,0
2024-11,Kano,Supermarket,Personal Care,Soap Bar,29,1071.658977899951,31078.11,21933.66,9144.45,0
2024-11,Kano,Open Market/Kiosk,Personal Care,Soap Bar,38,1078.0571802496256,40966.17,27050.21,13915.96,0
2024-11,Kano,Convenience Store,Personal Care,Soap Bar,41,973.4710104508999,39912.31,26939.99,12972.32,1
2024-11,Kano,Online,Personal Care,Soap Bar,15,453.67989058893954,6805.2,5017.92,1787.28,0
2024-11,Kano,Supermarket,Personal Care,Toothpaste 100g,70,436.2541177660026,30537.79,19055.82,11481.97,0
2024-11,Kano,Open Market/Kiosk,Personal Care,Toothpaste 100g,46,761.5559262963263,35031.57,26153.35,8878.22,0
2024-11,Kano,Convenience Store,Personal Care,Toothpaste 100g,28,385.0435814992458,10781.22,7373.69,3407.53,0
2024-11,Kano,Online,Personal Care,Toothpaste 100g,11,606.1882092358508,6668.07,4686.35,1981.72,0
2024-11,Kano,Supermarket,Personal Care,Shampoo 200ml,62,1127.6213487231385,69912.52,44351.52,25561.0,0
2024-11,Kano,Open Market/Kiosk,Personal Care,Shampoo 200ml,32,914.5186051429076,29264.6,18460.98,10803.62,0
2024-11,Kano,Convenience Store,Personal Care,Shampoo 200ml,40,842.8687392875571,33714.75,21960.17,11754.58,1
2024-11,Kano,Online,Personal Care,Shampoo 200ml,22,949.9610598306806,20899.14,14464.49,6434.65,0
2024-11,Kano,Supermarket,Household,Detergent 1kg,42,1306.459938635909,54871.32,34542.93,20328.39,0
2024-11,Kano,Open Market/Kiosk,Household,Detergent 1kg,63,1194.0169616783478,75223.07,53293.39,21929.68,0
2024-11,Kano,Convenience Store,Household,Detergent 1kg,35,814.8010216075909,28518.04,18595.19,9922.85,0
2024-11,Kano,Online,Household,Detergent 1kg,13,1367.205386490105,17773.67,11253.69,6519.98,0
2024-11,Kano,Supermarket,Household,Bleach 500ml,32,1164.6729719068885,37269.54,27576.63,9692.91,0
2024-11,Kano,Open Market/Kiosk,Household,Bleach 500ml,48,569.9918040622487,27359.61,20353.53,7006.08,0
2024-11,Kano,Convenience Store,Household,Bleach 500ml,31,1145.0717725017898,35497.22,21892.78,13604.44,0
2024-11,Kano,Online,Household,Bleach 500ml,16,1372.8370040237846,21965.39,13994.57,7970.82,0
2024-11,Kano,Supermarket,Household,Air Freshener,26,670.4758650906244,17432.37,12760.97,4671.4,0
2024-11,Kano,Open Market/Kiosk,Household,Air Freshener,45,712.4214830367996,32058.97,23954.01,8104.96,0
2024-11,Kano,Convenience Store,Household,Air Freshener,24,416.29126478557004,9990.99,6471.42,3519.57,0
2024-11,Kano,Online,Household,Air Freshener,21,552.8954725501212,11610.8,7191.68,4419.12,0
2024-11,Kano,Supermarket,Dairy,Milk 1L,54,557.0186345822262,30079.01,22142.51,7936.5,0
2024-11,Kano,Open Market/Kiosk,Dairy,Milk 1L,51,646.1048605061133,32951.35,20356.67,12594.68,0
2024-11,Kano,Convenience Store,Dairy,Milk 1L,32,688.1582398404566,22021.06,15109.92,6911.14,0
2024-11,Kano,Online,Dairy,Milk 1L,18,409.97100413851115,7379.48,4739.73,2639.75,1
2024-11,Kano,Supermarket,Dairy,Yogurt 200ml,46,615.3011941051924,28303.85,19536.0,8767.85,0
2024-11,Kano,Open Market/Kiosk,Dairy,Yogurt 200ml,33,462.6785315561133,15268.39,10322.15,4946.24,0
2024-11,Kano,Convenience Store,Dairy,Yogurt 200ml,36,282.7756509348983,10179.92,7459.53,2720.39,0
2024-11,Kano,Online,Dairy,Yogurt 200ml,28,658.3233294902867,18433.05,11511.61,6921.44,0
2024-11,Kano,Supermarket,Dairy,Butter 250g,43,869.4522638174046,37386.45,25349.71,12036.74,0
2024-11,Kano,Open Market/Kiosk,Dairy,Butter 250g,35,342.1716907679545,11976.01,8266.57,3709.44,1
2024-11,Kano,Convenience Store,Dairy,Butter 250g,29,561.7711353382163,16291.36,11356.97,4934.39,0
2024-11,Kano,Online,Dairy,Butter 250g,24,415.9772130472994,9983.45,6293.07,3690.38,0
2024-11,Ibadan,Supermarket,Beverages,Cola 50cl,27,158.64006017115003,4283.28,3099.3,1183.98,0
2024-11,Ibadan,Open Market/Kiosk,Beverages,Cola 50cl,44,330.9469979691812,14561.67,9156.28,5405.39,0
2024-11,Ibadan,Convenience Store,Beverages,Cola 50cl,36,277.9129561209348,10004.87,6647.63,3357.24,0
2024-11,Ibadan,Online,Beverages,Cola 50cl,17,282.44279475818473,4801.53,3421.2,1380.33,0
2024-11,Ibadan,Supermarket,Beverages,Malt Drink 33cl,38,214.73927030995617,8160.09,5994.79,2165.3,0
2024-11,Ibadan,Open Market/Kiosk,Beverages,Malt Drink 33cl,59,252.8704322305833,14919.36,9286.0,5633.36,0
2024-11,Ibadan,Convenience Store,Beverages,Malt Drink 33cl,26,294.2175217395584,7649.66,4946.39,2703.27,0
2024-11,Ibadan,Online,Beverages,Malt Drink 33cl,22,168.55075853157734,3708.12,2272.98,1435.14,0
2024-11,Ibadan,Supermarket,Beverages,Bottled Water 75cl,40,210.50052313378012,8420.02,5214.03,3205.99,0
2024-11,Ibadan,Open Market/Kiosk,Beverages,Bottled Water 75cl,40,298.22155940377695,11928.86,8373.41,3555.45,0
2024-11,Ibadan,Convenience Store,Beverages,Bottled Water 75cl,22,329.18506300770764,7242.07,4368.72,2873.35,0
2024-11,Ibadan,Online,Beverages,Bottled Water 75cl,18,222.45785552840525,4004.24,2895.63,1108.61,0
2024-11,Ibadan,Supermarket,Snacks,Biscuit Pack,48,209.8456021707601,10072.59,6682.98,3389.61,0
2024-11,Ibadan,Open Market/Kiosk,Snacks,Biscuit Pack,26,296.28620077130347,7703.44,4873.03,2830.41,0
2024-11,Ibadan,Convenience Store,Snacks,Biscuit Pack,25,149.79999808260098,3745.0,2522.47,1222.53,0
2024-11,Ibadan,Online,Snacks,Biscuit Pack,17,121.45562073436471,2064.75,1389.98,674.77,0
2024-11,Ibadan,Supermarket,Snacks,Chips 45g,27,159.7075898299082,4312.1,2936.83,1375.27,0
2024-11,Ibadan,Open Market/Kiosk,Snacks,Chips 45g,62,262.1916983539244,16255.89,9920.44,6335.45,0
2024-11,Ibadan,Convenience Store,Snacks,Chips 45g,29,302.05721305540044,8759.66,6084.29,2675.37,0
2024-11,Ibadan,Online,Snacks,Chips 45g,17,250.2244057803696,4253.81,2575.92,1677.89,0
2024-11,Ibadan,Supermarket,Snacks,Chocolate Bar,36,312.5881306156938,11253.17,7019.85,4233.32,0
2024-11,Ibadan,Open Market/Kiosk,Snacks,Chocolate Bar,38,310.7560152737309,11808.73,7675.94,4132.79,0
2024-11,Ibadan,Convenience Store,Snacks,Chocolate Bar,23,106.95282510910351,2459.91,1555.42,904.49,0
2024-11,Ibadan,Online,Snacks,Chocolate Bar,16,366.7123497801193,5867.4,4036.57,1830.83,0
2024-11,Ibadan,Supermarket,Personal Care,Soap Bar,35,599.7100074078653,20989.85,13206.79,7783.06,0
2024-11,Ibadan,Open Market/Kiosk,Personal Care,Soap Bar,60,967.9494243901139,58076.97,35223.09,22853.88,0
2024-11,Ibadan,Convenience Store,Personal Care,Soap Bar,47,909.9632070901957,42768.27,31734.33,11033.94,0
2024-11,Ibadan,Online,Personal Care,Soap Bar,18,598.8523136442998,10779.34,7527.07,3252.27,0
2024-11,Ibadan,Supermarket,Personal Care,Toothpaste 100g,51,703.7510824668645,35891.31,26840.97,9050.34,0
2024-11,Ibadan,Open Market/Kiosk,Personal Care,Toothpaste 100g,41,1125.2789874300006,46136.44,31292.62,14843.82,0
2024-11,Ibadan,Convenience Store,Personal Care,Toothpaste 100g,24,602.4005014868476,14457.61,10219.34,4238.27,1
2024-11,Ibadan,Online,Personal Care,Toothpaste 100g,13,495.66431976821656,6443.64,4657.45,1786.19,0
2024-11,Ibadan,Supermarket,Personal Care,Shampoo 200ml,30,420.6965409939498,12620.9,9183.33,3437.57,1
2024-11,Ibadan,Open Market/Kiosk,Personal Care,Shampoo 200ml,28,535.616919048801,14997.27,10128.7,4868.57,0
2024-11,Ibadan,Convenience Store,Personal Care,Shampoo 200ml,22,639.7929192778929,14075.44,9957.39,4118.05,0
2024-11,Ibadan,Online,Personal Care,Shampoo 200ml,24,783.0806148001348,18793.93,12226.94,6566.99,0
2024-11,Ibadan,Supermarket,Household,Detergent 1kg,54,1399.517418661739,75573.94,54713.66,20860.28,0
2024-11,Ibadan,Open Market/Kiosk,Household,Detergent 1kg,71,734.2384637624358,52130.93,37084.08,15046.85,0
2024-11,Ibadan,Convenience Store,Household,Detergent 1kg,27,711.4662870839494,19209.59,12345.59,6864.0,0
2024-11,Ibadan,Online,Household,Detergent 1kg,12,1317.9185872663784,15815.02,11786.92,4028.1,0
2024-11,Ibadan,Supermarket,Household,Bleach 500ml,29,1053.6553377653686,30556.0,22247.0,8309.0,1
2024-11,Ibadan,Open Market/Kiosk,Household,Bleach 500ml,52,1040.1706938455468,54088.88,36524.46,17564.42,1
2024-11,Ibadan,Convenience Store,Household,Bleach 500ml,21,771.480904328145,16201.1,11947.33,4253.77,0
2024-11,Ibadan,Online,Household,Bleach 500ml,17,1023.6522748936682,17402.09,11280.22,6121.87,0
2024-11,Ibadan,Supermarket,Household,Air Freshener,37,1470.7634417635154,54418.25,39642.15,14776.1,0
2024-11,Ibadan,Open Market/Kiosk,Household,Air Freshener,76,1268.7420898255712,96424.4,58983.46,37440.94,0
2024-11,Ibadan,Convenience Store,Household,Air Freshener,32,1296.2889392482482,41481.25,28665.75,12815.5,0
2024-11,Ibadan,Online,Household,Air Freshener,21,730.021795225992,15330.46,10615.32,4715.14,0
2024-11,Ibadan,Supermarket,Dairy,Milk 1L,60,865.829498817537,51949.77,34412.14,17537.63,0
2024-11,Ibadan,Open Market/Kiosk,Dairy,Milk 1L,35,655.5345248786998,22943.71,15930.58,7013.13,0
2024-11,Ibadan,Convenience Store,Dairy,Milk 1L,48,354.88901992033976,17034.67,11053.76,5980.91,0
2024-11,Ibadan,Online,Dairy,Milk 1L,14,622.0109740448409,8708.15,5370.76,3337.39,0
2024-11,Ibadan,Supermarket,Dairy,Yogurt 200ml,39,738.2457786003749,28791.59,17994.03,10797.56,0
2024-11,Ibadan,Open Market/Kiosk,Dairy,Yogurt 200ml,39,464.0553945869992,18098.16,12184.63,5913.53,1
2024-11,Ibadan,Convenience Store,Dairy,Yogurt 200ml,25,856.511829476749,21412.8,14218.0,7194.8,0
2024-11,Ibadan,Online,Dairy,Yogurt 200ml,14,408.7508387906537,5722.51,4028.83,1693.68,0
2024-11,Ibadan,Supermarket,Dairy,Butter 250g,33,722.344980453992,23837.38,15163.77,8673.61,0
2024-11,Ibadan,Open Market/Kiosk,Dairy,Butter 250g,62,544.9476654984649,33786.76,24462.92,9323.84,0
2024-11,Ibadan,Convenience Store,Dairy,Butter 250g,29,405.62068718676744,11763.0,7725.05,4037.95,0
2024-11,Ibadan,Online,Dairy,Butter 250g,14,297.8578808462894,4170.01,2904.17,1265.84,0
2024-12,Lagos,Supermarket,Beverages,Cola 50cl,53,178.0137014658523,9434.73,6242.69,3192.04,0
2024-12,Lagos,Open Market/Kiosk,Beverages,Cola 50cl,67,239.65824884097282,16057.1,11748.01,4309.09,0
2024-12,Lagos,Convenience Store,Beverages,Cola 50cl,44,191.29320042768606,8416.9,6003.38,2413.52,0
2024-12,Lagos,Online,Beverages,Cola 50cl,40,173.736100105737,6949.44,5002.4,1947.04,0
2024-12,Lagos,Supermarket,Beverages,Malt Drink 33cl,61,279.6493645092164,17058.61,10328.89,6729.72,0
2024-12,Lagos,Open Market/Kiosk,Beverages,Malt Drink 33cl,75,285.1067286096942,21383.0,12917.07,8465.93,0
2024-12,Lagos,Convenience Store,Beverages,Malt Drink 33cl,42,170.27878772544145,7151.71,5053.82,2097.89,0
2024-12,Lagos,Online,Beverages,Malt Drink 33cl,35,306.9174964062456,10742.11,7108.27,3633.84,0
2024-12,Lagos,Supermarket,Beverages,Bottled Water 75cl,52,323.2904343452504,16811.1,11126.74,5684.36,0
2024-12,Lagos,Open Market/Kiosk,Beverages,Bottled Water 75cl,73,290.6015635474286,21213.91,14928.58,6285.33,0
2024-12,Lagos,Convenience Store,Beverages,Bottled Water 75cl,57,327.8460932070898,18687.23,11404.31,7282.92,0
2024-12,Lagos,Online,Beverages,Bottled Water 75cl,30,173.60401509045437,5208.12,3326.94,1881.18,0
2024-12,Lagos,Supermarket,Snacks,Biscuit Pack,41,300.74895703351353,12330.71,8011.06,4319.65,0
2024-12,Lagos,Open Market/Kiosk,Snacks,Biscuit Pack,59,306.527362418684,18085.11,11472.98,6612.13,0
2024-12,Lagos,Convenience Store,Snacks,Biscuit Pack,16,191.26083029143933,3060.17,1901.01,1159.16,0
2024-12,Lagos,Online,Snacks,Biscuit Pack,25,198.71782423036223,4967.95,3396.18,1571.77,0
2024-12,Lagos,Supermarket,Snacks,Chips 45g,54,170.7830570203995,9222.29,5616.64,3605.65,1
2024-12,Lagos,Open Market/Kiosk,Snacks,Chips 45g,97,141.5350440654637,13728.9,8299.33,5429.57,0
2024-12,Lagos,Convenience Store,Snacks,Chips 45g,55,366.18199649276767,20140.01,14723.59,5416.42,0
2024-12,Lagos,Online,Snacks,Chips 45g,22,304.55488356164915,6700.21,4125.92,2574.29,0
2024-12,Lagos,Supermarket,Snacks,Chocolate Bar,77,306.88098586088864,23629.84,17240.77,6389.07,0
2024-12,Lagos,Open Market/Kiosk,Snacks,Chocolate Bar,75,296.4719224623208,22235.39,13839.36,8396.03,0
2024-12,Lagos,Convenience Store,Snacks,Chocolate Bar,60,202.42289697467743,12145.37,8032.29,4113.08,0
2024-12,Lagos,Online,Snacks,Chocolate Bar,29,227.84939737354546,6607.63,4258.63,2349.0,0
2024-12,Lagos,Supermarket,Personal Care,Soap Bar,89,1102.1057522499084,98087.41,62015.96,36071.45,0
2024-12,Lagos,Open Market/Kiosk,Personal Care,Soap Bar,104,710.9328559945965,73937.02,45793.03,28143.99,0
2024-12,Lagos,Convenience Store,Personal Care,Soap Bar,67,870.9010232933243,58350.37,43027.62,15322.75,0
2024-12,Lagos,Online,Personal Care,Soap Bar,18,854.901729156715,15388.23,10594.36,4793.87,0
2024-12,Lagos,Supermarket,Personal Care,Toothpaste 100g,52,1192.551511958609,62012.68,39914.29,22098.39,0
2024-12,Lagos,Open Market/Kiosk,Personal Care,Toothpaste 100g,83,881.8275909860153,73191.69,49138.15,24053.54,0
2024-12,Lagos,Convenience Store,Personal Care,Toothpaste 100g,55,312.8064338756528,17204.35,11950.99,5253.36,1
2024-12,Lagos,Online,Personal Care,Toothpaste 100g,26,365.1311511795693,9493.41,5860.38,3633.03,0
2024-12,Lagos,Supermarket,Personal Care,Shampoo 200ml,52,849.7686117737571,44187.97,30041.33,14146.64,1
2024-12,Lagos,Open Market/Kiosk,Personal Care,Shampoo 200ml,86,914.3591249071269,78634.88,53082.84,25552.04,0
2024-12,Lagos,Convenience Store,Personal Care,Shampoo 200ml,71,694.0111086570671,49274.79,33025.97,16248.82,0
2024-12,Lagos,Online,Personal Care,Shampoo 200ml,31,398.0041574040546,12338.13,8175.6,4162.53,0
2024-12,Lagos,Supermarket,Household,Detergent 1kg,62,1466.8595729266954,90945.29,61857.91,29087.38,0
2024-12,Lagos,Open Market/Kiosk,Household,Detergent 1kg,125,596.0402607568255,74505.03,46656.29,27848.74,0
2024-12,Lagos,Convenience Store,Household,Detergent 1kg,43,1111.219029055997,47782.42,31300.85,16481.57,0
2024-12,Lagos,Online,Household,Detergent 1kg,22,559.9483413614228,12318.86,8379.18,3939.68,0
2024-12,Lagos,Supermarket,Household,Bleach 500ml,76,417.6355788686332,31740.3,21448.74,10291.56,0
2024-12,Lagos,Open Market/Kiosk,Household,Bleach 500ml,69,555.8430768249619,38353.17,24798.09,13555.08,0
2024-12,Lagos,Convenience Store,Household,Bleach 500ml,45,407.4759132211657,18336.42,13020.66,5315.76,0
2024-12,Lagos,Online,Household,Bleach 500ml,26,1326.2745414862604,34483.14,20758.73,13724.41,0
2024-12,Lagos,Supermarket,Household,Air Freshener,60,1085.354450088014,65121.27,46964.67,18156.6,0
2024-12,Lagos,Open Market/Kiosk,Household,Air Freshener,66,953.3932750210587,62923.96,43146.97,19776.99,0
2024-12,Lagos,Convenience Store,Household,Air Freshener,46,1025.584750476543,47176.9,31685.79,15491.11,0
2024-12,Lagos,Online,Household,Air Freshener,39,963.7580410946391,37586.56,26904.53,10682.03,0
2024-12,Lagos,Supermarket,Dairy,Milk 1L,54,457.5986162656093,24710.33,14941.45,9768.88,0
2024-12,Lagos,Open Market/Kiosk,Dairy,Milk 1L,52,896.1889288280771,46601.82,29949.4,16652.42,0
2024-12,Lagos,Convenience Store,Dairy,Milk 1L,39,591.1121584982127,23053.37,14246.41,8806.96,0
2024-12,Lagos,Online,Dairy,Milk 1L,34,252.01372377581907,8568.47,5481.91,3086.56,0
2024-12,Lagos,Supermarket,Dairy,Yogurt 200ml,69,891.4665798767552,61511.19,40170.32,21340.87,0
2024-12,Lagos,Open Market/Kiosk,Dairy,Yogurt 200ml,97,502.6855450553993,48760.5,35319.83,13440.67,0
2024-12,Lagos,Convenience Store,Dairy,Yogurt 200ml,50,896.5081470287258,44825.41,32949.59,11875.82,0
2024-12,Lagos,Online,Dairy,Yogurt 200ml,40,857.9898604881371,34319.59,23985.2,10334.39,0
2024-12,Lagos,Supermarket,Dairy,Butter 250g,87,786.5181288691997,68427.08,43670.54,24756.54,0
2024-12,Lagos,Open Market/Kiosk,Dairy,Butter 250g,63,613.0450161526678,38621.84,26353.44,12268.4,0
2024-12,Lagos,Convenience Store,Dairy,Butter 250g,46,665.0285918319241,30591.32,20118.46,10472.86,0
2024-12,Lagos,Online,Dairy,Butter 250g,45,392.9805026706255,17684.12,12928.82,4755.3,1
2024-12,Abuja,Supermarket,Beverages,Cola 50cl,68,303.9816598359746,20670.75,14212.78,6457.97,0
2024-12,Abuja,Open Market/Kiosk,Beverages,Cola 50cl,92,151.16414202018052,13907.1,10381.46,3525.64,0
2024-12,Abuja,Convenience Store,Beverages,Cola 50cl,45,170.03708086649402,7651.67,5301.96,2349.71,0
2024-12,Abuja,Online,Beverages,Cola 50cl,30,347.4127608469749,10422.38,6807.23,3615.15,0
2024-12,Abuja,Supermarket,Beverages,Malt Drink 33cl,51,284.23247066152,14495.86,10289.54,4206.32,0
2024-12,Abuja,Open Market/Kiosk,Beverages,Malt Drink 33cl,65,236.29672725507587,15359.29,10155.2,5204.09,0
2024-12,Abuja,Convenience Store,Beverages,Malt Drink 33cl,33,211.539590377448,6980.81,4310.93,2669.88,0
2024-12,Abuja,Online,Beverages,Malt Drink 33cl,17,242.98424447903844,4130.73,2923.47,1207.26,0
2024-12,Abuja,Supermarket,Beverages,Bottled Water 75cl,72,242.09289247572616,17430.69,11408.49,6022.2,1
2024-12,Abuja,Open Market/Kiosk,Beverages,Bottled Water 75cl,63,185.93145912052847,11713.68,7684.49,4029.19,0
2024-12,Abuja,Convenience Store,Beverages,Bottled Water 75cl,29,218.54363580537978,6337.77,4722.5,1615.27,0
2024-12,Abuja,Online,Beverages,Bottled Water 75cl,28,167.93372135282326,4702.14,3115.48,1586.66,0
2024-12,Abuja,Supermarket,Snacks,Biscuit Pack,73,150.0461007748022,10953.37,7496.82,3456.55,0
2024-12,Abuja,Open Market/Kiosk,Snacks,Biscuit Pack,51,207.10559322656235,10562.39,7829.68,2732.71,1
2024-12,Abuja,Convenience Store,Snacks,Biscuit Pack,48,341.9357703086205,16412.92,10235.87,6177.05,0
2024-12,Abuja,Online,Snacks,Biscuit Pack,28,141.3058395159825,3956.56,2430.72,1525.84,0
2024-12,Abuja,Supermarket,Snacks,Chips 45g,72,153.43229678753067,11047.13,7744.77,3302.36,0
2024-12,Abuja,Open Market/Kiosk,Snacks,Chips 45g,67,128.95976665356815,8640.3,5975.36,2664.94,0
2024-12,Abuja,Convenience Store,Snacks,Chips 45g,42,284.11772381919275,11932.94,7929.88,4003.06,0
2024-12,Abuja,Online,Snacks,Chips 45g,30,137.29579227869516,4118.87,3033.12,1085.75,0
2024-12,Abuja,Supermarket,Snacks,Chocolate Bar,67,316.3523175505402,21195.61,13167.47,8028.14,0
2024-12,Abuja,Open Market/Kiosk,Snacks,Chocolate Bar,74,359.63670002169107,26613.12,19364.73,7248.39,0
2024-12,Abuja,Convenience Store,Snacks,Chocolate Bar,33,150.71907046090004,4973.73,3341.84,1631.89,0
2024-12,Abuja,Online,Snacks,Chocolate Bar,29,183.58089260845935,5323.85,3695.93,1627.92,0
2024-12,Abuja,Supermarket,Personal Care,Soap Bar,70,917.9916474307502,64259.42,38703.05,25556.37,0
2024-12,Abuja,Open Market/Kiosk,Personal Care,Soap Bar,39,971.621266734176,37893.23,26919.42,10973.81,0
2024-12,Abuja,Convenience Store,Personal Care,Soap Bar,37,765.5468607897731,28325.23,20514.31,7810.92,0
2024-12,Abuja,Online,Personal Care,Soap Bar,32,699.6186122306016,22387.8,13485.86,8901.94,0
2024-12,Abuja,Supermarket,Personal Care,Toothpaste 100g,41,873.2800569651505,35804.48,24877.2,10927.28,0
2024-12,Abuja,Open Market/Kiosk,Personal Care,Toothpaste 100g,68,1022.9603675830538,69561.3,48493.61,21067.69,0
2024-12,Abuja,Convenience Store,Personal Care,Toothpaste 100g,28,838.9048070795282,23489.33,16964.41,6524.92,0
2024-12,Abuja,Online,Personal Care,Toothpaste 100g,16,737.9225055214058,11806.76,7310.03,4496.73,0
2024-12,Abuja,Supermarket,Personal Care,Shampoo 200ml,34,751.5376774303033,25552.28,18556.4,6995.88,0
2024-12,Abuja,Open Market/Kiosk,Personal Care,Shampoo 200ml,77,982.0475736904298,75617.66,48991.34,26626.32,0
2024-12,Abuja,Convenience Store,Personal Care,Shampoo 200ml,33,458.92107524051755,15144.4,9845.65,5298.75,0
2024-12,Abuja,Online,Personal Care,Shampoo 200ml,20,314.2475548077845,6284.95,3799.29,2485.66,0
2024-12,Abuja,Supermarket,Household,Detergent 1kg,46,1043.9717113115871,48022.7,31933.01,16089.69,0
2024-12,Abuja,Open Market/Kiosk,Household,Detergent 1kg,69,477.2208960137468,32928.24,22526.93,10401.31,0
2024-12,Abuja,Convenience Store,Household,Detergent 1kg,39,1346.6404486503573,52518.98,33091.09,19427.89,0
2024-12,Abuja,Online,Household,Detergent 1kg,34,616.7374702758301,20969.07,13004.89,7964.18,0
2024-12,Abuja,Supermarket,Household,Bleach 500ml,45,475.6513261137839,21404.31,13420.0,7984.31,0
2024-12,Abuja,Open Market/Kiosk,Household,Bleach 500ml,70,416.2933467767302,29140.53,18443.15,10697.38,0
2024-12,Abuja,Convenience Store,Household,Bleach 500ml,30,536.5850262400719,16097.55,9929.56,6167.99,0
2024-12,Abuja,Online,Household,Bleach 500ml,21,447.4105879041643,9395.62,5675.08,3720.54,0
2024-12,Abuja,Supermarket,Household,Air Freshener,43,1068.7626533947778,45956.79,32359.93,13596.86,0
2024-12,Abuja,Open Market/Kiosk,Household,Air Freshener,76,952.7502695202337,72409.02,48224.83,24184.19,0
2024-12,Abuja,Convenience Store,Household,Air Freshener,31,1115.2178505375823,34571.75,23966.84,10604.91,0
2024-12,Abuja,Online,Household,Air Freshener,21,1339.537846381463,28130.29,17859.94,10270.35,0
2024-12,Abuja,Supermarket,Dairy,Milk 1L,74,396.8076758236963,29363.77,18444.35,10919.42,0
2024-12,Abuja,Open Market/Kiosk,Dairy,Milk 1L,44,507.13346156731967,22313.87,15015.58,7298.29,1
2024-12,Abuja,Convenience Store,Dairy,Milk 1L,35,748.8810106129309,26210.84,16113.61,10097.23,0
2024-12,Abuja,Online,Dairy,Milk 1L,31,701.0529279669558,21732.64,14284.33,7448.31,0
2024-12,Abuja,Supermarket,Dairy,Yogurt 200ml,49,874.3370035717417,42842.51,26291.16,16551.35,0
2024-12,Abuja,Open Market/Kiosk,Dairy,Yogurt 200ml,80,698.8967315564007,55911.74,35293.84,20617.9,0
2024-12,Abuja,Convenience Store,Dairy,Yogurt 200ml,36,442.3308839048267,15923.91,10383.77,5540.14,0
2024-12,Abuja,Online,Dairy,Yogurt 200ml,30,515.8859978532065,15476.58,9537.87,5938.71,0
2024-12,Abuja,Supermarket,Dairy,Butter 250g,55,427.03883126818164,23487.14,16184.97,7302.17,0
2024-12,Abuja,Open Market/Kiosk,Dairy,Butter 250g,44,707.557799012662,31132.54,19020.83,12111.71,0
2024-12,Abuja,Convenience Store,Dairy,Butter 250g,38,300.3966178454094,11415.07,8556.03,2859.04,0
2024-12,Abuja,Online,Dairy,Butter 250g,24,678.6467111122845,16287.52,11209.84,5077.68,0
2024-12,Port Harcourt,Supermarket,Beverages,Cola 50cl,51,333.749386959925,17021.22,12380.36,4640.86,0
2024-12,Port Harcourt,Open Market/Kiosk,Beverages,Cola 50cl,70,268.2987054339951,18780.91,13519.42,5261.49,0
2024-12,Port Harcourt,Convenience Store,Beverages,Cola 50cl,34,213.8661614323782,7271.45,4585.08,2686.37,0
2024-12,Port Harcourt,Online,Beverages,Cola 50cl,27,239.34036758884005,6462.19,4406.64,2055.55,0
2024-12,Port Harcourt,Supermarket,Beverages,Malt Drink 33cl,43,151.4087107037615,6510.57,4694.62,1815.95,1
2024-12,Port Harcourt,Open Market/Kiosk,Beverages,Malt Drink 33cl,50,255.1489210237088,12757.45,8590.06,4167.39,0
2024-12,Port Harcourt,Convenience Store,Beverages,Malt Drink 33cl,33,321.753570272802,10617.87,7531.61,3086.26,0
2024-12,Port Harcourt,Online,Beverages,Malt Drink 33cl,13,228.17033612650192,2966.21,2007.6,958.61,0
2024-12,Port Harcourt,Supermarket,Beverages,Bottled Water 75cl,39,340.12530948254016,13264.89,8957.56,4307.33,0
2024-12,Port Harcourt,Open Market/Kiosk,Beverages,Bottled Water 75cl,45,170.1853950056969,7658.34,5635.08,2023.26,0
2024-12,Port Harcourt,Convenience Store,Beverages,Bottled Water 75cl,39,150.59339191992677,5873.14,4219.63,1653.51,0
2024-12,Port Harcourt,Online,Beverages,Bottled Water 75cl,24,202.7556063114603,4866.13,3165.5,1700.63,0
2024-12,Port Harcourt,Supermarket,Snacks,Biscuit Pack,61,299.7246166958305,18283.2,11149.75,7133.45,0
2024-12,Port Harcourt,Open Market/Kiosk,Snacks,Biscuit Pack,55,242.02800262493832,13311.54,7993.33,5318.21,0
2024-12,Port Harcourt,Convenience Store,Snacks,Biscuit Pack,38,123.61902953262174,4697.52,3376.13,1321.39,0
2024-12,Port Harcourt,Online,Snacks,Biscuit Pack,25,155.5965131653535,3889.91,2341.04,1548.87,0
2024-12,Port Harcourt,Supermarket,Snacks,Chips 45g,53,321.9502376040375,17063.36,11766.27,5297.09,0
2024-12,Port Harcourt,Open Market/Kiosk,Snacks,Chips 45g,62,226.6318143329704,14051.17,10052.67,3998.5,1
2024-12,Port Harcourt,Convenience Store,Snacks,Chips 45g,29,110.36493438450695,3200.58,2377.95,822.63,0
2024-12,Port Harcourt,Online,Snacks,Chips 45g,20,138.84585867011867,2776.92,2075.0,701.92,0
2024-12,Port Harcourt,Supermarket,Snacks,Chocolate Bar,37,198.23237003544955,7334.6,4434.68,2899.92,0
2024-12,Port Harcourt,Open Market/Kiosk,Snacks,Chocolate Bar,57,343.8688111548829,19600.52,12057.68,7542.84,0
2024-12,Port Harcourt,Convenience Store,Snacks,Chocolate Bar,47,101.6750592033967,4778.73,3014.1,1764.63,0
2024-12,Port Harcourt,Online,Snacks,Chocolate Bar,26,202.24660665590355,5258.41,3580.85,1677.56,0
2024-12,Port Harcourt,Supermarket,Personal Care,Soap Bar,43,1170.708708645549,50340.47,30525.56,19814.91,0
2024-12,Port Harcourt,Open Market/Kiosk,Personal Care,Soap Bar,63,354.59367404491013,22339.4,15734.49,6604.91,0
2024-12,Port Harcourt,Convenience Store,Personal Care,Soap Bar,45,834.511038294997,37553.0,25286.49,12266.51,0
2024-12,Port Harcourt,Online,Personal Care,Soap Bar,15,1116.576554574292,16748.65,11557.84,5190.81,0
2024-12,Port Harcourt,Supermarket,Personal Care,Toothpaste 100g,47,809.0465766864213,38025.19,24038.82,13986.37,0
2024-12,Port Harcourt,Open Market/Kiosk,Personal Care,Toothpaste 100g,68,1097.380786167323,74621.89,50047.14,24574.75,0
2024-12,Port Harcourt,Convenience Store,Personal Care,Toothpaste 100g,23,602.0623360612698,13847.43,9746.96,4100.47,0
2024-12,Port Harcourt,Online,Personal Care,Toothpaste 100g,33,396.4183338607856,13081.81,8551.95,4529.86,0
2024-12,Port Harcourt,Supermarket,Personal Care,Shampoo 200ml,53,1192.2011708023613,63186.66,41145.37,22041.29,0
2024-12,Port Harcourt,Open Market/Kiosk,Personal Care,Shampoo 200ml,65,1000.8760118588635,65056.94,46274.23,18782.71,0
2024-12,Port Harcourt,Convenience Store,Personal Care,Shampoo 200ml,55,606.9923973496547,33384.58,23170.09,10214.49,1
2024-12,Port Harcourt,Online,Personal Care,Shampoo 200ml,19,953.1151985075045,18109.19,12135.26,5973.93,0
2024-12,Port Harcourt,Supermarket,Household,Detergent 1kg,66,563.8954917280564,37217.1,23623.0,13594.1,0
2024-12,Port Harcourt,Open Market/Kiosk,Household,Detergent 1kg,59,407.7108817414008,24054.94,17945.66,6109.28,0
2024-12,Port Harcourt,Convenience Store,Household,Detergent 1kg,33,527.0384650455263,17392.27,11918.1,5474.17,0
2024-12,Port Harcourt,Online,Household,Detergent 1kg,18,426.9100272309799,7684.38,5574.07,2110.31,0
2024-12,Port Harcourt,Supermarket,Household,Bleach 500ml,42,1209.0569873675777,50780.39,36206.64,14573.75,0
2024-12,Port Harcourt,Open Market/Kiosk,Household,Bleach 500ml,72,1198.5636423247474,86296.58,53919.2,32377.38,0
2024-12,Port Harcourt,Convenience Store,Household,Bleach 500ml,33,811.5503631118854,26781.16,16682.66,10098.5,0
2024-12,Port Harcourt,Online,Household,Bleach 500ml,31,416.87320736009013,12923.07,8464.01,4459.06,0
2024-12,Port Harcourt,Supermarket,Household,Air Freshener,30,982.8086488551727,29484.26,21002.03,8482.23,0
2024-12,Port Harcourt,Open Market/Kiosk,Household,Air Freshener,73,1396.3240913354944,101931.66,76332.83,25598.83,0
2024-12,Port Harcourt,Convenience Store,Household,Air Freshener,24,1408.2516019008349,33798.04,20301.18,13496.86,0
2024-12,Port Harcourt,Online,Household,Air Freshener,32,900.9765926555781,28831.25,18886.6,9944.65,0
2024-12,Port Harcourt,Supermarket,Dairy,Milk 1L,81,458.66240163118493,37151.65,23978.54,13173.11,0
2024-12,Port Harcourt,Open Market/Kiosk,Dairy,Milk 1L,93,617.3615966145286,57414.63,34464.88,22949.75,1
2024-12,Port Harcourt,Convenience Store,Dairy,Milk 1L,31,583.5376460349564,18089.67,11555.22,6534.45,0
2024-12,Port Harcourt,Online,Dairy,Milk 1L,16,630.4346296940081,10086.95,7146.54,2940.41,0
2024-12,Port Harcourt,Supermarket,Dairy,Yogurt 200ml,57,667.6735066962833,38057.39,27313.52,10743.87,0
2024-12,Port Harcourt,Open Market/Kiosk,Dairy,Yogurt 200ml,54,351.1738070574664,18963.39,13027.26,5936.13,0
2024-12,Port Harcourt,Convenience Store,Dairy,Yogurt 200ml,30,710.8729068617515,21326.19,13657.2,7668.99,0
2024-12,Port Harcourt,Online,Dairy,Yogurt 200ml,17,297.63730050263365,5059.83,3044.65,2015.18,1
2024-12,Port Harcourt,Supermarket,Dairy,Butter 250g,41,538.6413083737536,22084.29,15076.74,7007.55,0
2024-12,Port Harcourt,Open Market/Kiosk,Dairy,Butter 250g,56,616.8230226126327,34542.09,21090.31,13451.78,0
2024-12,Port Harcourt,Convenience Store,Dairy,Butter 250g,34,735.0600814304493,24992.04,16550.18,8441.86,1
2024-12,Port Harcourt,Online,Dairy,Butter 250g,18,827.7457284750907,14899.42,9035.5,5863.92,0
2024-12,Kano,Supermarket,Beverages,Cola 50cl,52,186.574087046927,9701.85,6422.94,3278.91,0
2024-12,Kano,Open Market/Kiosk,Beverages,Cola 50cl,63,203.25510798529334,12805.07,8644.64,4160.43,0
2024-12,Kano,Convenience Store,Beverages,Cola 50cl,26,191.74389942525266,4985.34,3110.78,1874.56,0
2024-12,Kano,Online,Beverages,Cola 50cl,23,229.22457599898362,5272.17,3400.18,1871.99,0
2024-12,Kano,Supermarket,Beverages,Malt Drink 33cl,45,261.37535998851047,11761.89,8490.45,3271.44,0
2024-12,Kano,Open Market/Kiosk,Beverages,Malt Drink 33cl,47,242.4772636885371,11396.43,6938.89,4457.54,0
2024-12,Kano,Convenience Store,Beverages,Malt Drink 33cl,29,340.92094055606617,9886.71,6671.12,3215.59,0
2024-12,Kano,Online,Beverages,Malt Drink 33cl,14,322.1589690549821,4510.23,3047.87,1462.36,0
2024-12,Kano,Supermarket,Beverages,Bottled Water 75cl,45,326.96070723726643,14713.23,10964.31,3748.92,0
2024-12,Kano,Open Market/Kiosk,Beverages,Bottled Water 75cl,40,301.4101669113767,12056.41,7870.01,4186.4,0
2024-12,Kano,Convenience Store,Beverages,Bottled Water 75cl,43,281.9893983042483,12125.54,8944.1,3181.44,0
2024-12,Kano,Online,Beverages,Bottled Water 75cl,24,335.538879950367,8052.93,5149.9,2903.03,0
2024-12,Kano,Supermarket,Snacks,Biscuit Pack,48,155.1565829209909,7447.52,5309.17,2138.35,0
2024-12,Kano,Open Market/Kiosk,Snacks,Biscuit Pack,52,186.22281650155497,9683.59,6481.92,3201.67,0
2024-12,Kano,Convenience Store,Snacks,Biscuit Pack,35,205.61835086960605,7196.64,4449.12,2747.52,0
2024-12,Kano,Online,Snacks,Biscuit Pack,17,276.6013767967229,4702.22,2951.7,1750.52,0
2024-12,Kano,Supermarket,Snacks,Chips 45g,59,166.46845522136286,9821.64,6890.07,2931.57,1
2024-12,Kano,Open Market/Kiosk,Snacks,Chips 45g,37,142.66148324709,5278.47,3269.49,2008.98,0
2024-12,Kano,Convenience Store,Snacks,Chips 45g,28,296.6779091586456,8306.98,5292.19,3014.79,1
2024-12,Kano,Online,Snacks,Chips 45g,17,178.41475102877934,3033.05,1830.31,1202.74,0
2024-12,Kano,Supermarket,Snacks,Chocolate Bar,37,148.96305923151428,5511.63,3820.67,1690.96,0
2024-12,Kano,Open Market/Kiosk,Snacks,Chocolate Bar,55,157.91041753375512,8685.07,6136.0,2549.07,0
2024-12,Kano,Convenience Store,Snacks,Chocolate Bar,27,132.00465823549285,3564.13,2667.17,896.96,0
2024-12,Kano,Online,Snacks,Chocolate Bar,21,152.06392033033458,3193.34,2311.56,881.78,0
2024-12,Kano,Supermarket,Personal Care,Soap Bar,34,571.7843499537184,19440.67,14522.22,4918.45,0
2024-12,Kano,Open Market/Kiosk,Personal Care,Soap Bar,56,912.874461348391,51120.97,30810.48,20310.49,0
2024-12,Kano,Convenience Store,Personal Care,Soap Bar,29,463.0215086475529,13427.62,8790.92,4636.7,0
2024-12,Kano,Online,Personal Care,Soap Bar,23,1092.1237243007945,25118.85,18834.76,6284.09,0
2024-12,Kano,Supermarket,Personal Care,Toothpaste 100g,42,334.46198323915434,14047.4,8653.24,5394.16,0
2024-12,Kano,Open Market/Kiosk,Personal Care,Toothpaste 100g,60,740.1192108153559,44407.15,30915.56,13491.59,0
2024-12,Kano,Convenience Store,Personal Care,Toothpaste 100g,25,785.2661287510575,19631.65,13135.46,6496.19,0
2024-12,Kano,Online,Personal Care,Toothpaste 100g,13,489.8361613670431,6367.87,4133.17,2234.7,0
2024-12,Kano,Supermarket,Personal Care,Shampoo 200ml,45,827.9000529079558,37255.5,27553.38,9702.12,0
2024-12,Kano,Open Market/Kiosk,Personal Care,Shampoo 200ml,61,984.6002499139406,60060.62,38241.84,21818.78,0
2024-12,Kano,Convenience Store,Personal Care,Shampoo 200ml,41,603.1108269934423,24727.54,17853.17,6874.37,0
2024-12,Kano,Online,Personal Care,Shampoo 200ml,17,910.9325721397922,15485.85,9785.7,5700.15,0
2024-12,Kano,Supermarket,Household,Detergent 1kg,51,624.500846614727,31849.54,23197.12,8652.42,0
2024-12,Kano,Open Market/Kiosk,Household,Detergent 1kg,63,1310.5616871005236,82565.39,55957.72,26607.67,0
2024-12,Kano,Convenience Store,Household,Detergent 1kg,20,526.9760576417452,10539.52,6574.86,3964.66,0
2024-12,Kano,Online,Household,Detergent 1kg,16,623.078878676586,9969.26,7114.11,2855.15,0
2024-12,Kano,Supermarket,Household,Bleach 500ml,36,550.4558671703741,19816.41,12649.91,7166.5,0
2024-12,Kano,Open Market/Kiosk,Household,Bleach 500ml,36,1412.815858206753,50861.37,34076.22,16785.15,0
2024-12,Kano,Convenience Store,Household,Bleach 500ml,22,684.5008846549031,15059.02,11184.68,3874.34,0
2024-12,Kano,Online,Household,Bleach 500ml,30,888.8025425744715,26664.08,17731.21,8932.87,0
2024-12,Kano,Supermarket,Household,Air Freshener,68,1477.3907369844474,100462.57,63222.82,37239.75,0
2024-12,Kano,Open Market/Kiosk,Household,Air Freshener,66,518.6921114297351,34233.68,24220.01,10013.67,0
2024-12,Kano,Convenience Store,Household,Air Freshener,44,688.0989783655165,30276.36,20824.12,9452.24,0
2024-12,Kano,Online,Household,Air Freshener,17,497.2542146268447,8453.32,6180.39,2272.93,0
2024-12,Kano,Supermarket,Dairy,Milk 1L,53,893.36838810507,47348.52,33727.0,13621.52,0
2024-12,Kano,Open Market/Kiosk,Dairy,Milk 1L,34,834.2465896280078,28364.38,20203.56,8160.82,1
2024-12,Kano,Convenience Store,Dairy,Milk 1L,24,708.1023065085983,16994.46,12167.0,4827.46,0
2024-12,Kano,Online,Dairy,Milk 1L,13,627.7113867726898,8160.25,5180.65,2979.6,1
2024-12,Kano,Supermarket,Dairy,Yogurt 200ml,34,342.86761858281113,11657.5,8175.37,3482.13,0
2024-12,Kano,Open Market/Kiosk,Dairy,Yogurt 200ml,45,469.97019921182107,21148.66,15052.19,6096.47,0
2024-12,Kano,Convenience Store,Dairy,Yogurt 200ml,20,539.6853077559011,10793.71,7754.94,3038.77,0
2024-12,Kano,Online,Dairy,Yogurt 200ml,19,733.5911794351525,13938.23,9230.54,4707.69,0
2024-12,Kano,Supermarket,Dairy,Butter 250g,46,468.5495882833891,21553.28,14954.12,6599.16,0
2024-12,Kano,Open Market/Kiosk,Dairy,Butter 250g,43,307.0412217940252,13202.77,8898.28,4304.49,0
2024-12,Kano,Convenience Store,Dairy,Butter 250g,27,819.5767991842894,22128.57,13385.86,8742.71,0
2024-12,Kano,Online,Dairy,Butter 250g,17,481.48346470154536,8185.22,5293.23,2891.99,0
2024-12,Ibadan,Supermarket,Beverages,Cola 50cl,27,305.0801965298374,8237.17,5161.75,3075.42,0
2024-12,Ibadan,Open Market/Kiosk,Beverages,Cola 50cl,46,199.0094562276812,9154.43,6011.53,3142.9,0
2024-12,Ibadan,Convenience Store,Beverages,Cola 50cl,37,316.1133562657851,11696.19,8092.98,3603.21,0
2024-12,Ibadan,Online,Beverages,Cola 50cl,12,327.56819556307494,3930.82,2499.78,1431.04,0
2024-12,Ibadan,Supermarket,Beverages,Malt Drink 33cl,40,253.75963756899404,10150.39,6830.49,3319.9,0
2024-12,Ibadan,Open Market/Kiosk,Beverages,Malt Drink 33cl,38,278.08255454342924,10567.14,7539.75,3027.39,0
2024-12,Ibadan,Convenience Store,Beverages,Malt Drink 33cl,27,200.01549453114336,5400.42,3825.48,1574.94,0
2024-12,Ibadan,Online,Beverages,Malt Drink 33cl,16,164.90049380363664,2638.41,1647.58,990.83,0
2024-12,Ibadan,Supermarket,Beverages,Bottled Water 75cl,66,182.31779359391817,12032.97,7794.21,4238.76,0
2024-12,Ibadan,Open Market/Kiosk,Beverages,Bottled Water 75cl,36,253.03742155826853,9109.35,6069.37,3039.98,0
2024-12,Ibadan,Convenience Store,Beverages,Bottled Water 75cl,33,170.0275738085937,5610.91,4137.72,1473.19,0
2024-12,Ibadan,Online,Beverages,Bottled Water 75cl,11,176.37035930068492,1940.07,1165.3,774.77,0
2024-12,Ibadan,Supermarket,Snacks,Biscuit Pack,49,291.15102984038975,14266.4,10625.27,3641.13,0
2024-12,Ibadan,Open Market/Kiosk,Snacks,Biscuit Pack,46,306.8795486775749,14116.46,10352.84,3763.62,0
2024-12,Ibadan,Convenience Store,Snacks,Biscuit Pack,30,184.54156693416815,5536.25,3774.17,1762.08,1
2024-12,Ibadan,Online,Snacks,Biscuit Pack,22,181.71728588464129,3997.78,2717.89,1279.89,0
2024-12,Ibadan,Supermarket,Snacks,Chips 45g,36,391.2007678589386,14083.23,9086.76,4996.47,0
2024-12,Ibadan,Open Market/Kiosk,Snacks,Chips 45g,68,269.9521192563327,18356.74,12075.5,6281.24,1
2024-12,Ibadan,Convenience Store,Snacks,Chips 45g,16,219.4687727403773,3511.5,2502.48,1009.02,1
2024-12,Ibadan,Online,Snacks,Chips 45g,14,295.10023856077805,4131.4,2829.69,1301.71,0
2024-12,Ibadan,Supermarket,Snacks,Chocolate Bar,39,321.01519744541474,12519.59,7937.85,4581.74,0
2024-12,Ibadan,Open Market/Kiosk,Snacks,Chocolate Bar,62,275.89329549998115,17105.38,11002.97,6102.41,1
2024-12,Ibadan,Convenience Store,Snacks,Chocolate Bar,21,384.58213919353,8076.22,5719.45,2356.77,0
2024-12,Ibadan,Online,Snacks,Chocolate Bar,19,131.25365162784948,2493.82,1575.97,917.85,0
2024-12,Ibadan,Supermarket,Personal Care,Soap Bar,49,867.6631914303927,42515.5,30594.86,11920.64,0
2024-12,Ibadan,Open Market/Kiosk,Personal Care,Soap Bar,39,1095.7882822607062,42735.74,30749.66,11986.08,0
2024-12,Ibadan,Convenience Store,Personal Care,Soap Bar,31,395.19846349497345,12251.15,7660.53,4590.62,0
2024-12,Ibadan,Online,Personal Care,Soap Bar,26,1060.5155258701561,27573.4,19973.73,7599.67,1
2024-12,Ibadan,Supermarket,Personal Care,Toothpaste 100g,30,422.55380341836553,12676.61,9326.18,3350.43,0
2024-12,Ibadan,Open Market/Kiosk,Personal Care,Toothpaste 100g,69,393.073538492504,27122.07,18635.49,8486.58,0
2024-12,Ibadan,Convenience Store,Personal Care,Toothpaste 100g,17,948.9322402952546,16131.85,10856.42,5275.43,0
2024-12,Ibadan,Online,Personal Care,Toothpaste 100g,19,972.3061217656024,18473.82,11560.51,6913.31,0
2024-12,Ibadan,Supermarket,Personal Care,Shampoo 200ml,18,700.4512039513316,12608.12,8790.76,3817.36,0
2024-12,Ibadan,Open Market/Kiosk,Personal Care,Shampoo 200ml,54,304.46093267329104,16440.89,12120.02,4320.87,0
2024-12,Ibadan,Convenience Store,Personal Care,Shampoo 200ml,30,419.71168566753704,12591.35,7738.88,4852.47,0
2024-12,Ibadan,Online,Personal Care,Shampoo 200ml,24,622.9503856510187,14950.81,11001.02,3949.79,1
2024-12,Ibadan,Supermarket,Household,Detergent 1kg,39,989.0758618309105,38573.96,26355.16,12218.8,0
2024-12,Ibadan,Open Market/Kiosk,Household,Detergent 1kg,37,788.5782935978973,29177.4,21336.67,7840.73,0
2024-12,Ibadan,Convenience Store,Household,Detergent 1kg,31,1206.5567376910387,37403.26,22946.13,14457.13,0
2024-12,Ibadan,Online,Household,Detergent 1kg,18,1496.291454967084,26933.25,20043.41,6889.84,0
2024-12,Ibadan,Supermarket,Household,Bleach 500ml,32,1151.112087483716,36835.59,26861.63,9973.96,0
2024-12,Ibadan,Open Market/Kiosk,Household,Bleach 500ml,38,1242.4227766800732,47212.07,30020.39,17191.68,0
2024-12,Ibadan,Convenience Store,Household,Bleach 500ml,16,796.9240213947762,12750.78,8441.99,4308.79,0
2024-12,Ibadan,Online,Household,Bleach 500ml,18,1178.5484837996182,21213.87,14898.51,6315.36,0
2024-12,Ibadan,Supermarket,Household,Air Freshener,33,539.2779295158966,17796.17,11327.96,6468.21,0
2024-12,Ibadan,Open Market/Kiosk,Household,Air Freshener,41,963.8027102595394,39515.91,27638.36,11877.55,0
2024-12,Ibadan,Convenience Store,Household,Air Freshener,32,1488.9387165920118,47646.04,35133.21,12512.83,0
2024-12,Ibadan,Online,Household,Air Freshener,23,1410.830371643055,32449.1,22099.61,10349.49,1
2024-12,Ibadan,Supermarket,Dairy,Milk 1L,52,568.8525492520371,29580.33,19788.84,9791.49,0
2024-12,Ibadan,Open Market/Kiosk,Dairy,Milk 1L,36,593.2224637213542,21356.01,12953.83,8402.18,0
2024-12,Ibadan,Convenience Store,Dairy,Milk 1L,32,638.3038763764728,20425.72,14669.41,5756.31,1
2024-12,Ibadan,Online,Dairy,Milk 1L,18,305.38288007943356,5496.89,3609.09,1887.8,0
2024-12,Ibadan,Supermarket,Dairy,Yogurt 200ml,41,545.3253662899741,22358.34,15599.77,6758.57,0
2024-12,Ibadan,Open Market/Kiosk,Dairy,Yogurt 200ml,51,709.1661840792426,36167.48,26631.16,9536.32,0
2024-12,Ibadan,Convenience Store,Dairy,Yogurt 200ml,27,743.1913534828457,20066.17,14357.78,5708.39,0
2024-12,Ibadan,Online,Dairy,Yogurt 200ml,18,712.1085377687671,12817.95,9018.31,3799.64,0
2024-12,Ibadan,Supermarket,Dairy,Butter 250g,47,426.43700782298106,20042.54,12032.3,8010.24,1
2024-12,Ibadan,Open Market/Kiosk,Dairy,Butter 250g,50,612.6376576409351,30631.88,20050.26,10581.62,0
2024-12,Ibadan,Convenience Store,Dairy,Butter 250g,35,464.2906320004693,16250.17,11806.11,4444.06,0
2024-12,Ibadan,Online,Dairy,Butter 250g,30,534.747330950953,16042.42,11289.11,4753.31,1
